subject,label,t0,ok_p1,ok_p2,HR,SDNN,RMSSD,DR,RI,AR,log10_Ew,E_ratio,n_beats,notch_rate,p2_HR,p2_SDNN,p2_RMSSD,appg_ba,appg_ca,appg_da,appg_ea,appg_agi,p2_log10_Ew,p2_E_ratio,appg_rate,appg_rate_full,p2_n_beats
2,-1,30.0,True,True,81.50943396226414,138.90057376060633,138.87803777055606,,,,2.8704553269919537,0.4697140809945158,39.0,0.4358974358974359,87.37131866820336,143.44335517459737,86.57538799938791,-0.6939408846822164,0.20052279667439027,-0.30602266427365626,,,2.8704553269919537,0.44361921202728916,0.98,0.48,50.0
2,-1,60.0,True,True,76.97104677060135,102.51241487938188,70.57243619147634,0.3825149014862468,0.6788285425189611,1.398765873233071,2.246652601168234,0.33716409131391095,63.0,0.5714285714285714,83.32383568151516,138.50723745011663,94.59407729436037,-0.8451242257135203,0.26852730155350446,-0.17991819878413762,,,2.246652601168234,0.26427023754151774,0.953125,0.359375,64.0
2,-1,90.0,True,True,74.02692778457772,71.794532417954,62.12847549773303,0.43979817750181915,0.6319466284847561,1.4843275174385167,1.8014474209838727,0.4343783683697748,68.0,0.7352941176470589,81.26523957022033,148.44664760887963,100.3785394859772,-0.9228854785966776,0.3758915430553654,-0.22953132925702932,,,1.8014474209838727,0.3595475121322295,0.9411764705882353,0.20588235294117646,68.0
2,-1,120.0,True,True,73.39568930459536,65.73702774392066,56.44233715731913,0.4561299899837397,0.6259673701496778,1.5133499917202304,2.88591981821773,0.8233242482592871,54.0,0.6666666666666666,73.30867725576138,68.25978185220369,55.99100967109384,-0.9169626226207678,0.347789091310513,-0.23181004496966795,,,2.88591981821773,0.8233242482592871,0.9672131147540983,0.26229508196721313,61.0
2,-1,150.0,True,True,73.98843930635839,78.86667181437875,94.1830277084642,0.3974032801628096,0.6591976893817618,1.4891857324272506,2.9825163628986764,0.5910073783095652,49.0,0.5510204081632653,75.79049462161186,115.88266244018962,62.43659632326313,-0.8722314625181807,0.294566498228068,-0.20417820166862927,,,2.9825163628986764,0.5131896473109139,0.9649122807017544,0.2807017543859649,57.0
2,-1,180.0,True,True,77.74011299435028,159.27647569163696,115.4695991445926,,,,3.0326688150663514,0.4949625986924924,55.0,0.38181818181818183,81.85839196469252,165.87815969439805,82.2984281913102,-0.8590405196114647,0.25545325756273923,-0.21215793185559587,,,3.0326688150663514,0.39027020806735063,0.953125,0.265625,64.0
2,-1,210.0,True,True,75.97122302158273,257.07431336547324,161.8778152908339,,,,2.9144557188352778,0.38981465048787356,49.0,0.24489795918367346,86.48548353581707,173.42129786190657,102.47655351495852,-0.8822376239182029,0.16579371632530102,-0.2717170750506298,,,2.9144557188352778,0.3245361415799896,0.8627450980392157,0.27450980392156865,51.0
2,-1,360.0,True,True,73.57009345794393,142.65973743833825,65.41896929880238,0.2715816383111723,0.8058871270413679,1.257952527341761,2.3716131635990836,0.48884615273066057,52.0,0.5,71.18692539940781,112.1573607826423,70.24359057165192,-0.8405155282765393,0.23760862695812862,-0.21966643681687914,0.13899899097177254,-1.0421538175439002,2.3716131635990836,0.4462236338676225,1.0,0.5892857142857143,56.0
2,-1,390.0,True,True,70.30985915492958,92.8282112105943,62.262807493476366,0.25311301022359656,0.7984222097739851,1.2567756349922543,2.3248022972538123,0.5347615929715746,51.0,0.5098039215686274,71.49015691876487,116.62765941879204,63.77508952804155,-0.8413737478821239,0.23997454327877799,-0.24303172124486133,0.13010848244392303,-1.0409308523053185,2.3248022972538123,0.44819821121698294,1.0,0.5254237288135594,59.0
2,-1,420.0,True,True,72.02369200394867,84.5816150757323,54.72031578453129,,,,2.742633544297264,0.34634414576815736,47.0,0.40425531914893614,76.17109994964575,144.5875039231109,75.81828225805887,-0.8926802804074656,0.29200423240521034,-0.23520084742664543,,,2.742633544297264,0.27813379237812585,1.0,0.3387096774193548,62.0
2,-1,450.0,True,True,74.38877755511022,137.07153420018545,111.58481919598204,,,,3.1215227453195884,0.4196620306188295,42.0,0.23809523809523808,77.41588532542266,175.8791357587639,62.93063525849672,-0.8618462688153647,0.25600610413495206,-0.21752792303487847,,,3.1215227453195884,0.4321081595182265,0.9655172413793104,0.3793103448275862,58.0
2,-1,480.0,True,True,69.00437105390967,185.58104459555045,123.30887285593037,,,,2.551138427080065,0.33232243682228607,49.0,0.3673469387755102,74.83301541767739,111.7548746394007,72.71364655538976,-0.8040817598909323,0.20181703952412186,-0.22349836848586063,0.1929200403030032,-0.9441571810524654,2.551138427080065,0.25910133896538823,0.95,0.5833333333333334,60.0
2,-1,510.0,True,True,72.55060728744938,103.68122818486518,91.39715002046151,0.258859719209518,0.8064225734058095,1.253764686119968,1.943499264042715,0.23856688478557986,61.0,0.5409836065573771,74.31024385238578,101.35841965850814,56.301076314291386,-0.8621132495959151,0.22386598469845737,-0.22349836848586063,,,1.943499264042715,0.217361449007218,0.967741935483871,0.46774193548387094,62.0
2,-1,540.0,True,True,72.6075022872827,90.58457437767076,65.18361380570987,,,,1.7051518065339264,0.3202009689081004,66.0,0.4696969696969697,76.31584444276686,114.64083870932943,60.6979210376925,-0.9138910664785926,0.218479676439031,-0.1386808271667239,,,1.7051518065339264,0.2538046976486999,0.9714285714285714,0.44285714285714284,70.0
2,-1,570.0,True,True,71.43288084464555,111.60945541362177,56.64543544843536,,,,2.78049555277861,0.4864988757695296,50.0,0.38,77.2541059373632,161.1913559537359,94.25002032307214,-0.8802291686081949,0.19481314257791166,-0.1549589143468508,0.15816639185402126,-1.0004803640914213,2.78049555277861,0.4704822695069632,1.0,0.5409836065573771,61.0
2,-1,600.0,False,True,,,,,,,,,,,73.67164613729834,181.30589836289613,81.14665144742378,-0.7750665787319581,0.20493333463922345,-0.15730071023898268,,,2.966486833037796,0.5236182391131136,0.9791666666666666,0.4583333333333333,48.0
2,-1,630.0,True,True,69.2411720510894,119.70610227879277,106.78390940972113,0.19382565127823514,0.884623285172267,1.3176082350424827,2.9138362364458033,0.5667962066630159,35.0,0.5714285714285714,74.92414964935999,172.7937929322326,57.69330909251455,-0.7519152827986475,0.17910549007225074,-0.2206369385834563,0.09381687351454954,-0.7393088398364098,2.9138362364458033,0.32853500883964964,0.9629629629629629,0.5370370370370371,54.0
2,-1,660.0,True,True,70.06315789473685,113.10766707417113,102.68312053199152,,,,2.902587349381203,0.32254839059519186,37.0,0.4594594594594595,75.15646675890743,141.4329469316338,61.01488148012474,-0.7642887838771797,0.1917830803018657,-0.20821251354783082,0.09636502726722461,-0.7713217329580095,2.902587349381203,0.22828215388030718,0.9666666666666667,0.5666666666666667,60.0
2,-1,690.0,True,True,69.78086584714056,119.70838430654852,117.63456390449196,0.2574421366141855,0.8324798989192822,1.2543755868851973,2.8212879602924357,0.38129348330115065,44.0,0.5,71.68650338953125,92.57567828433476,68.22987401975963,-0.7827154403230331,0.2391732231504532,-0.15404909020531926,0.1247486554403992,-0.9872711101160174,2.8212879602924357,0.33330425303577144,1.0,0.6666666666666666,60.0
2,-1,720.0,True,True,71.13343799058084,92.9152639457517,70.82972885869378,0.21835556107380122,0.8649078016626016,1.2686418344398276,1.953856314397347,0.3370519117813404,63.0,0.7142857142857143,72.64505214023049,88.07565057870103,65.09315656438015,-0.8386346054778395,0.24215321057409175,-0.1467048584983753,0.1787113056417427,-1.0769554464396522,1.953856314397347,0.3778701353077734,0.9701492537313433,0.5671641791044776,67.0
2,-1,750.0,True,True,72.39819004524887,60.2231977390637,72.53971078628206,0.24951008974923952,0.8243464088291547,1.236445300600108,2.507693451284271,0.7776626753089894,57.0,0.6666666666666666,73.83142721565848,84.82879115744022,49.86717239246892,-0.8115951469088689,0.25573929638383264,-0.22210490360065238,,,2.507693451284271,0.6724098582582478,0.967741935483871,0.4838709677419355,62.0
2,-1,780.0,True,True,72.81121187139324,92.72792294253505,97.75249617641961,,,,2.8086596673928566,0.3555941971019926,54.0,0.46296296296296297,74.18179321356588,113.98644914555946,71.37972223167479,-0.8087977181005762,0.21394017960983622,-0.2040808399789209,,,2.8086596673928566,0.3260350423328476,0.9836065573770492,0.45901639344262296,61.0
2,-1,810.0,True,True,71.34551992807911,80.39848732683605,80.66193436962692,,,,2.051874758691826,0.36412735879787894,64.0,0.40625,72.58403545661226,108.14001294307451,68.4451992060627,-0.8284329875214744,0.21309629549240452,-0.2040808399789209,,,2.051874758691826,0.3948718725617512,1.0,0.45454545454545453,66.0
2,-1,840.0,True,True,70.93596059113301,47.83330688103365,57.24180445820676,0.3326816077011758,0.7258955697726075,1.3997442873088928,2.0976876839408214,0.37834756294559085,63.0,0.5714285714285714,72.40178409994472,87.04065343944762,67.33309543629841,-0.8352480399692684,0.30069896514254874,-0.2345954977559848,,,2.0976876839408214,0.4073934452507102,1.0,0.26153846153846155,65.0
2,-1,870.0,True,True,72.31638418079096,67.86962408710166,63.75911927479609,0.351460437434316,0.7185989321325057,1.4342670038768808,2.365619759068136,0.5267742187409264,57.0,0.543859649122807,74.76131889117215,116.2016948764369,56.734596794037664,-0.8261094951131551,0.30675978680036003,-0.2439441101706279,,,2.365619759068136,0.482118100084848,0.9841269841269841,0.30158730158730157,63.0
2,-1,900.0,True,True,71.94379391100702,106.36821171921125,82.45572445993135,,,,2.40997862977033,0.38765713480787417,50.0,0.42,76.29823161781393,144.1832431435788,48.76393872885151,-0.7094013933488286,0.14866007823327662,-0.281665305232659,0.21565515683906678,-0.846517547415388,2.40997862977033,0.3255981370534328,0.9642857142857143,0.5,56.0
2,-1,930.0,True,True,72.21061429168408,122.72833221811663,97.40889281091665,0.2132133501860916,0.8604698591429863,1.2362606646798542,2.210606746672917,0.41571526358403743,56.0,0.5357142857142857,74.2204165561186,135.16973429165867,57.13185446669738,-0.7595515797102989,0.15482706939717145,-0.30299513748770807,,,2.210606746672917,0.3803146094219417,0.9672131147540983,0.4098360655737705,61.0
2,-1,960.0,True,True,69.89293361884368,159.75480983277433,121.9540197746232,,,,2.009179956657684,0.41364671218292604,59.0,0.4745762711864407,74.17391799193479,152.4139171184768,82.14231641745626,-0.7935873437228793,0.18501079054848898,-0.22492437748376526,,,2.009179956657684,0.37205830064811013,0.9538461538461539,0.49230769230769234,65.0
2,-1,990.0,True,True,70.58823529411765,158.30913595086736,115.87810136086974,,,,1.900393848186452,0.5623278278867861,57.0,0.42105263157894735,79.3988459392622,170.48981839811427,96.86110061065901,-0.8475822027706092,0.1771086400713145,-0.13893435931493048,0.16240972503469464,-1.115166863822283,1.900393848186452,0.4291574509084449,0.9696969696969697,0.5454545454545454,66.0
2,-1,1020.0,True,True,70.09126466753587,97.04046928251857,97.1682518658902,0.29875075218948355,0.760652732098593,1.3931374503413416,1.8960330650543236,0.5694151336165183,60.0,0.5833333333333334,73.50976374014088,127.60202676025034,79.88390908958088,-0.7862081725069049,0.2464395107855758,-0.1855924981710964,,,1.8960330650543236,0.5427523424775355,0.984375,0.453125,64.0
2,-1,1050.0,True,True,69.01432181971356,104.55163934641848,100.70839527684515,0.25205529897403894,0.8066838097811052,1.2130668368916862,1.762565023819632,0.2727386117498358,66.0,0.5,72.88477073472953,134.87624507481988,53.86792412009721,-0.6876972776232367,0.2123409590194912,-0.2283954572977916,,,1.762565023819632,0.23779569871081369,0.9705882352941176,0.38235294117647056,68.0
2,-1,1080.0,True,True,69.83713355048859,87.82123364721832,74.03863836337838,,,,1.887785121564711,0.20639798163912337,68.0,0.3382352941176471,70.3466515790057,74.25118097807122,58.694705767546324,-0.6963224903396789,0.18239362395241182,-0.18175496413592807,,,1.887785121564711,0.20639798163912337,0.9857142857142858,0.4714285714285714,70.0
2,-1,1110.0,True,True,70.77288941736028,58.52740327540441,51.29157533582913,,,,2.0072066426057016,0.247355933661494,66.0,0.3787878787878788,72.49122451220497,109.61207151919545,47.768189093641084,-0.7812069861171949,0.2082916262048877,-0.18808332411414286,,,2.0072066426057016,0.26338167618812547,1.0,0.4307692307692308,65.0
2,-1,1140.0,True,True,69.14304768256086,104.73712051650931,80.93355931834563,,,,2.1801604713629064,0.4104025975583266,60.0,0.48333333333333334,74.04576721326744,143.73123955102463,98.46986061702839,-0.8978065372336284,0.2468987361031273,-0.04563917225867713,0.09506079281834026,-1.2464773685387645,2.1801604713629064,0.3521724309844921,0.9841269841269841,0.6031746031746031,63.0
2,-1,1170.0,True,True,69.6168108776267,117.84303962604675,91.75904072344686,,,,2.5564902318364044,0.4593430693932901,52.0,0.40384615384615385,71.12054537032274,105.008687771751,59.257375622777445,-0.8271289858220858,0.20635216817679325,-0.06506960794874617,0.11300250930967365,-1.0359831692274748,2.5564902318364044,0.4048675114436238,0.9818181818181818,0.6363636363636364,55.0
2,-1,1200.0,True,True,71.23382226056945,97.92382708085186,74.02432501849945,,,,2.3347837645807235,0.4359484074952188,52.0,0.4230769230769231,74.12900648517444,150.84920399873653,49.30629804787072,-0.8031936160421266,0.17679623617904483,-0.16374654141965828,0.157744027394681,-0.9437040632011782,2.3347837645807235,0.4708877644171934,1.0,0.5,60.0
2,-1,1230.0,True,True,69.90737783455765,93.04326475856786,80.52561704203204,0.3161744016142723,0.7564504269972845,1.4460912414253557,1.6565298014843388,0.3782158896064187,62.0,0.5,80.28939865862253,179.44857820679476,108.63353348468821,-0.8832166577058767,0.25396353012831685,-0.19537621189699672,,,1.6565298014843388,0.24880482141662275,0.9852941176470589,0.4117647058823529,68.0
2,-1,1260.0,True,True,71.74041297935104,95.96096658336026,94.68993679320924,,,,2.497960750265318,0.2523345227867264,61.0,0.47540983606557374,73.40087234456458,114.46730430840927,81.07006245079813,-0.8798154964470717,0.23531182254455296,-0.1433490717520507,0.10506969932741295,-1.0866788415835937,2.497960750265318,0.2809215926509356,0.96875,0.515625,64.0
2,-1,1290.0,True,True,73.1002331002331,90.49818493430165,99.1734816585851,,,,2.7106661187156593,0.3716832808769205,57.0,0.43859649122807015,75.60541147734257,110.77761860070892,59.44246644566568,-0.7659283961606682,0.17249866329335736,-0.23031814995974464,,,2.7106661187156593,0.288630894060391,0.8852459016393442,0.47540983606557374,61.0
2,-1,1320.0,True,True,74.73053892215569,79.08069302690375,88.89920301313711,,,,2.363107985857372,0.4262180049066238,68.0,0.45588235294117646,76.08037086010422,76.4974073363007,53.23800580460509,-0.6840650944530372,0.16016917030307468,-0.20509777236892957,,,2.363107985857372,0.3796051818927478,0.9253731343283582,0.3880597014925373,67.0
2,-1,1350.0,True,True,74.45358401880141,89.48892542595857,80.99245910809876,,,,2.353094153262037,0.3836805937203978,68.0,0.47058823529411764,74.08346502869865,60.1342638071076,57.187889392549636,-0.7045867646495838,0.1703954931359953,-0.21128870185732937,,,2.353094153262037,0.3836805937203978,1.0,0.2857142857142857,70.0
2,-1,1380.0,True,True,75.42087542087542,98.84816217267759,89.64992679863158,,,,3.44632663034776,0.3531864623741623,48.0,0.3125,76.25188922996063,116.43754181859246,85.34070573509089,-0.739134144684613,0.16773646523582503,-0.23445318877982288,,,3.44632663034776,0.3531864623741623,1.0,0.3090909090909091,55.0
2,-1,1440.0,True,False,83.11688311688312,238.37879211333328,147.58019396692697,,,,3.2053262267460503,0.4781022579997183,50.0,0.24,,,,,,,,,,,,,
2,-1,1470.0,True,False,82.30251071647275,199.77234778648935,183.52051794268777,,,,2.784448311059446,0.3186744712549117,47.0,0.2127659574468085,,,,,,,,,,,,,
2,-1,1560.0,True,True,66.3376110562685,174.7656087119127,195.5365562675085,,,,2.9586063498041058,0.5720010162842037,45.0,0.4,71.5416875900407,158.4545180546179,73.1863524702398,-0.7963620858959475,0.2587810337578748,-0.2795835784455062,,,2.9586063498041058,0.45745748312807777,0.9591836734693877,0.4897959183673469,49.0
2,-1,1590.0,True,True,68.40579710144927,177.23940532956553,205.63624675653278,,,,2.3936250831286516,0.24187600011966984,63.0,0.36507936507936506,70.35856334552409,84.83613153527611,58.97350004648614,-0.749187023866992,0.26862293757532024,-0.2766811667822913,,,2.3936250831286516,0.22105931765239312,0.9830508474576272,0.288135593220339,59.0
2,-1,1620.0,True,True,68.32740213523131,215.71975239665483,199.23451855126146,,,,2.4790777013483614,0.34967540921090007,62.0,0.3387096774193548,71.82785669716141,113.22388999002294,59.54910509228101,-0.7237426041608924,0.23814535176900908,-0.26596532228993375,,,2.4790777013483614,0.27325996322259394,0.9827586206896551,0.20689655172413793,58.0
2,-1,1650.0,True,True,68.9264756644805,227.19467959157643,188.6089169888538,,,,2.5584581844870966,0.27955437313259374,60.0,0.2833333333333333,73.46891024111643,144.16807438136684,80.7224213849042,-0.7148522547987778,0.21095790570793224,-0.2402863569926589,,,2.5584581844870966,0.2396309240006763,0.9482758620689655,0.25862068965517243,58.0
2,-1,1680.0,True,True,71.89787234042554,168.02702922902844,181.0613242108872,,,,2.6308495732368606,0.2630613112873097,54.0,0.25925925925925924,74.44348079074433,140.68615403250433,82.65828556885388,-0.7289774771529685,0.2090863957363539,-0.2541602557557202,,,2.6308495732368606,0.25217671429361893,0.9666666666666667,0.4,60.0
2,-1,1710.0,True,True,73.312693498452,172.361659162825,170.8251428823915,,,,2.8834614834525167,0.38158787326136095,50.0,0.32,75.8041090810951,146.90266770326173,69.09692001291202,-0.7416073292719945,0.18855806683452542,-0.2683318635477302,,,2.8834614834525167,0.2771300494296486,0.96,0.44,50.0
2,-1,1740.0,True,True,71.03057757644393,185.739569986412,169.1706434261637,,,,2.861689932457969,0.41634911732740437,60.0,0.38333333333333336,73.92601847055433,155.25262156949483,58.69434588186315,-0.7070524444261248,0.18112461448774314,-0.24728355458927187,,,2.861689932457969,0.39312814792665984,0.9811320754716981,0.4716981132075472,53.0
2,-1,1770.0,True,True,71.77570093457943,176.6615688140274,148.48218720936953,,,,2.82622750825375,0.5542860393934413,50.0,0.34,75.3539581463823,156.3664031429266,61.144023129032846,-0.6983885646295315,0.19308104882494032,-0.20350118163506156,,,2.82622750825375,0.45407559335619535,1.0,0.4528301886792453,53.0
2,-1,1830.0,True,True,66.71814671814671,102.54418239683002,83.49166017680417,0.340247383947901,0.7405505293420558,1.3834097858900114,1.6677387195546869,1.3369869205201794,53.0,0.6792452830188679,67.85116892681278,88.80183738956964,56.191180040047875,-0.8889158676725889,0.2542196437144365,-0.16117200767280232,0.13941699531145715,-1.068682117906505,1.6677387195546869,1.3369869205201794,1.0,0.7090909090909091,55.0
2,-1,1860.0,True,True,65.75767366720517,86.41908455511839,84.17406136324288,0.2778292449807027,0.8116924889551923,1.2737380972654775,1.425521841708936,1.085908725891447,60.0,0.7,70.7110186955356,153.46620227544003,74.33353441159576,-0.8465952769295562,0.285057851960084,-0.22385526430386682,0.11183534907756014,-1.0135963933891907,1.425521841708936,0.8452654634588586,0.9672131147540983,0.6229508196721312,61.0
2,-1,1890.0,True,False,66.17232375979113,74.9842155107165,80.83829989037787,0.27156384790819854,0.8203978035949782,1.2086141907950474,2.2953746091066667,2.4013839486035655,39.0,0.7692307692307693,,,,,,,,,,,,,
2,-1,1920.0,False,True,,,,,,,,,,,82.70843424569347,131.39975904919328,47.798701679177924,-0.8012825370519534,0.22527714129422124,-0.2889143551000145,,,2.363981254236423,1.353260971133495,1.0,0.39473684210526316,38.0
2,-1,2010.0,True,True,79.05882352941177,99.01509963312235,130.7281291459493,,,,2.965646120054595,0.48850586283682684,35.0,0.2571428571428571,78.4926250911739,69.51422386171627,64.177053840835,-0.6745298488218698,0.13240224335563125,-0.3734224719359919,0.2159047810380656,-0.48309793772360665,2.965646120054595,0.48850586283682684,0.9555555555555556,0.5777777777777777,45.0
2,-1,2070.0,True,True,74.62897526501766,162.81466018235577,117.89222624468745,,,,1.514540349447756,0.35748615202412176,55.0,0.32727272727272727,73.03988148131985,96.42252387817207,42.99506085021137,-0.695256356714288,0.15268832869635504,-0.2523895471951861,0.12113994940618437,-0.6435363496321226,1.514540349447756,0.3943397939646856,1.0,0.6739130434782609,46.0
2,-1,2100.0,True,True,77.49747729566096,135.05947096414744,124.62902926423213,,,,1.7247992690692717,0.5105807195583728,57.0,0.2807017543859649,75.80917598736067,129.54637243883977,38.133390614512926,-0.7303469438140422,0.1970000965592173,-0.28380357723699356,0.1527088814406249,-0.6641500112025606,1.7247992690692717,0.4666623178294522,0.98,0.5,50.0
2,-1,2130.0,True,True,78.56777493606138,136.59134402450204,146.21416049468897,,,,1.5048025497208324,0.46261721128912164,56.0,0.32142857142857145,78.55520532815173,128.0126067938247,45.22613424532341,-0.7292858566605614,0.21178774951733254,-0.2820368026130948,,,1.5048025497208324,0.46261721128912164,0.9814814814814815,0.3888888888888889,54.0
2,-1,2160.0,True,True,77.87831513260531,159.22956172592185,150.01511270594898,,,,1.7354538978736542,0.6147619515533983,46.0,0.3695652173913043,79.3964495150641,119.22930422737636,52.06305350115484,-0.6627338314661086,0.1897242230284617,-0.2910187787142512,,,1.7354538978736542,0.5560911516935371,0.9649122807017544,0.47368421052631576,57.0
2,-1,2970.0,True,True,68.36300477637863,124.79976340170663,147.5163303106925,,,,2.4394559608312587,0.24318584329134835,50.0,0.26,69.60793999168085,75.87116145929359,86.01888913087625,-0.5488689628042981,0.0806563396267033,-0.32228538495063075,0.09571165175281306,-0.4350936596600362,2.4394559608312587,0.216425542714647,0.9259259259259259,0.6666666666666666,54.0
2,-1,3000.0,True,True,72.35974304068523,181.60543434970828,164.9899381401787,,,,2.1162624941986596,0.20828135424069952,55.0,0.18181818181818182,73.94374097325148,129.8231108244103,71.41766340730034,-0.5929622521816644,0.08890867751618942,-0.2578540612071193,0.03630241569135463,-0.5352160533763343,2.1162624941986596,0.1934131259199191,0.9423076923076923,0.5384615384615384,52.0
2,-1,3030.0,False,True,,,,,,,,,,,76.97781985757388,133.89455503538017,70.00544207510134,-0.5937921430789546,0.13241926697444056,-0.25104292123003674,0.10108153828977817,-0.48673131544276005,2.551093221448133,0.6734087636027629,0.96,0.52,50.0
2,-1,3060.0,True,True,72.99649824912456,165.42087568306846,153.2923192995983,,,,2.5610324123158126,0.7591681728093356,52.0,0.2692307692307692,74.2034478472246,114.15017579324382,82.45262601409108,-0.6145068138462744,0.15282795862611773,-0.2150805245168047,0.08451411877583778,-0.6421618132956783,2.5610324123158126,0.6706319985770398,0.9607843137254902,0.5686274509803921,51.0
2,-1,3090.0,True,True,72.18920557913887,173.40321333574326,179.0369457435433,,,,2.6924823321598153,0.5137307266962563,48.0,0.16666666666666666,75.48873671887273,182.0040036691843,111.22077095328862,-0.750049721068112,0.17994571973004675,-0.2568802256515729,,,2.6924823321598153,0.39213813220187965,0.9791666666666666,0.4375,48.0
2,-1,3120.0,True,False,74.05558706749858,163.70168444826325,146.00455956741104,,,,2.9827542236702667,0.4990944172059615,49.0,0.24489795918367346,,,,,,,,,,,,,
2,-1,3150.0,True,True,72.58979206049149,163.1526947911129,166.22959973947314,,,,2.130044521663271,0.23737762155878578,59.0,0.3050847457627119,76.60496579347765,129.7074506547042,60.228727832182855,-0.6171740667467424,0.1501309370594379,-0.2453912758547973,,,2.130044521663271,0.20230808648901227,0.9830508474576272,0.288135593220339,59.0
2,-1,3180.0,True,True,71.62542824514655,155.03486902406124,182.2578431824407,,,,2.3188139767451332,0.3590985352078503,56.0,0.23214285714285715,74.11222518167786,115.85080460276505,66.58570376888085,-0.6060307378317529,0.13337427446811947,-0.2284250089217869,,,2.3188139767451332,0.34071320906726815,1.0,0.3548387096774194,62.0
2,-1,3210.0,True,True,73.5632183908046,141.5139202717592,123.44125103423309,,,,2.7009782475856046,0.5904652219270445,55.0,0.2,75.27772980159749,101.88267113864407,65.60012529694977,-0.6239679773905431,0.11545198719909526,-0.2284657344768754,,,2.7009782475856046,0.46373386141103357,0.9491525423728814,0.4915254237288136,59.0
2,-1,3240.0,True,True,77.083162638263,141.80184181885133,138.61927466562335,,,,2.1225071872091563,0.27622355777702484,60.0,0.2833333333333333,77.03563641141162,89.61618656251117,49.6383344431357,-0.6897023798389181,0.12830882279253525,-0.34411786120249094,0.1052290969499626,-0.5827215682350405,2.1225071872091563,0.27622355777702484,0.9333333333333333,0.5166666666666667,60.0
2,-1,3270.0,True,True,77.39807604214384,163.01544721788304,173.53236959545558,,,,2.378342768226114,0.3356683986229224,57.0,0.2982456140350877,82.5969292262048,125.88622114019208,70.98660176455213,-0.8041549996647526,0.22756186759705993,-0.40115973990783527,0.15268831140880304,-0.5982898600777891,2.378342768226114,0.31293378134193034,0.9622641509433962,0.5283018867924528,53.0
2,-1,3300.0,False,True,,,,,,,,,,,75.10805194382277,200.43578877369174,81.4399577521294,-0.6327184913151891,0.15872888233842364,-0.3199817346132292,0.09262700550787649,-0.6312987079319339,3.252389753040698,0.380242991765622,0.8541666666666666,0.5625,48.0
2,-1,3540.0,False,True,,,,,,,,,,,77.77871786346887,171.83381094291167,123.07007112488138,-0.8032292462335144,0.19115024941448197,-0.41516967165634155,0.36375277749995316,-0.681025341263186,2.7591539555596394,0.45298367086792835,0.8695652173913043,0.5217391304347826,46.0
2,-1,3570.0,False,True,,,,,,,,,,,72.65485555519219,135.36779075228765,98.65547433178409,-0.7001247846486452,0.22667728411211718,-0.4031282483962354,0.17422412193660744,-0.5737571240100459,2.8939153886980824,0.465545336296219,0.8958333333333334,0.5833333333333334,48.0
2,-1,3600.0,True,True,71.17101937657961,179.93656862824687,162.53004529932306,,,,3.2095166098290777,0.38499773584720415,33.0,0.30303030303030304,71.33956004003522,142.60746704455187,102.214596537589,-0.6870153227802173,0.22667728411211718,-0.4903689619031326,0.2274188692780184,-0.6019357875537599,3.2095166098290777,0.38499773584720415,1.0,0.6744186046511628,43.0
2,-1,3630.0,True,False,73.08931185944363,211.9584445393447,180.6022909599986,,,,3.093493756759217,0.271722101963646,43.0,0.2558139534883721,,,,,,,,,,,,,
2,-1,3660.0,False,True,,,,,,,,,,,69.69261117464207,179.24483016643967,98.3497787336481,-0.5894142608430263,-0.03372044114182221,-0.4203802344878168,0.20568601940629727,-0.4616518212680791,3.233502091061071,0.1749291915505341,0.9791666666666666,0.7291666666666666,48.0
2,-1,3690.0,True,True,63.71681415929204,152.70844314560523,160.47709551672435,,,,3.118867815237525,0.16360866188265508,52.0,0.36538461538461536,64.74802772204488,89.74476251120845,61.24710344107887,-0.44201146708607597,-0.060488910031483684,-0.33282086511886166,0.2520641921662642,-0.3010225923751654,3.118867815237525,0.1753285041994203,0.9814814814814815,0.8888888888888888,54.0
2,-1,3720.0,True,True,66.90335305719921,160.6162666059127,162.91584840252432,,,,2.571810667035312,0.31009500372966686,58.0,0.3793103448275862,69.7056418464691,129.8342825933147,71.91624478150813,-0.43520481762838814,-0.050909252024593926,-0.35279339525857384,0.22569069774203634,-0.2517361810016103,2.571810667035312,0.2853891479660848,1.0,0.8727272727272727,55.0
2,-1,3750.0,True,True,69.07395069953364,179.9665470287213,171.85132412689367,,,,2.5218410995871676,0.36464076122538536,60.0,0.4166666666666667,69.04615078758933,101.46290941530813,79.21685675249441,-0.5271149231069848,-0.03485798067242616,-0.33461434350997943,0.21318781323351943,-0.33133900657933385,2.5218410995871676,0.36464076122538536,0.9655172413793104,0.7931034482758621,58.0
2,-1,3780.0,True,True,67.56934088875634,176.66123227368547,153.40753338523535,,,,1.6539791201118106,0.22090863111160425,62.0,0.45161290322580644,68.51373755265685,112.63754291382674,84.33005182547858,-0.6171413995356279,0.15141813639385687,-0.31263339045558447,0.20310991177714435,-0.6206347261789996,1.6539791201118106,0.2321081973631992,0.9090909090909091,0.6818181818181818,66.0
2,-1,3900.0,True,True,71.53502235469449,176.6454451188878,111.81489123241049,,,,3.1414470136720127,0.44725622578950125,38.0,0.39473684210526316,76.88990658244369,119.33753603769667,52.039077481771166,-0.6522438303674841,0.18043785301114335,-0.24355197890852082,,,3.1414470136720127,0.38680347423403855,0.9807692307692307,0.34615384615384615,52.0
2,-1,3930.0,True,True,71.43603133159269,139.54448168527716,165.98292240121015,,,,2.4946790616406376,0.23011749666461323,61.0,0.47540983606557374,72.72697816280183,83.43111509132771,61.73536108887492,-0.6171248885789778,0.15003826396172382,-0.21168208141858436,,,2.4946790616406376,0.2508483083982935,0.9852941176470589,0.39705882352941174,68.0
2,-1,3960.0,True,True,70.80120683875295,139.52643288454286,167.0925548161856,0.1456981126041472,0.9122980530453707,1.0038532821245778,2.895414576723258,0.26937879569060563,59.0,0.5254237288135594,70.80818096934313,76.50227359518502,66.74850509793282,-0.6428464966073727,0.15140866107408538,-0.23012067726874752,,,2.895414576723258,0.26937879569060563,0.984375,0.3125,64.0
2,-1,3990.0,True,False,69.71677559912854,165.8459610979417,150.73604136591442,,,,3.272338751906881,0.5605451645593991,42.0,0.42857142857142855,,,,,,,,,,,,,
2,-1,4080.0,True,True,64.96760259179266,189.5616401894476,184.80673574275602,0.15044472881719767,0.9198122164064129,1.0046497052725285,2.123172995245921,0.7781708694411055,52.0,0.5576923076923077,66.03611167062208,96.230833742476,74.79697543582897,-0.665240096074706,0.21218819782117285,-0.26434093554409877,0.1448171385678414,-0.6909771488730637,2.123172995245921,0.6878796668927363,0.9833333333333333,0.6166666666666667,60.0
2,-1,4110.0,True,True,65.64102564102565,135.53073563680712,132.33440532125712,0.1384636421407149,0.9272604315613999,0.9952264194890981,1.2588582371252783,0.19627228578095687,63.0,0.7142857142857143,66.81418733384672,98.68879514962654,82.38246655011864,-0.7007023375802114,0.27077056518185033,-0.35448977316878544,0.1327831294835567,-0.6948994549790788,1.2588582371252783,0.17755075887699295,1.0,0.5238095238095238,63.0
2,-1,4140.0,True,True,64.99445061043286,72.01611384981875,64.54972243679028,0.16670562413307713,0.9022190755728835,1.0904154425204051,1.3823835042368071,0.23891713129901554,62.0,0.8225806451612904,67.392493654563,106.63527397260417,100.74027927333516,-0.7446503999020944,0.28008168884384255,-0.290413871183336,,,1.3823835042368071,0.19820296043648958,0.9838709677419355,0.45161290322580644,62.0
2,-1,4170.0,True,True,67.00816211652125,100.13233709816531,91.96751798546474,0.18076372352716524,0.8841559209500411,1.1269366563084218,1.4830111528817425,0.2520269019958453,64.0,0.765625,68.50937595540412,119.17549567985894,83.8178158373114,-0.7684063814218526,0.2598932600262205,-0.2398816840504593,,,1.4830111528817425,0.2662625965140254,1.0,0.38095238095238093,63.0
2,-1,4200.0,True,True,67.5,109.01839588198408,98.54391825694285,0.17585403811955092,0.88487516879024,1.102584698169401,1.5218291594103381,0.2460628498602737,65.0,0.7230769230769231,69.38591662061197,126.56090809005036,91.77384467771536,-0.7321439745482502,0.25555801874334366,-0.24959484817608335,,,1.5218291594103381,0.2571629223069238,0.9848484848484849,0.3939393939393939,66.0
2,-1,4230.0,True,True,66.1706783369803,80.21244777684954,80.68715304598786,0.17654496145069618,0.8820584447450376,1.1350809625092877,1.5812201517091977,0.2262392276976658,64.0,0.78125,67.99004644595871,103.9631686201622,93.4314508116307,-0.7475804879935253,0.2695956047691084,-0.24493361592230656,,,1.5812201517091977,0.20531339094241807,0.9846153846153847,0.4153846153846154,65.0
2,-1,4260.0,True,True,67.01385041551245,64.2175126339494,67.78905961010656,0.17551399500469994,0.8768117963138664,1.1446865028083244,1.6406926122745147,0.20834500072642756,64.0,0.796875,67.5644279750754,88.28592515676736,83.03533437290253,-0.7444165206018738,0.25930363072341944,-0.24262061866082668,,,1.6406926122745147,0.20834500072642756,0.9850746268656716,0.3283582089552239,67.0
2,-1,4290.0,True,True,66.33397312859886,91.11342549813165,74.36252521431746,0.15903729642739584,0.8808979128675308,1.144055261910022,1.6911219350343172,0.2136638577747027,64.0,0.65625,66.95383056392635,88.97455219000965,73.3596572870564,-0.7275724158408506,0.22309664459708786,-0.21957114734268873,,,1.6911219350343172,0.19261371675999306,1.0,0.36363636363636365,66.0
2,-1,4320.0,True,True,67.18425369054128,93.6763413511835,72.53433992771976,0.16218157276689094,0.8785062501606761,1.1234234214378798,1.6653395347580968,0.2008450200190804,65.0,0.5538461538461539,67.93258183916211,87.80347977954366,79.39033279799364,-0.7555308276117046,0.23857547208009233,-0.25175956393106996,,,1.6653395347580968,0.2008450200190804,1.0,0.265625,64.0
2,-1,4350.0,True,True,70.97379310344827,81.51428137734207,55.80082410819617,0.19069998601423166,0.8551057218967059,1.152364790335586,1.5567420321219394,0.19943885469724737,68.0,0.5,71.4239437582932,93.22113623579762,67.99315657770336,-0.7533101166583117,0.25654161727267855,-0.2577014414943034,,,1.5567420321219394,0.19943885469724737,1.0,0.30985915492957744,71.0
2,-1,4380.0,True,True,73.86616093199675,54.92569032333567,52.49096435850378,,,,1.5593454167161003,0.20995903482171474,72.0,0.4444444444444444,74.51976500315196,64.21653911595222,61.30472622523296,-0.7520005334118879,0.24375531783271034,-0.2581253727324869,,,1.5593454167161003,0.20995903482171474,1.0,0.3194444444444444,72.0
2,-1,4410.0,True,True,72.05874354093011,56.15171210644499,68.63292170071496,,,,1.6700143430376377,0.19880401900966937,70.0,0.4142857142857143,73.76336458399798,86.9394387541025,57.418641042180425,-0.7670138154747269,0.2344817346540509,-0.2565386337113301,,,1.6700143430376377,0.19088995705844336,0.9861111111111112,0.2916666666666667,72.0
2,-1,4440.0,True,True,69.64807796426638,62.315988729855405,70.37823106044205,,,,1.7494194491113486,0.22196639364335488,68.0,0.47058823529411764,70.2540326361694,68.36887240054322,67.87310423207698,-0.7857840160251299,0.221994935773185,-0.21540209100847751,,,1.7494194491113486,0.22196639364335488,1.0,0.36764705882352944,68.0
2,-1,4470.0,True,True,66.8251273344652,84.29521408347006,89.00765855391322,,,,2.968071256047149,0.5920050681139964,49.0,0.4489795918367347,70.57768050055422,152.08781045660874,76.26327919930964,-0.7905523706177251,0.19829087013914842,-0.1870790910639089,,,2.968071256047149,0.5645256500700391,1.0,0.42105263157894735,57.0
2,-1,4500.0,False,True,,,,,,,,,,,74.23168640323905,220.5815998720684,111.50563745788982,-0.709920177220425,0.15370704489566656,-0.28985855306228925,,,3.1350945910129373,0.5117161222136516,0.8823529411764706,0.37254901960784315,51.0
2,-1,4530.0,False,True,,,,,,,,,,,73.52152163728981,188.59927176618947,136.93281713751236,-0.7014205625110536,0.11638576009216556,-0.3390586110841679,,,2.7446665023894035,0.46101953995557476,0.875,0.4166666666666667,48.0
2,-1,4590.0,True,True,76.8,181.83403441443124,154.2053723934416,,,,3.1415892473344527,0.4399362012410042,46.0,0.2608695652173913,79.6255151313681,207.35301177003814,127.0520573370022,-0.6822368459118598,0.1486402464533439,-0.4034857433219778,,,3.1415892473344527,0.3521982092576614,0.94,0.36,50.0
2,-1,4620.0,True,True,67.7149155033064,162.09026485775695,170.607701605825,,,,2.423098541000391,0.2737261820140558,57.0,0.40350877192982454,70.0446981790595,146.76242400380772,97.30690400241406,-0.5712913149895598,0.14195713558482076,-0.24235940317824148,,,2.423098541000391,0.2518829743306462,0.9661016949152542,0.3898305084745763,59.0
2,-1,4650.0,True,True,66.33120540743522,160.80945758897514,184.21603316486866,,,,2.825109284789607,0.5002420329908369,55.0,0.34545454545454546,68.24355512654924,91.09534063415379,62.78073860879148,-0.5953829920528569,0.15105056102184344,-0.2169389640865403,,,2.825109284789607,0.4904894834385896,1.0,0.3898305084745763,59.0
2,-1,4680.0,False,True,,,,,,,,,,,69.86097561519128,119.60258650761799,80.98929419382323,-0.6439017904391517,0.15160725681429105,-0.23641851605203112,,,3.074210056578403,0.42412434750900485,1.0,0.4117647058823529,51.0
2,-1,4740.0,True,False,75.16778523489931,234.07982112425458,138.5980817581739,,,,2.6508739955621987,0.23935305837252555,51.0,0.17647058823529413,,,,,,,,,,,,,
2,-1,4770.0,True,True,65.76321667907669,166.51940958373572,151.24806300412578,,,,2.050199356891775,0.289803622982418,54.0,0.18518518518518517,65.26373242973823,94.87185367524816,77.62976177656701,-0.562245157279974,0.0658007371931682,-0.22674786829637852,0.05255572024171385,-0.4422726196458906,2.050199356891775,0.3199157100336719,0.9607843137254902,0.6666666666666666,51.0
2,-1,4800.0,True,True,65.26482213438734,152.4054641695006,152.92215062503442,,,,1.9305401873857337,0.27185952873790314,52.0,0.25,67.98917184931508,117.11074791497792,59.431024652841124,-0.5632645453720136,0.07856000666737518,-0.20496995631621967,0.05291516141480017,-0.4776211289184062,1.9305401873857337,0.21648005948207072,0.9636363636363636,0.6,55.0
2,-1,4890.0,False,True,,,,,,,,,,,73.67229891453097,220.97985827505872,82.19956060124453,-0.9018706025779312,0.15536107084751233,-0.32441309120919626,0.12715917554647188,-0.6401905714603147,1.9695657947205656,0.3333099927579213,0.9444444444444444,0.5555555555555556,54.0
2,-1,4920.0,True,True,67.7846425419241,142.660219055494,103.27836036570095,,,,1.8965382588010171,0.472346570566382,49.0,0.1836734693877551,68.68797434309386,160.69090195118935,77.03522788199976,-0.7385257780864231,0.13921694671804843,-0.1992286594899705,0.011568288156178162,-0.5818612978331543,1.8965382588010171,0.5262313291123423,1.0,0.5555555555555556,54.0
2,-1,4950.0,True,True,68.68937048503612,141.0586863562794,118.47044818444495,,,,1.596937809029158,0.20831127221041268,57.0,0.10526315789473684,70.1574352543629,153.1668913564309,78.362972282046,-0.644844643282918,0.13902391829395266,-0.15435129863281227,-0.00371664702692907,-0.6429513415228907,1.596937809029158,0.19501349598934772,1.0,0.5806451612903226,62.0
2,-1,4980.0,True,True,67.88624135280553,119.52652604649715,140.60274040350123,,,,2.687259320489254,0.6019639833832279,55.0,0.16363636363636364,68.52440010013532,88.40794979967482,65.98445200717865,-0.6243889116711823,0.1443869967177201,-0.22173082045058198,-0.0031437915534149913,-0.7896964475492511,2.687259320489254,0.677018439050822,1.0,0.5517241379310345,58.0
2,-1,5010.0,True,True,68.6284289276808,167.869779409956,98.75614154786047,,,,2.8272480782010785,0.6654115660989222,51.0,0.13725490196078433,70.25268417767064,169.99182668332057,66.15661166014787,-0.5150043898166168,0.12216905703950567,-0.23638560652527812,,,2.8272480782010785,0.5906360046655499,1.0,0.43103448275862066,58.0
2,-1,5040.0,True,True,68.5986502580389,189.86695193774852,109.31297844695497,,,,2.7526649195045176,0.5033530956877177,54.0,0.16666666666666666,71.7777738685669,197.29831706683322,114.44880716113592,-0.5478308384547701,0.11908483444542883,-0.25376106943506815,,,2.7526649195045176,0.3941043619030676,0.9838709677419355,0.4838709677419355,62.0
2,-1,5070.0,True,True,65.25679758308158,164.04408566692672,159.87017132563378,,,,2.58571460246092,0.4027436769927408,53.0,0.33962264150943394,66.23953920300312,169.69672046121934,112.34325630808058,-0.6202141450922573,0.10875120239249876,-0.27264185506245536,0.11858884906768197,-0.44761211032348475,2.58571460246092,0.3552528592059158,0.9454545454545454,0.6909090909090909,55.0
2,-1,5100.0,True,True,66.32519356759977,208.14306531161512,157.76404610500154,,,,3.097033903652609,0.4577337535691867,43.0,0.23255813953488372,68.42068593120122,183.5393799736767,87.32101059406449,-0.7444508079714419,0.11977418645905541,-0.2819938904375666,0.17576141774255613,-0.42060745996756793,3.097033903652609,0.44019764452337345,0.9038461538461539,0.6346153846153846,52.0
2,-1,5280.0,True,False,72.45283018867924,203.44290733303447,166.92909618580308,,,,2.189406456520632,0.22903047754652736,49.0,0.1836734693877551,,,,,,,,,,,,,
2,-1,5310.0,True,True,64.57657657657658,193.45679272289283,168.2057839786994,,,,3.026434010376934,0.41132775503639835,40.0,0.275,69.76088257889649,201.39372664587083,69.71913578259132,-0.535317496658193,0.1307412617192739,-0.3803026127575345,0.17100224993033036,-0.24180789221986076,3.026434010376934,0.31744191081894063,0.8958333333333334,0.5416666666666666,48.0
2,-1,5340.0,False,True,,,,,,,,,,,61.853538157010995,97.904437609738,77.4024479604943,-0.706368542006421,0.06272801161774248,-0.3313273852823312,0.13679610533705078,-0.7189188091486282,2.9940502701360416,0.44341878906479226,0.94,0.8,50.0
2,-1,5370.0,True,True,63.220283174185056,185.57177095330232,170.03889392262164,,,,2.414147092220534,0.28274770849521,54.0,0.2777777777777778,65.9096869766802,146.76209953049997,96.83401785767713,-0.8655208357523997,0.15660900196104297,-0.2786317808459977,0.141032318702212,-0.9427627835422856,2.414147092220534,0.24701431830640208,0.9166666666666666,0.7333333333333333,60.0
2,-1,5520.0,False,True,,,,,,,,,,,69.29012825412842,118.76300534969381,78.23688160167552,-0.6249833253758521,0.1999333481800347,-0.1768620989396854,,,2.894256404790661,0.6936839492564087,1.0,0.4528301886792453,53.0
2,-1,5550.0,True,True,66.04422604422605,136.8747566965411,104.34469436070083,0.16486989696004414,0.9065708403322921,1.2666540953765792,1.6379476532851824,0.2583209625751018,64.0,0.71875,67.92753265552139,110.50223900182866,63.93115508889742,-0.6627998926073196,0.18668617620793904,-0.16950722693913817,,,1.6379476532851824,0.2351457355139085,1.0,0.4406779661016949,59.0
2,-1,5580.0,True,True,67.42386831275721,102.98547889237693,71.6893789559147,0.1723201591793008,0.8938327161683242,1.2716117335181163,1.607769764131751,0.23654321567279554,65.0,0.7230769230769231,68.22807604800104,87.75170081526278,61.44657590347243,-0.6886639054600713,0.17494301599620674,-0.203829628500534,,,1.607769764131751,0.2496869136618659,1.0,0.42857142857142855,63.0
2,-1,5610.0,True,True,68.99494665918024,104.24917677140132,88.89570600457951,0.18899570744460914,0.889616311856568,1.2366059088159194,1.4206911974811245,0.26365083549437596,66.0,0.7424242424242424,69.17462744273463,60.320322111224506,71.92230149254819,-0.6759095351089168,0.17196345433143317,-0.1971625939824608,0.018643578223046808,-0.7973321852091002,1.4206911974811245,0.26365083549437596,1.0,0.5,66.0
2,-1,5640.0,True,True,67.79480346435709,112.63573290606281,94.20312008793724,0.18850029026430393,0.8869449344566658,1.1444779555312992,1.7488794026922805,0.2719608647719033,59.0,0.5254237288135594,68.04693439981227,86.50041674451866,80.00412257838985,-0.6685742209128204,0.19018020137267289,-0.17505016925671368,,,1.7488794026922805,0.28353795914865404,1.0,0.42857142857142855,63.0
2,-1,5670.0,True,True,67.55232029117379,72.15701514986097,51.01598956246694,,,,1.8622895782481463,0.1940372885385387,62.0,0.4032258064516129,67.81305437264835,79.4441419340287,56.19311246102036,-0.6603881567037011,0.18557043768018722,-0.20595060319833847,,,1.8622895782481463,0.1940372885385387,1.0,0.3225806451612903,62.0
2,-1,5700.0,True,True,66.20689655172414,81.28682478153834,63.64808861483615,,,,1.9333623612213553,0.2180291056354774,64.0,0.359375,67.02765865660805,58.9013558101161,55.775050923282414,-0.6916360131154993,0.19525574026713416,-0.21099793002736092,,,1.9333623612213553,0.19718444241829072,1.0,0.296875,64.0
2,-1,5730.0,True,True,64.1961549178044,85.94311743325046,57.10535181011622,,,,1.9932553248190312,0.23332619282857994,61.0,0.26229508196721313,64.71133529289924,68.6757285762896,71.12542415255008,-0.697598016137575,0.18759590737817106,-0.18896539495920614,,,1.9932553248190312,0.23332619282857994,0.9838709677419355,0.3387096774193548,62.0
2,-1,5760.0,True,True,62.62571350910573,57.571263372874405,72.40729571291575,0.1767172162391057,0.8683584150246525,1.281700242073949,1.9092398731302296,0.24641610308506795,61.0,0.5081967213114754,62.929652657670125,73.51070807112173,79.31970800976224,-0.6957938222574307,0.19940622055360085,-0.19641493171797667,,,1.9092398731302296,0.22399327971210115,1.0,0.35,60.0
2,-1,5790.0,True,True,64.28193832599119,70.53080667233023,74.7569451775066,0.1710051409375973,0.8791638432499804,1.199533525001929,1.7939365983261726,0.26377151269908217,59.0,0.576271186440678,66.34132369027198,128.25010429359384,74.62318833654145,-0.6947730176560123,0.1976921545905841,-0.20026910982547602,,,1.7939365983261726,0.24534363952353083,1.0,0.3225806451612903,62.0
2,-1,5820.0,True,True,64.65021770682148,93.4268762283755,70.3370633195266,0.17306355251067634,0.9006675195546381,1.1555298994980236,1.704198804940116,0.2955818669316011,60.0,0.5166666666666667,67.14275342341341,139.8705393954979,73.29612462172237,-0.6889218458205177,0.18546816489599416,-0.20975611153111917,,,1.704198804940116,0.24265554930236335,1.0,0.29508196721311475,61.0
2,-1,5850.0,True,True,63.20353271778402,94.83618739186213,65.14822227340217,0.18639538218212284,0.886553465656032,1.1340497011227755,3.0776615070718183,0.7463667103427579,48.0,0.5833333333333334,64.60357590702645,146.30265245558456,70.7076707466392,-0.6689645244890231,0.19656183412738149,-0.2276512829416364,,,3.0776615070718183,0.8297103818460739,0.9642857142857143,0.39285714285714285,56.0
2,-1,5880.0,True,True,67.26114649681529,194.0727700034659,118.9451521448016,,,,3.115197276618865,0.5281468619686339,43.0,0.37209302325581395,70.9315863891449,209.75189650697016,96.70226500336682,-0.743823107118019,0.2276398431686639,-0.27552975343325825,0.11586230407650874,-1.0378165938554136,3.115197276618865,0.4039782934625311,0.9583333333333334,0.5208333333333334,48.0
2,-1,5910.0,False,True,,,,,,,,,,,71.11645221300826,178.8962025109523,93.30862528413198,-0.7564563327135303,0.2276398431686639,-0.3142366931489237,,,2.8234338033151025,0.19969597890838275,0.9607843137254902,0.47058823529411764,51.0
3,-1,0.0,False,True,,,,,,,,,,,72.44300149125037,187.2231838036899,113.14000134740141,-0.6655213554142301,0.12729717146746172,-0.1719659874828114,0.05323502223998892,-0.6466343273702515,2.0087235452926397,0.9577997645128385,0.9767441860465116,0.6046511627906976,43.0
3,-1,30.0,True,True,63.75478927203065,165.14125655142817,99.15003361908994,,,,2.0476024497169374,0.8405353811372571,39.0,0.2564102564102564,71.62630761948185,184.12236338615818,90.20370651158622,-0.8345840643017405,0.1265859269476897,-0.08055442450272005,0.06148192558297089,-0.9106170469574949,2.0476024497169374,0.657746930199302,0.9807692307692307,0.6923076923076923,52.0
3,-1,60.0,True,True,68.53922029121654,136.57777925809623,115.6437672457006,,,,1.910871108531366,0.2957751605980067,51.0,0.17647058823529413,73.856590279591,171.39712919305188,98.68307925837108,-0.7611750151065946,0.08088184541176213,-0.07691832925520385,0.05997482039764409,-0.7330925766675582,1.910871108531366,0.24720212075707354,1.0,0.7903225806451613,62.0
3,-1,90.0,True,True,75.01658680427572,154.1949168298983,140.53112482264888,,,,1.9663681851020995,0.16067841288357498,64.0,0.109375,76.76862690185587,114.03952915439527,70.10473916882049,-0.6418679301063439,0.053562321785830314,-0.20657188050286873,0.02887434745413247,-0.48268592011693695,1.9663681851020995,0.17493582303043267,0.9841269841269841,0.7142857142857143,63.0
3,-1,120.0,True,True,75.55749890686488,136.75583461691014,140.20349286975267,,,,2.1793664344343173,0.18268234723565788,54.0,0.24074074074074073,75.8123521261591,133.18117959778522,87.18932680639877,-0.6208947060180465,0.06213119218239464,-0.2638054561968242,0.01638548996073165,-0.33928982947581826,2.1793664344343173,0.18268234723565788,0.9636363636363636,0.6,55.0
3,-1,150.0,True,False,69.90897269180753,144.83341296096228,145.0686798554395,,,,2.026656088900702,0.24304159742490558,40.0,0.325,,,,,,,,,,,,,
3,-1,180.0,True,True,67.52028854824165,141.95186732651013,134.33865787627926,,,,2.0403492649565247,0.23511492910559706,48.0,0.14583333333333334,68.95470835800242,142.81340288767555,85.6754996658688,-0.5982993509148862,0.026571147128749573,-0.20543447779386212,0.06851479159532382,-0.4948757203472093,2.0403492649565247,0.2509932124038742,0.9795918367346939,0.8163265306122449,49.0
3,-1,210.0,True,True,66.53465346534652,144.95376760216854,134.41133229754104,,,,2.122287122823085,0.17740931370337198,34.0,0.058823529411764705,68.68067273963904,107.97472270443075,69.66193745699883,-0.613249654732826,0.0030929447528405913,-0.20726527051610594,0.06719506823872715,-0.5280618782334685,2.122287122823085,0.1629170346834565,0.9787234042553191,0.851063829787234,47.0
3,-1,360.0,True,True,55.594622543950365,147.44201886668054,124.94859140230855,,,,1.9015328967465257,0.5905805073181677,50.0,0.04,56.45494670418565,144.56374969445648,109.50785694057028,-0.7229529407438268,0.160566450684002,-0.12509379495081105,0.04591241316930651,-0.8057475489991752,1.9015328967465257,0.516107999582789,1.0,0.9375,48.0
3,-1,390.0,True,True,58.00604229607251,200.13517066837986,141.15603140359573,,,,2.308171040738363,0.7878506172592599,49.0,0.12244897959183673,56.16586703114713,144.0680773504564,121.36117476829067,-0.7003421154282674,0.16574778773578433,-0.12870065031351707,0.047860718058916264,-0.7573806144737354,2.308171040738363,0.7372472261137212,0.9782608695652174,0.8478260869565217,46.0
3,-1,450.0,True,True,52.67738883632923,199.370557863172,168.28640022295323,,,,2.407521815783833,0.8892359447462053,39.0,0.2564102564102564,62.351859606026345,309.1023417432988,105.1116925907778,-0.7285563584931856,0.12325524376327676,-0.12135811908023143,0.05768982892016037,-0.7861824250113931,2.407521815783833,0.6671964909189554,0.9183673469387755,0.6326530612244898,49.0
3,-1,480.0,True,True,53.17874396135266,159.98359739731114,151.58205875272404,,,,1.849687316733802,0.347479968463014,48.0,0.14583333333333334,53.318610078869774,141.39948332246465,106.99756803496659,-0.6722204867963621,0.10490325008797494,-0.10513600759781178,0.05741156652128916,-0.7477253317301984,1.849687316733802,0.347479968463014,0.9795918367346939,0.8979591836734694,49.0
3,-1,510.0,True,True,53.61038961038961,123.6451527103254,129.083684702018,,,,1.615992534217288,0.8364955129380207,48.0,0.125,55.21509542403949,204.02982996179998,119.41902960008787,-0.6249299320169989,0.07689368485365143,-0.1521366442527421,0.1105120418035319,-0.6687263307776834,1.615992534217288,0.7749095173666628,1.0,0.84,50.0
3,-1,540.0,True,True,52.547368421052624,146.32914979060493,129.82133348965516,,,,1.7433571477323206,0.8432869159889776,46.0,0.1956521739130435,56.2302293120316,223.8597591245853,127.15698708503618,-0.6953303153762024,0.11758728022760215,-0.11535407929164908,0.09270990333563481,-0.7706472685793072,1.7433571477323206,0.6957941290287657,1.0,0.8936170212765957,47.0
3,-1,570.0,True,True,53.70629370629371,163.03382484893064,127.23364901749731,,,,1.8598139851085265,0.3998906961137881,46.0,0.30434782608695654,60.284008736882015,230.3206482226264,101.04464050580283,-0.7111123676167639,0.14068625606586443,-0.1104001713684418,0.057104239092757775,-0.8139474878432655,1.8598139851085265,0.280433882389839,0.9782608695652174,0.8043478260869565,46.0
3,-1,600.0,True,True,56.20396600566572,233.79745148288612,129.16246632955463,,,,2.1341360300569723,0.36515874658256153,43.0,0.3488372093023256,70.12704894755497,290.8007663879808,105.27013902463848,-0.7028227165001789,0.10324215739141523,-0.18359851444785297,0.062224294928041525,-0.6526412594804336,2.1341360300569723,0.3139262577506094,0.9814814814814815,0.5740740740740741,54.0
3,-1,630.0,True,True,60.12043356081895,205.3014561581116,173.04562016605288,,,,2.1480235687255065,0.3327059036141694,48.0,0.25,70.14081141057262,255.40182461220567,106.49314159302689,-0.6996904877412934,0.12413266838450347,-0.18131980379354884,0.0674230992225911,-0.7125153912065807,2.1480235687255065,0.31044146283870605,0.9814814814814815,0.6111111111111112,54.0
3,-1,660.0,True,True,58.09379727685326,177.36386459299447,183.90187958742965,,,,2.2900045153825537,0.47696304807574275,41.0,0.21951219512195122,71.58432178208245,225.53064838545208,113.36594814609309,-0.7844556725851145,0.1833934697679636,-0.13762340454207583,0.08237789085812897,-0.8559584585977509,2.2900045153825537,0.25160281467150647,0.9649122807017544,0.7368421052631579,57.0
3,-1,690.0,True,False,52.52564728871519,196.92456412927925,141.69565967325215,,,,2.351161755382082,0.5607275681846391,37.0,0.2702702702702703,,,,,,,,,,,,,
3,-1,720.0,True,True,53.20665083135391,177.88965176137006,150.4637762278043,,,,2.0681373504710816,0.45135845585963913,41.0,0.17073170731707318,55.88940991308404,221.582914516749,91.5065259923476,-0.706028104574625,0.13168433002239907,-0.11533768294734498,0.06962565999791617,-0.8104114575080347,2.0681373504710816,0.399316949430405,1.0,0.7755102040816326,49.0
3,-1,750.0,True,True,55.03184713375797,145.04997941322767,134.7741165802989,,,,2.2827600921200193,1.1705321532443067,42.0,0.11904761904761904,56.52881228345437,187.20300031805266,112.08784560565364,-0.6816148827039592,0.11368500949775537,-0.12057734404493536,0.08678582393759125,-0.7457971991750018,2.2827600921200193,1.0049083254682571,1.0,0.8541666666666666,48.0
3,-1,780.0,True,True,56.07355327203894,203.28074513488136,137.60255014190528,0.31287221600261766,0.7895588999633532,1.7807011472234369,2.8456204353863,1.3787725624016511,36.0,0.5,58.33315055444808,256.3220954143953,117.27409257878993,-0.7728336155103176,0.1661193640682408,-0.12466512224004819,0.12061045278139781,-0.9033588233308806,2.8456204353863,1.3905900687361243,0.9545454545454546,0.7954545454545454,44.0
3,-1,870.0,True,True,52.173913043478265,203.79118210848182,154.2053723934416,,,,2.2724529502452593,0.8287190472104671,39.0,0.1282051282051282,57.25438781388384,257.7333874843412,112.06249575159678,-0.7233638384549128,0.1346262537309642,-0.13002999246302122,0.11960406593578284,-0.8626581234480832,2.2724529502452593,0.6866219964865788,1.0,0.7857142857142857,42.0
3,-1,960.0,True,True,54.02443539429841,126.54146570637934,129.3476455878407,,,,1.7237802658611114,2.8547736627234133,42.0,0.023809523809523808,56.26865587694982,197.62338988359977,106.3723267650354,-0.6784384533120699,0.14619011697713508,-0.18110781998892078,0.08985924796217423,-0.7200450314922261,1.7237802658611114,2.290746442005119,0.9591836734693877,0.7959183673469388,49.0
3,-1,990.0,True,False,55.077452667814114,122.95197233066251,127.85371007739882,,,,0.9908579365680432,0.2695077090290213,53.0,0.09433962264150944,,,,,,,,,,,,,
3,-1,1020.0,True,False,54.28007889546351,151.1093735480575,158.22413606066195,,,,1.1878134547833792,0.3049308264679908,46.0,0.1956521739130435,,,,,,,,,,,,,
3,-1,1050.0,True,True,51.62061239731143,173.28068754649865,144.90028899212038,,,,1.59374889449571,0.5302515272533509,40.0,0.35,61.053926680739046,288.3644947288004,114.83054296029651,-0.7540052107632187,0.138499769871554,-0.1928409025413287,0.08918067763362716,-0.763852137943831,1.59374889449571,0.3846875174887401,0.9782608695652174,0.717391304347826,46.0
3,-1,1080.0,True,True,51.51069945704248,194.1835475890112,160.36254498271512,,,,1.70695591203631,0.44062806971586727,45.0,0.28888888888888886,54.37726730601292,236.66057172248213,103.93389557297758,-0.6975344918064588,0.12113694053563052,-0.0717563190617933,0.06341689038001297,-0.8279511682840871,1.70695591203631,0.36607889728583315,0.9574468085106383,0.7446808510638298,47.0
3,-1,1110.0,True,True,54.17989417989418,191.9278036160509,137.99626353637262,,,,1.9858888262418792,0.9733061607207621,46.0,0.21739130434782608,53.49064588594216,192.6073569242664,103.42917406641696,-0.7025794343235588,0.0861095776567054,-0.06154420277255697,0.05226199696184323,-0.7924793891447837,1.9858888262418792,0.9050843026216581,0.9795918367346939,0.7551020408163265,49.0
3,-1,1140.0,True,True,53.99607586657946,173.96621813219414,113.81302218049191,,,,1.8717546062511334,0.5394038589790288,47.0,0.19148936170212766,54.45072960960152,168.17844075135136,113.11949248033403,-0.7007419400206796,0.08131290993151652,-0.07744378076567587,0.06197564029423755,-0.7856127861145558,1.8717546062511334,0.5394038589790288,0.9803921568627451,0.7843137254901961,51.0
3,-1,1170.0,True,True,53.27491785323111,203.6726498240793,157.27897792560017,,,,2.235437455136779,1.6671197628428165,46.0,0.15217391304347827,54.98244347792523,195.61782432959401,119.05496849689041,-0.6723285775733282,0.09583210157939458,-0.10230897293964494,0.06226556047955508,-0.7591339643771504,2.235437455136779,1.4923951851531916,1.0,0.851063829787234,47.0
3,-1,1200.0,True,True,52.67038148306901,243.04719862705406,169.37096397405313,0.38745036555684353,0.6924896220943002,0.8921007359319533,2.3275770113929375,2.3955833199627627,42.0,0.5,52.03317835043899,164.14342185013686,77.92963977411951,-0.6881547107325672,0.1294434398031181,-0.13858207665462347,0.1413441099759053,-0.8606762212856729,2.3275770113929375,2.79910799720302,1.0,0.85,40.0
3,-1,1230.0,True,False,51.36603161734901,138.10846721208787,152.49391637455577,0.420013332450625,0.6600075779930067,0.684023665162445,1.5981469927966827,1.4569109284252102,42.0,0.5238095238095238,,,,,,,,,,,,,
3,-1,1260.0,True,False,54.5353504167953,149.3466706253339,164.33096421128647,,,,1.0468320546532563,0.5732664312828428,49.0,0.4489795918367347,,,,,,,,,,,,,
3,-1,1290.0,True,False,55.19003513254551,194.97097665875214,160.16117790988787,0.3475419721771145,0.7395644549349017,0.9029643876063681,0.8573847919756342,0.5984178201860978,50.0,0.52,,,,,,,,,,,,,
3,-1,1320.0,True,False,53.33333333333333,202.45968978253944,132.07936018304918,,,,0.8783674915057044,0.684882161807501,46.0,0.34782608695652173,,,,,,,,,,,,,
3,-1,1350.0,True,False,53.00613496932515,129.55803520229765,126.45635981436443,,,,0.771957288145248,0.2719983960955672,48.0,0.3333333333333333,,,,,,,,,,,,,
3,-1,1380.0,True,True,54.06637613141134,140.5397817348262,142.66868149166945,,,,1.5027622977085868,0.5204699368296963,45.0,0.35555555555555557,57.02435804110515,174.54214907199187,94.25280069973691,-0.6366777128866842,0.12577468994887042,-0.18987199606802746,0.09297583315443428,-0.7656691729392837,1.5027622977085868,0.4376444134858916,0.975609756097561,0.8292682926829268,41.0
3,-1,1410.0,True,True,52.892561983471076,85.93203653961749,113.49038535297855,,,,1.5545164550220056,0.4525927794733914,44.0,0.13636363636363635,56.37564566422192,184.74776930399898,79.87334946626005,-0.6751908721354201,0.10973337014184288,-0.1046640971963992,0.10588100469975098,-0.8118783943758394,1.5545164550220056,0.370645748274871,0.9795918367346939,0.7959183673469388,49.0
3,-1,1440.0,True,True,53.1028522039758,85.10423211159666,108.99439858484628,,,,1.1067224017670896,0.21730449369919203,49.0,0.04081632653061224,53.65648164485747,92.78397255435291,98.64118633039377,-0.6998354980834619,0.08720116525478422,-0.09372706168652734,0.10588100469975098,-0.771646184855382,1.1067224017670896,0.21730449369919203,1.0,0.9574468085106383,47.0
3,-1,1470.0,True,True,59.91739329967875,194.5246476098611,127.54214762695624,,,,1.9559416856503686,0.7624776886816668,43.0,0.16279069767441862,59.56272771567029,201.58325266940807,102.0804100025155,-0.7213532738407147,0.0587614716168847,-0.11682315462409724,0.09338245033958054,-0.7289171619892187,1.9559416856503686,0.7624776886816668,1.0,0.8260869565217391,46.0
3,-1,1500.0,True,True,62.1153048527582,196.46442525434364,157.27897792560017,,,,1.7794770669318383,0.5539243522587407,47.0,0.2127659574468085,62.30042477193052,177.1203354203559,112.90839369024494,-0.6829952551112208,0.08309036901726398,-0.30556626066093945,0.12005113786694904,-0.513077486153118,1.7794770669318383,0.5539243522587407,1.0,0.8571428571428571,49.0
3,-1,1530.0,True,True,57.47302471284372,180.2367967330608,146.6032503760859,,,,1.2321114803659792,0.4584292755158263,50.0,0.2,64.26465197804885,225.10001778088218,122.16020449777893,-0.7080568271289764,0.13239013400369615,-0.30427862143726464,0.14160373802801196,-0.5550295793507378,1.2321114803659792,0.43953830120998627,0.9811320754716981,0.7924528301886793,53.0
3,-1,1560.0,True,True,57.59221726793677,234.49227546393135,160.32024970438943,,,,1.6354932895382635,0.3535758562462339,48.0,0.25,67.04585070902667,283.2549655675101,110.40089695621859,-0.7512689765619307,0.18699722961524934,-0.23579205631768327,0.0724961551869748,-0.7940553679629634,1.6354932895382635,0.31111242000274636,0.9433962264150944,0.7358490566037735,53.0
3,-1,1590.0,True,False,56.75750577367205,279.2437791426949,168.7843570349086,,,,1.794237643734944,0.5732302725011311,44.0,0.18181818181818182,,,,,,,,,,,,,
3,-1,1620.0,True,True,54.48140900195695,262.2428018806978,155.93718687343312,,,,1.5594283478498767,1.5622737317465303,41.0,0.2682926829268293,55.63226162832083,300.86231888830974,129.65510300972957,-0.6840724514646351,0.10839010637948536,-0.199355802971951,0.10756364235165948,-0.5499068505323339,1.5594283478498767,1.3505673235661857,0.9393939393939394,0.7878787878787878,33.0
3,-1,1650.0,True,True,55.32550693703308,240.12416891580722,147.4546602798138,,,,1.273162686141709,0.6294374178179685,39.0,0.3076923076923077,65.21111785672088,338.1735995429091,154.31754718953312,-0.735310202146161,0.16684931019310198,-0.23164567468153477,0.13843069640391897,-0.705724117294198,1.273162686141709,0.671913262308144,0.9736842105263158,0.7894736842105263,38.0
3,-1,1680.0,True,False,55.49132947976879,227.2444730933419,165.2891360976418,,,,1.0208707047057346,0.34335079586613726,45.0,0.4666666666666667,,,,,,,,,,,,,
3,-1,1710.0,True,False,56.12667478684531,251.5680456354134,145.26839048271134,0.4174825431639601,0.6734734648822175,1.0357532759988923,0.708381432764595,0.38009323516267507,46.0,0.5869565217391305,,,,,,,,,,,,,
3,-1,1770.0,True,False,55.54716981132075,223.0355545022685,142.92107014596087,,,,2.815966621959497,1.5376812749993556,30.0,0.26666666666666666,,,,,,,,,,,,,
3,-1,1800.0,True,True,62.95081967213115,294.56643830225136,145.51676950899278,,,,1.9098115556339175,0.7489164761494517,44.0,0.22727272727272727,70.76327854913151,290.9223846221142,138.939811754793,-0.754791822593282,0.11239995635304936,-0.18347893739916615,0.02772382133438768,-0.7560147478337532,1.9098115556339175,0.5677518732949158,0.98,0.56,50.0
3,-1,1830.0,False,True,,,,,,,,,,,63.90257210118895,256.29295089406827,135.19547167988708,-0.7355456831649383,0.15235087615699883,-0.18525154116747186,0.07606850289984854,-0.7835875954286557,2.5171539708556256,0.5278519328874062,0.9523809523809523,0.5714285714285714,42.0
3,-1,1890.0,True,False,57.2849328692193,294.7971560859273,194.45122601021316,,,,1.1392399875933295,1.9275388060427838,42.0,0.40476190476190477,,,,,,,,,,,,,
3,-1,1920.0,True,False,54.128070881997594,263.669893297097,190.76111404471024,0.35867435482503,0.7158594570684763,1.021605531640843,1.2153008149314157,2.63472978732401,43.0,0.6511627906976745,,,,,,,,,,,,,
3,-1,2010.0,True,True,66.20689655172414,248.4489646201677,168.3166213599883,,,,2.148007411927508,1.310795904512366,43.0,0.18604651162790697,65.8682591469531,153.0585847980748,89.80191341537093,-0.6142517038610947,0.05039795975197719,-0.1732331564291588,0.07691985520654507,-0.5315586946515595,2.148007411927508,1.310795904512366,0.9459459459459459,0.7837837837837838,37.0
3,-1,2040.0,True,True,57.433443015255754,175.3336492299636,159.23221126285517,,,,1.5737021233192754,0.7602452522170394,53.0,0.11320754716981132,58.62675399837258,135.99162259449653,123.37589410989489,-0.6422255381865587,0.08060252278595673,-0.17123863357142835,0.07754002993434739,-0.6634256182896138,1.5737021233192754,0.675336024891085,1.0,0.9803921568627451,51.0
3,-1,2070.0,True,True,56.973293768545986,192.58620187609813,159.58707792949016,,,,1.1447687810323224,0.23816923862936915,53.0,0.1320754716981132,59.69052250025743,123.86342526521817,138.52307484722712,-0.6203634512483678,0.12743443511023034,-0.21958641057867334,0.06466803900742464,-0.6082187405176099,1.1447687810323224,0.20018236992460917,1.0,0.9473684210526315,38.0
3,-1,2100.0,True,False,56.470588235294116,204.2984932615959,184.877493221863,,,,1.1006363822243403,0.24963374676961272,52.0,0.23076923076923078,,,,,,,,,,,,,
3,-1,2130.0,True,True,55.928500496524336,167.4049804590415,181.24920765546892,,,,1.5051151457245682,0.7580331277756551,50.0,0.24,57.74946405851048,159.25438621546473,130.28924392851513,-0.6108669122611258,0.19833901821212452,-0.24745293462731635,0.0794841090335985,-0.6631389501528767,1.5051151457245682,0.7951721203146377,0.9787234042553191,0.9361702127659575,47.0
3,-1,2160.0,True,False,64.26778242677824,236.07850127359535,149.35979917425908,,,,1.9063643817108955,1.4579186449076327,40.0,0.175,,,,,,,,,,,,,
3,-1,2220.0,True,True,108.3076923076923,71.31433641226762,65.67458444228382,,,,1.6115469787826964,0.17903153394076735,38.0,0.13157894736842105,108.62565173018,113.46543693313082,62.4176986980672,-0.827185832099887,0.16984583164130634,-0.2748041706143469,,,1.6115469787826964,0.17903153394076735,1.0,0.22972972972972974,74.0
3,-1,2250.0,True,True,109.79907264296753,79.28705950527169,57.37324390671413,,,,1.5876238554345783,0.31369449791069676,54.0,0.12962962962962962,113.22900467798016,77.57295585484921,63.38755257665621,-0.7732055706848765,0.1759831964593252,-0.25766723314036666,,,1.5876238554345783,0.2355923024879023,0.9868421052631579,0.21052631578947367,76.0
3,-1,2280.0,True,True,95.6662804171495,169.2364226246873,65.88721794309765,,,,1.5312194195175035,0.3014028576689975,57.0,0.24561403508771928,99.91060538499997,84.68794208914892,59.71059793551938,-0.7532899191174839,0.19301391416985172,-0.2963710026760289,,,1.5312194195175035,0.3134735750573685,0.9538461538461539,0.3230769230769231,65.0
3,-1,2310.0,True,True,86.35406698564594,196.29105578643416,89.79878190497713,,,,1.5940391189103476,0.3025331480949989,57.0,0.24561403508771928,94.67856643574983,68.39016207504832,54.356774527051485,-0.6725194257131402,0.13002874294828237,-0.3115053886966855,,,1.5940391189103476,0.25592577648909454,0.95,0.4166666666666667,60.0
3,-1,2340.0,True,True,83.41110217216412,172.36911615195135,102.08151856691214,,,,1.8631025175939804,0.4593983116366781,62.0,0.14516129032258066,85.14921235676785,128.07001179274593,80.32525987711972,-0.5318396716233783,-0.02997711453900123,-0.29789383919384127,0.07495453246696987,-0.19540656221172487,1.8631025175939804,0.39327613456093724,1.0,0.6428571428571429,56.0
3,-1,2370.0,True,True,86.57824933687003,149.22078785204027,122.9450654985176,,,,1.9319194262451127,0.7103494276337725,47.0,0.1702127659574468,83.12328744389369,158.5659692476616,103.03233666402426,-0.6038737886104502,-0.0055334704067144,-0.3141000926641446,0.10344628749862422,-0.31425666403746627,1.9319194262451127,0.7527601468062862,0.9787234042553191,0.574468085106383,47.0
3,-1,2400.0,True,True,94.11764705882354,146.3695935104411,130.05407529178007,,,,1.7341411977335899,0.5418041791953551,51.0,0.17647058823529413,92.51632198714765,131.60807033798602,95.11087085626129,-0.6282438524740896,0.12352213706569933,-0.30665082686252254,,,1.7341411977335899,0.6283722539616988,0.9818181818181818,0.36363636363636365,55.0
3,-1,2430.0,True,True,86.22293504410585,161.73711051934504,119.05343177773396,,,,1.5761528180422248,0.7807304111279952,48.0,0.14583333333333334,93.53034564129435,145.38927213610273,119.01001841303275,-0.6548501883346577,0.1846626264698439,-0.41862260922833094,,,1.5761528180422248,0.5351820922896355,0.9615384615384616,0.36538461538461536,52.0
3,-1,2460.0,True,False,81.7717206132879,159.6938191835134,130.39814596300144,,,,1.5695411351760542,0.5221075386439282,42.0,0.16666666666666666,,,,,,,,,,,,,
3,-1,2490.0,True,True,76.34756995581738,189.43387787911402,119.17734637801718,,,,1.4171159284816137,0.27934090736407835,41.0,0.14634146341463414,79.16766616681994,162.61681552369356,120.32307795488587,-0.6603869716286845,0.020778168766717287,-0.48086109234136737,0.22019399577993704,-0.25693641776725606,1.4171159284816137,0.29081579831433624,0.9387755102040817,0.6326530612244898,49.0
3,-1,2520.0,True,True,74.95495495495494,187.35972316745298,152.04297231272315,,,,1.1862271766915942,0.5560493562195649,39.0,0.1794871794871795,77.35568785845311,139.52457473967186,109.59208864591575,-0.6460602761323406,0.18002970982486272,-0.479544208661866,0.29225265571707376,-0.4105649710347447,1.1862271766915942,0.6052550988238822,0.9387755102040817,0.7142857142857143,49.0
3,-1,2550.0,True,True,80.2037697401936,161.89773918590123,163.50351200356522,,,,1.0058755691214314,0.5632370824954628,52.0,0.21153846153846154,81.5289465961619,125.91274872642869,93.307748883124,-0.5667406529422886,0.17732781118975824,-0.4441876397246494,0.20689161576699916,-0.4105649710347447,1.0058755691214314,0.6211431896146619,0.9649122807017544,0.7894736842105263,57.0
3,-1,2580.0,True,True,86.24368332397529,159.5401788260743,148.8344473175929,,,,0.8521135703967919,0.17395456547144877,53.0,0.24528301886792453,94.24033223508131,99.72728070049054,86.94306874884309,-0.6387665626539201,0.18132958840174465,-0.4300017451102555,0.17578755973087026,-0.27935952292021204,0.8521135703967919,0.15014311784630338,0.9365079365079365,0.5238095238095238,63.0
3,-1,2610.0,False,True,,,,,,,,,,,96.27527167655794,125.2334957617896,58.29307871020263,-0.8397023104106288,0.24379465693159247,-0.4918894079028937,,,0.7499740970577506,0.08377384529397891,0.8928571428571429,0.39285714285714285,56.0
3,-1,2640.0,False,True,,,,,,,,,,,94.40832648326594,137.35343359211467,101.32493659922585,-0.9316367925607936,0.20855162267112562,-0.4453447616893247,,,0.9087281748157467,0.1043165656771559,0.8983050847457628,0.4576271186440678,59.0
3,-1,2670.0,True,True,81.82218956649523,191.5909292403474,124.54343703436697,,,,1.1135429483345751,0.14154194698558004,41.0,0.4146341463414634,93.24329643001163,98.14003540645493,90.17941613295181,-0.7393088750074015,0.18435950473446217,-0.39235466271676633,,,1.1135429483345751,0.11594348197376826,0.9310344827586207,0.4827586206896552,58.0
3,-1,2700.0,True,True,80.41884816753927,197.64235376052372,133.98684248213826,,,,0.9871949741281957,0.14088652291554027,47.0,0.3617021276595745,92.14626409293983,92.53178104287066,57.98539766875006,-0.7814872186480017,0.2318301672629459,-0.48971297399830194,0.22700956745155781,-0.7172544483698802,0.9871949741281957,0.13682337831483574,0.96,0.52,50.0
3,-1,2790.0,True,False,73.05210918114143,167.61415974327076,167.02435575887327,,,,1.0909969394871624,0.2713479871015852,35.0,0.4857142857142857,,,,,,,,,,,,,
3,-1,2910.0,False,True,,,,,,,,,,,71.10410718366498,229.74416402871628,117.998576745761,-0.791650662221689,0.192726970689247,-0.4125855165435956,0.1657439195742946,-0.653791989390243,2.239529427014121,0.29995314490806113,1.0,0.717391304347826,46.0
3,-1,2940.0,True,True,61.96324518153295,166.72420416801017,183.59968645417516,,,,1.8755890784741873,0.490098240637369,46.0,0.21739130434782608,65.60420309768134,215.87984728512217,156.12197659311101,-0.5695902411601758,0.12428140215537917,-0.3312152525852048,0.10321520105707901,-0.48673983655918096,1.8755890784741873,0.43449066861819097,0.9761904761904762,0.8571428571428571,42.0
3,-1,2970.0,True,True,61.395348837209305,155.53815119536662,167.33514778041194,,,,1.7621216742948889,0.44254267776063255,49.0,0.14285714285714285,60.42161692938255,158.5376348670462,133.20899066010819,-0.5240946718841656,0.11490042551372834,-0.2893052923938887,0.052337243709597664,-0.4020263896908219,1.7621216742948889,0.4106207028720741,0.9473684210526315,0.8947368421052632,38.0
3,-1,3000.0,True,False,61.40572703607289,176.4261100505983,148.64294992531597,,,,1.6871155286016188,0.2867615622404046,51.0,0.09803921568627451,,,,,,,,,,,,,
3,-1,3030.0,True,True,60.9771986970684,246.72732455182046,118.24804197879212,,,,2.0357359972601765,0.9657553488484996,49.0,0.16326530612244897,57.253257870900036,135.49480388496463,123.65623338790233,-0.5946504279763413,0.1976500832469133,-0.29692865418726067,0.09333130200451781,-0.5701533568859962,2.0357359972601765,1.1257692782308202,1.0,1.0,34.0
3,-1,3060.0,True,True,58.68058143868804,217.8566798722018,167.6348048637995,,,,2.063959917408007,1.0760539422732027,48.0,0.14583333333333334,56.96923901124736,173.7938283662047,112.29711201760313,-0.5656794721174632,0.1369211678571654,-0.28273548097216317,0.040834246690096235,-0.48864869467475675,2.063959917408007,1.148130191943893,1.0,0.975,40.0
3,-1,3090.0,True,False,57.53943217665615,241.47970927411177,166.82934768798924,,,,1.6630946759093586,0.8427314903493867,48.0,0.08333333333333333,,,,,,,,,,,,,
3,-1,3210.0,True,False,63.26510234648028,249.43432243492492,172.2061204390444,,,,1.0776278078179886,0.2509635418029176,48.0,0.3333333333333333,,,,,,,,,,,,,
3,-1,3330.0,True,True,67.6737160120846,181.59919997833995,171.12575929246026,,,,0.42316763603113666,0.15448933034391552,47.0,0.3191489361702128,69.3162935639077,123.08181214591112,102.4235842942953,-0.7443412065579637,0.23058898071011266,-0.5380213824103968,0.2951597999281873,-0.6874192706747985,0.42316763603113666,0.16662420343756032,0.9215686274509803,0.7647058823529411,51.0
3,-1,3360.0,False,True,,,,,,,,,,,72.00521196315677,164.7316188491656,80.73885951205673,-0.6809194799227507,0.12319488060290547,-0.3782218360420699,0.20970541413628513,-0.6589538305941994,1.892152475538849,0.2367646521571285,0.9591836734693877,0.7755102040816326,49.0
3,-1,3390.0,True,True,66.72258837627322,188.501150061498,116.86152579415305,,,,2.4186332922513514,1.2121745769690824,42.0,0.2857142857142857,69.43646573163439,148.66351817687396,104.19134684399104,-0.6832021363361005,0.08371780912274784,-0.17492542696494084,0.07326754224656397,-0.6699810487390278,2.4186332922513514,1.182927165845322,1.0,0.74,50.0
3,-1,3420.0,True,True,65.11540273198304,156.31633016702037,124.51076133210334,,,,2.4057570384158375,1.7601739794549183,48.0,0.20833333333333334,68.0888997975727,126.90417970872205,83.60516001159333,-0.662049755904843,0.08371780912274784,-0.2949914479395176,0.11076328733421095,-0.4042329856514507,2.4057570384158375,1.4396419766228337,0.972972972972973,0.7837837837837838,37.0
3,-1,3600.0,True,False,53.640098603122425,242.06505479544012,93.62590993899478,,,,1.58273588516751,0.48878628694693593,41.0,0.4878048780487805,,,,,,,,,,,,,
3,-1,3630.0,True,False,52.1842890288366,185.73306808436266,123.98883006331154,,,,1.5663038241276168,0.34257348976346275,46.0,0.4782608695652174,,,,,,,,,,,,,
3,-1,3660.0,True,True,55.820714718352505,221.20992476397876,141.8078904576633,0.28626275183957783,0.7664144808346133,0.7259450872479691,2.0360337355622318,0.8773957288460393,34.0,0.5588235294117647,54.92717593447238,187.3480343744944,87.10034723252089,-0.7418206158450175,0.20679873929753112,-0.31873189037937577,0.2172385761870465,-0.777538735721365,2.0360337355622318,0.9616111241346114,1.0,0.7804878048780488,41.0
3,-1,3720.0,True,False,56.738786279683374,238.79147413079792,119.62170914433179,,,,2.220443463768402,1.2729803811810507,40.0,0.425,,,,,,,,,,,,,
3,-1,3750.0,True,True,52.71557271557272,210.4603464881839,95.51518031733298,0.2260535075553756,0.8396598807921996,1.1552316199489572,1.7134148751731002,0.5151447151878067,41.0,0.5609756097560976,61.6353863503685,289.76828570022917,100.2093734204198,-0.7953583454863864,0.24702754739409027,-0.28412670183600924,0.16029889625123242,-0.9740456920252489,1.7134148751731002,0.5541317846027546,0.9591836734693877,0.673469387755102,49.0
3,-1,3780.0,True,True,52.06073752711496,215.67217177253843,137.0040353366623,0.2535885509520733,0.8089476944997924,1.0177080710332134,2.0356140339212576,0.4864172859546187,34.0,0.5882352941176471,60.38522165633876,287.45942406166375,95.27432313590987,-0.7708434924610407,0.2188298544916758,-0.2527087487697595,0.1501981594980842,-0.9226095760817568,2.0356140339212576,0.4144883723161586,0.9782608695652174,0.7391304347826086,46.0
3,-1,3810.0,True,True,50.54925102133454,178.71352682163456,153.31443780765653,0.3961044157610173,0.6728292929905724,0.8085833970191952,1.8869581549354617,0.5242346422677193,38.0,0.5263157894736842,52.28829827728568,202.88284516356703,122.72634450531602,-0.7663269463871527,0.28982044366942017,-0.3369070010488933,0.16454705996108085,-0.8868519377842107,1.8869581549354617,0.5153776160942755,1.0,0.9210526315789473,38.0
3,-1,3840.0,True,False,52.92496171516079,261.62813448474583,133.77409245627496,,,,0.9951299759723221,0.37604605424711346,45.0,0.4666666666666667,,,,,,,,,,,,,
3,-1,3870.0,True,False,51.891891891891895,195.965967639723,154.9752689443545,,,,1.0219964682870148,0.49892518046712,44.0,0.45454545454545453,,,,,,,,,,,,,
3,-1,3900.0,True,False,53.17365269461079,205.78306042291118,171.5742561125559,0.30474340030684105,0.766540156483049,0.8011706891803926,1.1848150146605483,1.001228781855717,43.0,0.5116279069767442,,,,,,,,,,,,,
3,-1,3930.0,True,False,58.22485207100591,247.19992510630132,144.05538214520135,0.3111361134219747,0.7577875508252562,0.7339314123865808,1.1125373147990454,0.7023594940844771,47.0,0.5319148936170213,,,,,,,,,,,,,
3,-1,3960.0,True,False,56.31530705774519,263.8381998557544,159.6844762162072,0.3219656718148839,0.7636891891393139,0.7205603780887553,1.092776799792774,0.6743776141032017,42.0,0.5952380952380952,,,,,,,,,,,,,
3,-1,3990.0,True,False,49.72483004208482,152.21091554319221,168.67282185738557,0.3307786954366962,0.7387870700404112,0.7637104510981388,0.5522203444049092,0.26805932638177654,43.0,0.6511627906976745,,,,,,,,,,,,,
3,-1,4020.0,True,True,50.9064851307775,150.7963408422479,157.91142554915243,0.2995225967025403,0.7490037657745136,0.7907387527987736,1.3063531095371093,2.096427156222373,41.0,0.5853658536585366,53.718766186911644,232.85518216886635,132.7100917021926,-0.7209662777513108,0.22039964168719503,-0.30838617661037593,0.17081685062235316,-0.7961180977784966,1.3063531095371093,1.2887504146955284,0.9545454545454546,0.7727272727272727,44.0
3,-1,4050.0,True,False,54.550150667240636,187.2939702168567,180.675499356466,0.2697614223884411,0.7959811291984693,0.5904610321044298,1.3198453321414427,1.3272967083852882,39.0,0.5384615384615384,,,,,,,,,,,,,
3,-1,4080.0,True,True,51.008174386920984,168.9702478821811,144.1348025585554,,,,1.751970044745654,2.604493943132547,44.0,0.4772727272727273,53.32596514009197,193.5606137275945,109.12385446994617,-0.7391348493116426,0.2814808622967287,-0.28316548257407104,0.18241885044869244,-0.9117988089405159,1.751970044745654,1.9565811456318405,1.0,0.9361702127659575,47.0
3,-1,4110.0,True,True,47.83900335409679,105.7486048507715,134.0475661845451,,,,1.9043114575925206,3.123577801427716,35.0,0.42857142857142855,50.56857128096883,200.3170010033694,113.92067188357578,-0.7589007219646202,0.23993778030026006,-0.3111784225234023,0.1370321449809071,-0.8372132141734299,1.9043114575925206,2.2611251234572736,0.9512195121951219,0.8048780487804879,41.0
3,-1,4260.0,True,True,53.95348837209303,265.7913399050738,144.05538214520135,,,,2.0006528943743924,0.8057307526156762,41.0,0.43902439024390244,54.919724416968585,300.77201199973496,131.24886792465713,-0.6764371089194123,0.17815625611976224,-0.2607181289898599,0.08531120944594317,-0.6746416930198199,2.0006528943743924,0.6949877861330211,0.9285714285714286,0.6428571428571429,42.0
3,-1,4290.0,True,False,47.850467289719624,152.5776659001595,127.77371323895927,,,,0.9124921299182523,0.3136503416063809,45.0,0.28888888888888886,,,,,,,,,,,,,
3,-1,4320.0,True,False,49.69003912127596,206.51153549532202,137.80486779442097,,,,0.984189840260062,0.3318866035105307,46.0,0.15217391304347827,,,,,,,,,,,,,
3,-1,4350.0,True,False,52.904707233065444,200.92231786119808,118.31840678238838,,,,0.9987380097956816,0.2560369624809,50.0,0.14,,,,,,,,,,,,,
3,-1,4380.0,True,False,50.54077253218884,132.76609199140077,106.93815418746823,,,,1.0420233017845213,0.26344489229849866,48.0,0.125,,,,,,,,,,,,,
3,-1,4410.0,True,False,51.937665392531606,184.56623127580806,136.66293503543673,,,,1.0450271627923742,0.27997726960232966,48.0,0.10416666666666667,,,,,,,,,,,,,
3,-1,4440.0,True,False,53.59605911330049,199.04124517147636,134.98803082462197,,,,1.0349340524845598,0.2703467183922992,52.0,0.11538461538461539,,,,,,,,,,,,,
3,-1,4470.0,True,False,54.56673168013374,202.11191555500562,119.44163573823865,,,,1.097714998134238,0.3241294782850851,52.0,0.057692307692307696,,,,,,,,,,,,,
3,-1,4500.0,True,False,52.77947464874771,217.99167349408677,117.21353877379097,,,,1.1472918235908305,0.3107786428638143,48.0,0.0625,,,,,,,,,,,,,
3,-1,4530.0,True,False,52.795600366636116,197.1194820378332,113.21388082960499,,,,1.1385948319214982,0.2915544745451777,48.0,0.08333333333333333,,,,,,,,,,,,,
3,-1,4560.0,True,False,53.55648535564853,170.03156829118888,98.47146153283724,,,,1.1428228773176243,0.27748564789631613,51.0,0.058823529411764705,,,,,,,,,,,,,
3,-1,4590.0,True,False,56.5025466893039,170.26489425229028,109.16107498807985,,,,1.1004301857930627,0.2516012884398763,53.0,0.05660377358490566,,,,,,,,,,,,,
3,-1,4620.0,True,False,56.86310063463283,184.77022327392132,135.33744701284078,,,,0.9993227373792527,0.3247397998945971,52.0,0.21153846153846154,,,,,,,,,,,,,
3,-1,4650.0,True,True,57.56213017751479,238.35051454352148,145.708079223362,,,,1.248444128350573,0.9661504365074683,46.0,0.2608695652173913,59.1639286116521,251.6238162166996,90.80175455727709,-0.7384651272784977,0.24203163914925405,-0.20743709288564988,0.1278131907868965,-0.881678261699191,1.248444128350573,0.8212645282334013,1.0,0.84,50.0
3,-1,4860.0,True,False,53.398773006134974,197.28146349403102,132.6929609097634,0.30220859821382656,0.7731859840636028,0.5527380392816559,1.3753756088678355,0.4857829033063031,43.0,0.6744186046511628,,,,,,,,,,,,,
3,-1,4890.0,True,False,52.463640370207145,192.99328685257754,142.96173626433853,0.3089683486498012,0.7593695460175751,0.7961815699288687,1.975301659415037,1.678319868923755,38.0,0.631578947368421,,,,,,,,,,,,,
3,-1,5070.0,True,False,57.14834373499761,247.09969188263798,157.76178365480163,0.29476262500014216,0.7832658782277646,0.5767638196384717,1.2015424101424192,0.3432681257037865,41.0,0.7073170731707317,,,,,,,,,,,,,
3,-1,5220.0,True,False,52.29050279329609,156.570184762011,135.8102737039742,0.28697598341233815,0.801022835285193,0.6104484931355773,1.6170136030167994,0.728265706455399,45.0,0.9333333333333333,,,,,,,,,,,,,
3,-1,5250.0,True,False,52.92496171516079,172.1971187861573,131.49863559669774,0.31636787596516636,0.76281528537974,0.4961305480520881,1.5335193133668117,1.070008197179536,43.0,0.8372093023255814,,,,,,,,,,,,,
3,-1,5280.0,True,False,53.148788927335644,214.1288968724363,167.2556325347022,0.30038632790485087,0.7978428890507806,0.4940356830558016,1.0821477572245963,0.6852275666496672,45.0,0.7333333333333333,,,,,,,,,,,,,
3,-1,5310.0,True,False,54.57725947521865,173.86287553618183,155.36206033541993,0.24763124591223554,0.836705285207673,0.5186185969515598,1.3130735522303751,0.4857951883122158,44.0,0.6590909090909091,,,,,,,,,,,,,
3,-1,5340.0,True,False,55.68321249302844,248.80498643322738,182.51009978474477,0.23988588868723476,0.8314690680033748,0.5859735678329794,2.0561590908487664,1.3162968445435967,37.0,0.5945945945945946,,,,,,,,,,,,,
3,-1,5400.0,True,True,63.47107438016529,184.66461481636858,148.6686112030083,,,,1.144784156488143,0.32853071743948703,54.0,0.3148148148148148,66.80436127134396,193.01991353473986,112.21669781088582,-0.5861311399743993,0.24680089157463714,-0.2968388387630078,0.1688411874856382,-0.7047827387568629,1.144784156488143,0.29210731618708324,0.9545454545454546,0.8409090909090909,44.0
3,-1,5640.0,True,False,58.125,306.8217315197796,166.31204613970831,0.3127454670849472,0.7679636443152882,0.9112986860791886,1.8614405409735095,1.1295658643003326,40.0,0.7,,,,,,,,,,,,,
3,-1,5670.0,True,False,51.62832387212429,191.80917380052603,168.71255031073693,0.22993957379871774,0.8288580175364445,0.8322418764449528,1.7205448900990743,0.4743524664197735,48.0,0.6875,,,,,,,,,,,,,
3,-1,5700.0,True,False,52.10476491006627,169.4407875182543,165.69658156660063,,,,1.8257559453911427,0.31790897675990804,47.0,0.44680851063829785,,,,,,,,,,,,,
3,-1,5730.0,True,False,56.07355327203894,213.42111460654561,153.1993866937245,,,,2.280721166154606,0.8061332584429108,38.0,0.4473684210526316,,,,,,,,,,,,,
3,-1,5820.0,True,False,48.70099923136049,225.41875948623797,140.9552999265404,0.18511271323220285,0.8882773361318896,1.2513703738434312,1.9489760539695762,1.1889467083565923,40.0,0.75,,,,,,,,,,,,,
3,-1,5850.0,True,True,50.67047075606277,178.4998163866705,112.4927659711207,0.1747405763349119,0.8746077498191991,1.3377888048918163,2.0683632277124855,0.7283865970154128,43.0,0.5813953488372093,82.81329015593592,182.3638930030988,132.8702817809037,-0.8793393320285099,0.2450547511653955,-0.17843088501545482,0.05866898120868731,-1.018824406992114,2.0683632277124855,0.6488273264027801,1.0,0.75,72.0
3,-1,5880.0,True,True,50.13957676722197,169.29461355633023,91.59453946109949,0.22281486061990324,0.832301638232906,1.5244241955021172,1.9311871881470535,0.7490109715326433,34.0,0.5,74.7837067265662,278.8607781743178,131.97412647893972,-0.8650976101062597,0.24081704105058988,-0.12601323569630613,0.06943302342014612,-1.004064424370079,1.9311871881470535,0.5903341880671675,0.9836065573770492,0.7377049180327869,61.0
3,-1,5910.0,True,True,53.68126747437092,266.2634372942946,173.7418902269768,0.3680320850878545,0.7068153371318016,1.03106566970334,0.7495038243865234,1.020120664040496,47.0,0.6595744680851063,54.25054026396333,255.92359804296038,109.6240737915791,-0.8114004539471271,0.19863643644630408,-0.20492712525103457,0.14642458033120867,-0.9593651303496329,0.7495038243865234,1.1791083435038014,0.9555555555555556,0.8888888888888888,45.0
3,-1,5940.0,True,False,50.984455958549226,213.6812019328121,177.29383934234713,0.3256741099039927,0.7606213065717464,0.9307886825471565,0.23291045095802615,0.5702025100375048,46.0,0.8695652173913043,,,,,,,,,,,,,
3,-1,5970.0,True,False,52.4553415061296,229.25267333138865,174.6054424892735,0.2974472664423949,0.7982816894972716,0.8491521925828408,0.19926823962351028,0.5766707800723152,46.0,0.8260869565217391,,,,,,,,,,,,,
3,-1,6000.0,True,False,55.7395056885053,252.61178531744866,178.27153583545083,0.30407057627099815,0.7824532596629066,0.6334430007343537,-0.04256136166110927,0.5671202870720398,43.0,0.7674418604651163,,,,,,,,,,,,,
3,-1,6030.0,True,False,58.18181818181819,246.33544678699818,163.56786066676867,0.30127602180831115,0.7757946938782901,0.6661921137354446,-0.05555152651618137,0.5547789925155604,46.0,0.7608695652173914,,,,,,,,,,,,,
3,-1,6060.0,True,False,55.19003513254551,244.035946624569,160.1721282779352,0.29426491142978106,0.7800263361202339,0.7861953943937389,-0.04252978014165056,0.4488719577118743,49.0,0.7142857142857143,,,,,,,,,,,,,
3,-1,6090.0,True,False,54.14030261348006,247.90110736342467,162.40481988177976,0.31226669349511876,0.7499627428336899,0.8369314960649047,-0.03988429179553527,0.4352391924895571,46.0,0.717391304347826,,,,,,,,,,,,,
3,-1,6120.0,True,False,52.09302325581396,206.9968731368795,156.03952169796844,0.3877811878157831,0.6745161496911932,0.7397928652217157,0.0007616727751392372,0.37646729661561545,43.0,0.8372093023255814,,,,,,,,,,,,,
3,-1,6150.0,True,False,54.20017108639863,240.45249282966873,142.51122146058358,0.3462763392950628,0.7597008045567764,0.6265024655289103,-0.11086207701072566,0.46872932924603944,42.0,0.9047619047619048,,,,,,,,,,,,,
3,-1,6270.0,True,False,51.42857142857142,208.88038807649826,115.10298830467724,0.35869122603158926,0.7503885296537178,0.5869849990586788,1.6604903441467949,0.5732384309354459,39.0,0.6923076923076923,,,,,,,,,,,,,
3,-1,6300.0,True,False,50.802919708029194,180.94557839279045,113.0854475712103,0.3101564594466408,0.7705839663647835,0.6333668006638934,1.8434377523411831,0.6860531967412682,39.0,0.5641025641025641,,,,,,,,,,,,,
3,-1,6330.0,True,True,52.354483481908765,228.015483459162,138.72283782886694,0.3840736608239431,0.7269041443409532,0.665153671152819,2.5105024751483986,0.6644432043164286,33.0,0.6060606060606061,56.067157157503935,250.607450693773,122.00087766032529,-0.777649644891386,0.3377874655000125,-0.2618710535011348,0.2665703304967054,-0.9636155407863604,2.5105024751483986,0.5234444711867121,0.972972972972973,0.7837837837837838,37.0
3,-1,6420.0,True,True,59.00967558338076,230.00435717181523,154.5743483462462,,,,1.769152076564277,1.1380610297373788,45.0,0.35555555555555557,60.52770196702298,243.22515461923592,102.87926438153302,-0.7691601933027821,0.1681762108600127,-0.15283899610389215,0.10656307389567193,-0.9091072795971729,1.769152076564277,1.150910309161452,0.9743589743589743,0.717948717948718,39.0
4,-1,0.0,True,False,73.44889420203228,162.58500292085117,186.22978311230338,,,,2.8110878016045873,0.25188731850114976,44.0,0.25,,,,,,,,,,,,,
4,-1,30.0,True,True,68.38063439065108,188.1754205403546,121.97629651602276,,,,2.7151341338408153,0.2861516440750653,47.0,0.3191489361702128,74.74350219461812,165.8253578709587,66.40440625778835,-0.7266028683952301,0.2099123634666795,-0.2012850515197152,,,2.7151341338408153,0.2209516293968465,0.9803921568627451,0.3333333333333333,51.0
4,-1,60.0,True,True,64.10902896081771,183.78051498785362,161.1145335554621,,,,2.404648441835816,0.31949414216079713,55.0,0.32727272727272727,66.13448732802358,122.21418517902906,88.3117965335888,-0.6034923541405974,0.1506207873125615,-0.1732800670601677,,,2.404648441835816,0.3126011943741335,0.9814814814814815,0.37037037037037035,54.0
4,-1,90.0,True,True,63.2656663724625,183.5018723889531,171.7960677340692,,,,2.4148404623714126,0.19679830543399526,59.0,0.2711864406779661,67.68061523398545,152.270720298368,89.51292243264568,-0.5842047148014967,0.14564488484545146,-0.1842698758677799,,,2.4148404623714126,0.17071128355238388,1.0,0.3275862068965517,58.0
4,-1,120.0,True,True,63.149055283414974,188.47792693869548,182.75239396516807,,,,2.5051697506553507,0.1984711969725806,54.0,0.2777777777777778,66.95537797272249,152.91650775609477,83.37412934935723,-0.6053955116024246,0.14305388624746943,-0.1747188504322854,,,2.5051697506553507,0.1726210958440161,1.0,0.46296296296296297,54.0
4,-1,150.0,True,True,66.31476050830888,181.88879864139042,185.95480725409894,,,,2.519270872538315,0.19465421183774037,58.0,0.29310344827586204,66.9085499080938,116.74457946438949,52.10517548588502,-0.5677402937063074,0.1520900233559694,-0.20366591803397807,,,2.519270872538315,0.1734664693971886,1.0,0.4909090909090909,55.0
4,-1,180.0,True,True,70.582056892779,188.51540108916245,165.33309013008946,,,,2.7536854909106396,0.2573582962817641,52.0,0.3076923076923077,75.11681933889975,201.54990327425685,78.63374809419997,-0.5968796502704318,0.13597694028779458,-0.24697284581460363,,,2.7536854909106396,0.18760154847618052,0.95,0.38333333333333336,60.0
4,-1,210.0,False,True,,,,,,,,,,,80.64610510973232,234.26910917991404,108.15194145900443,-0.6942428894570434,0.22900192241738304,-0.2272070210238886,,,3.0656808434364407,0.16168166061709358,0.9056603773584906,0.33962264150943394,53.0
4,-1,240.0,True,True,68.15177478580172,177.52856078327451,101.92909266031732,,,,3.082224006720794,0.1558825451365006,38.0,0.34210526315789475,73.27922279969881,137.39514340099964,67.39383376620378,-0.769435472974049,0.23571261538303206,-0.17803874354234756,,,3.082224006720794,0.1581934675294909,0.9375,0.3958333333333333,48.0
4,-1,270.0,True,True,69.81818181818181,189.57188610128875,134.6086189622085,,,,3.012757167696301,0.17895204298399797,50.0,0.3,77.13395106569273,154.24943930824975,79.08016783799891,-0.6554684791380124,0.18455069274301777,-0.1613962504135728,,,3.012757167696301,0.15623406487934782,0.9433962264150944,0.37735849056603776,53.0
4,-1,300.0,True,True,68.09013668267454,144.7115872247851,128.94943226350816,,,,2.671321795755859,0.19761313279651055,54.0,0.48148148148148145,71.94454390720611,146.35158356255076,87.8834033971553,-0.6049659844592004,0.16406417442068874,-0.15019626315267964,,,2.671321795755859,0.1539810626288968,0.95,0.4166666666666667,60.0
4,-1,330.0,True,True,64.18879056047199,173.5629018032164,136.16286676904502,0.12947851462861484,0.9336067480823813,1.1658461322278093,2.484158477788812,0.20783344584098867,55.0,0.5454545454545454,65.58743399453435,129.85296072586925,94.60325872975628,-0.6123705977155863,0.14732099563326193,-0.14456682779482954,0.10958153468761396,-0.910902194483933,2.484158477788812,0.1918152176266127,1.0,0.5,58.0
4,-1,360.0,True,True,64.0435670524166,189.14639537510914,162.45022524943985,,,,2.3715948323662213,0.24636099064931222,55.0,0.43636363636363634,65.22689601338207,164.4066157797468,110.14462059954815,-0.6386993094359159,0.14688041977599253,-0.1507196146879384,,,2.3715948323662213,0.2656377206705267,0.9833333333333333,0.43333333333333335,60.0
4,-1,390.0,True,True,63.661375661375665,186.5665846615014,166.9338446275735,,,,2.3333930817571957,0.2430198683565687,54.0,0.4444444444444444,63.306965158286836,134.1767154146054,93.28081819296719,-0.6386993094359159,0.1476902403872551,-0.14032866674500183,,,2.3333930817571957,0.2430198683565687,0.9661016949152542,0.4576271186440678,59.0
4,-1,420.0,True,True,59.82025164769323,167.60340487135724,181.81848174499217,,,,2.3605122695990453,0.23126743338360692,55.0,0.4727272727272727,61.89669243090743,107.0707197525819,86.42548541328703,-0.6345898909160719,0.14397509195148925,-0.10378922589085682,0.12108936579564539,-0.9587381361093809,2.3605122695990453,0.22550392500445768,0.9824561403508771,0.5263157894736842,57.0
4,-1,450.0,True,True,59.11060433295325,189.64872769219687,177.16469485075888,,,,2.3435628138149154,0.26138630077033903,56.0,0.42857142857142855,60.527890470497724,108.03991705993576,91.64417500126754,-0.6534285754162382,0.14424270612137077,-0.15984841807394748,,,2.3435628138149154,0.2510201569076275,1.0,0.4107142857142857,56.0
4,-1,480.0,True,True,59.45661700262927,203.11191623598475,167.3713471378597,,,,2.289881485182113,0.2419995347355181,56.0,0.3392857142857143,59.680615140027214,118.53597267499279,95.78604248425653,-0.6542724677598065,0.139973880796754,-0.12813003523367303,0.1071852234107236,-0.9613442456057496,2.289881485182113,0.2419995347355181,1.0,0.5,58.0
4,-1,510.0,True,True,59.64830011723329,178.60581653975427,160.2144626590836,0.1798098156326632,0.9069858953479304,1.1739714941207562,2.2639941345040593,0.2547909067708892,56.0,0.5,61.39938119363331,147.21032273319707,98.47008857661925,-0.6559453642654434,0.14951406200502,0.0032906714308078826,0.11869862818130886,-0.9912857283373935,2.2639941345040593,0.26466533267807507,0.9672131147540983,0.5081967213114754,61.0
4,-1,540.0,True,True,58.89236012496449,180.98395685076684,170.23363999956058,0.18225065950739808,0.9008998296246329,1.2409295566466767,2.1937851492852465,0.3148213225403,56.0,0.625,63.03375037552779,168.64569670150598,98.14928846422568,-0.6705970567350636,0.16962094333744177,-0.19117271714036094,,,2.1937851492852465,0.25656371454603216,0.9836065573770492,0.36065573770491804,61.0
4,-1,570.0,True,True,58.49365303244005,196.92219708414336,157.95510608459116,0.15597792216365328,0.9163367217110613,1.339750498065127,2.192717131788047,0.3043367798389427,56.0,0.5714285714285714,59.99748668744645,112.2866823861089,84.66694714319846,-0.6646970561794578,0.17114581914462884,-0.1725154929295291,,,2.192717131788047,0.28066386092444917,0.9655172413793104,0.41379310344827586,58.0
4,-1,600.0,True,True,59.37051352843732,189.24629831125623,144.4441962994519,0.1439388176674298,0.9279816425391424,1.3048032595674133,2.2521712717766813,0.28281894323949547,57.0,0.5964912280701754,59.76002609850391,100.75754120672532,82.9208336170225,-0.6537836559537352,0.14441383229094096,-0.1036973180443915,0.13491657104699767,-1.030717121472094,2.2521712717766813,0.28281894323949547,0.9827586206896551,0.5172413793103449,58.0
4,-1,630.0,True,True,62.80667320902845,192.76747460757386,162.4480904851538,0.1713450095105862,0.9037781325000284,1.3078935252864965,2.4643714930684224,0.2365447744184778,55.0,0.5636363636363636,64.76127980603952,125.18370402901527,77.33289345439347,-0.6566224582052396,0.15974099835574163,-0.13120933996852702,,,2.4643714930684224,0.247983921021448,0.9830508474576272,0.4576271186440678,59.0
4,-1,660.0,True,True,64.48017148981779,160.6978518149421,154.908556207494,0.2108909416182831,0.8657860894370307,1.2778491388270787,2.4589326048510176,0.25637614289345056,54.0,0.5185185185185185,67.38929030418429,121.2808249439405,70.2227706812743,-0.6698516998427624,0.17070753020045484,-0.19737214221371913,,,2.4589326048510176,0.20558683249370804,0.9833333333333333,0.31666666666666665,60.0
4,-1,690.0,True,True,60.625881026219346,186.2476353980246,164.46685115450006,0.19022811496647565,0.8903435648780239,1.2543734486077642,2.2738517189787393,0.3424955770713879,58.0,0.5689655172413793,64.1997426495192,131.64029784163193,87.2396095152681,-0.6585221832972963,0.17215905814197474,-0.1955283628431501,,,2.2738517189787393,0.30375911491455587,1.0,0.3387096774193548,62.0
4,-1,720.0,True,True,56.68306801736613,193.24134686255658,152.71888908066103,0.16435456772556356,0.9225305260624698,1.2941890368186437,2.3042174937253064,0.34535621903625885,53.0,0.660377358490566,61.71413849545482,203.232225293931,103.46654722554453,-0.6603513304106848,0.1712713411210841,-0.17105343827027739,,,2.3042174937253064,0.30695614825557194,1.0,0.40350877192982454,57.0
4,-1,750.0,True,True,56.37492941840768,174.14812151387093,129.03639263789114,0.15883361422610254,0.9295071661668118,1.323052765258947,2.3182816006485063,0.3231969887985767,54.0,0.6666666666666666,59.82318323603091,193.92776684032364,89.02286179502163,-0.6603513304106848,0.15135854212154876,-0.1710229848398036,,,2.3182816006485063,0.28422217062267263,1.0,0.36363636363636365,55.0
4,-1,780.0,True,True,58.895705521472394,160.96474733387822,138.37170417258363,0.15871626166902505,0.9292067268667917,1.2804613526626496,2.3046940200094923,0.3023720521380455,56.0,0.6785714285714286,60.132203924282194,126.70698316598636,83.2730528537908,-0.6520838653656142,0.16082895661602786,-0.1944432855780203,,,2.3046940200094923,0.2787571907910806,0.9830508474576272,0.3220338983050847,59.0
4,-1,810.0,True,True,59.81308411214953,176.63341537185406,136.142911362249,0.1594786414298799,0.913824518253997,1.2877410847600292,2.264753576601719,0.29846924439572275,57.0,0.6842105263157895,62.0007701212933,142.52756468330546,87.57060451199813,-0.6543456861128757,0.17197156440909225,-0.20346978183466588,,,2.264753576601719,0.2940733145706585,1.0,0.3050847457627119,59.0
4,-1,840.0,True,True,66.85660018993352,163.26175943513292,99.72093301663055,0.22054301561537454,0.848153084247384,1.3274557820029242,2.223972673356361,0.31423336595858353,59.0,0.6949152542372882,69.94510533223169,130.26557495750174,71.88608531848173,-0.666805688479571,0.2049543793966486,-0.20296114859789785,,,2.223972673356361,0.32127394752864125,0.9833333333333333,0.16666666666666666,60.0
4,-1,870.0,True,True,62.563787273286195,167.90169208986566,113.8563644359022,0.20905156274528014,0.871172704978092,1.3283188627844562,2.32659376845146,0.30460476177372364,56.0,0.7678571428571429,64.5191825648844,131.64869803036365,99.99630070667105,-0.6837318049302579,0.20584432028595467,-0.19263403257679157,,,2.32659376845146,0.3090256118540045,0.9824561403508771,0.19298245614035087,57.0
4,-1,900.0,True,True,55.728368017524645,175.102566712442,153.6161946796533,0.15469422306283298,0.9309210180626487,1.3542618636808863,2.371054902095738,0.32236040493250423,54.0,0.6666666666666666,56.57897746041316,123.05696739972743,132.42540317466265,-0.6694427233744173,0.16216347164570727,-0.17702346643571187,,,2.371054902095738,0.2967911966082353,1.0,0.39622641509433965,53.0
4,-1,930.0,True,True,56.593886462882104,176.7612529122181,153.11525620926145,0.14153566826386346,0.9384715557281424,1.300509517864562,2.3584111717780782,0.3188856498184232,55.0,0.6909090909090909,57.02435216447969,104.47175338674441,116.54082547157509,-0.6665021078790656,0.15096976287731828,-0.17596901035763338,,,2.3584111717780782,0.3306848614218226,0.9824561403508771,0.38596491228070173,57.0
4,-1,960.0,True,True,57.999430037047595,171.4471973390562,142.0166479628748,0.1672487706015359,0.9104309386878946,1.3442016539577308,2.3216791526571896,0.359397526370878,55.0,0.7454545454545455,59.46303232695165,123.52853500828805,102.62294416070796,-0.6823159970729,0.17113095612934798,-0.1777733219483735,,,2.3216791526571896,0.30348323216005324,1.0,0.41379310344827586,58.0
4,-1,990.0,True,True,56.873285792649476,195.59803987784002,172.0352991488253,0.16647617627818945,0.9119159638534517,1.311984817011237,2.302688000100051,0.33718762211321385,55.0,0.6909090909090909,59.6906880898543,153.0791048456833,100.2127337613007,-0.6937565466434378,0.17663148879855442,-0.18534893341639652,,,2.302688000100051,0.2962223733624463,1.0,0.3684210526315789,57.0
4,-1,1020.0,True,True,58.617818484596164,173.33848543965007,146.36714058746244,0.15497372973972898,0.9217455990885618,1.277628019633717,2.3100366180005154,0.3284051469095821,56.0,0.7321428571428571,59.75613649575931,113.29107528351014,79.01499833179432,-0.6937565466434378,0.1652269471235998,-0.1803051129494759,,,2.3100366180005154,0.30396447502487506,0.9827586206896551,0.39655172413793105,58.0
4,-1,1050.0,True,True,58.31032578685809,154.45784081634207,115.7920745477048,0.154024697022315,0.928335151477141,1.3163408124530769,2.2917151098749153,0.3248467137990594,56.0,0.875,59.34805888468656,100.18290122391143,98.76541573523487,-0.6995932548771242,0.16368864194194757,-0.16984899300061845,,,2.2917151098749153,0.30054182684983927,0.9655172413793104,0.41379310344827586,58.0
4,-1,1080.0,True,True,55.983338292174956,184.93026291495457,126.26852002500685,0.14298066592759873,0.9460002969485795,1.3495862381821784,2.297879916340275,0.3278057088019698,52.0,0.7307692307692307,58.17476655725526,132.01941892261763,99.9697261780651,-0.6938074112313195,0.15859559129306075,-0.16966629056306698,,,2.297879916340275,0.3174022856402903,0.9818181818181818,0.43636363636363634,55.0
4,-1,1110.0,True,True,56.362476068921495,161.05826427958803,113.71817678132528,0.14299093364409543,0.9435177413992198,1.3930647561351772,2.278041519061018,0.3295692325221018,51.0,0.6470588235294118,58.71967054115994,164.66360205563987,85.76048719007285,-0.6770656087630564,0.16425077718363348,-0.17173968186497443,,,2.278041519061018,0.3238679519712385,1.0,0.4074074074074074,54.0
4,-1,1140.0,True,True,58.738049713193114,146.66849023311258,105.42686180850436,0.1596734323558827,0.9168616401993868,1.358811395644656,2.3061245539260047,0.3815322554265143,53.0,0.7358490566037735,66.08478612163863,228.46819882182456,96.00982259333473,-0.6791781323884983,0.16673251730242175,-0.2030589376708858,,,2.3061245539260047,0.33618828402927126,0.9827586206896551,0.27586206896551724,58.0
4,-1,1170.0,True,True,63.91123439667129,199.67750900376927,122.54850533855681,0.22179346796568897,0.8658006632555367,1.326461169898439,2.325774662951764,0.33325032018092654,53.0,0.6792452830188679,67.39882021233305,143.90718886020974,61.94011276736798,-0.6775193671018578,0.20403872473029797,-0.22984522019990977,,,2.325774662951764,0.3046110083611476,0.9827586206896551,0.20689655172413793,58.0
4,-1,1200.0,True,True,67.33031674208145,212.23497071806742,107.41907143470723,0.274039554945888,0.8200611645304992,1.2501599722173677,2.8794758394568127,0.22616949619592897,42.0,0.5476190476190477,72.53397044234202,141.50794068102826,67.42709656578583,-0.6856080886421929,0.21297047760456056,-0.24619719987068941,,,2.8794758394568127,0.25184895808647456,0.9245283018867925,0.22641509433962265,53.0
4,-1,1230.0,True,True,63.656752803510486,195.0697578004111,115.46770456976753,,,,2.6227794270380684,0.29320314471462156,45.0,0.4666666666666667,70.28548777295009,219.4722022269405,110.97841135111236,-0.6695811244652405,0.15583811829396607,-0.20281372841777853,,,2.6227794270380684,0.26703033497554374,0.9122807017543859,0.2807017543859649,57.0
4,-1,1260.0,True,True,58.41664079478422,183.40736078875514,160.31640412577306,0.15281295871650893,0.915514794352062,1.287855451384634,2.2928266857234934,0.29412459270637165,54.0,0.6481481481481481,64.06258308357883,197.00427177018761,100.54407125262877,-0.6428271912501216,0.15010538027757991,-0.17004118219659778,,,2.2928266857234934,0.23027724248790066,0.9830508474576272,0.3728813559322034,59.0
4,-1,1290.0,True,True,57.808753833286865,129.3680301540325,150.94105844666652,0.1344797529450398,0.9324195306762207,1.2667417094555784,2.216285780076952,0.34615526870620533,55.0,0.8181818181818182,60.26445064773331,114.45583692382421,103.85281349705402,-0.6688851029578778,0.15399434681419533,-0.16830541139002772,,,2.216285780076952,0.2877421433051023,0.9821428571428571,0.42857142857142855,56.0
4,-1,1320.0,True,True,57.14939896966227,144.4051586816893,132.31021329668258,0.13914350286244398,0.9341593392277214,1.3088557201706825,2.1865906379983238,0.3574165366005493,54.0,0.7962962962962963,61.46595069090835,140.42737977794854,122.8185901682138,-0.6857892680563467,0.1625000435651731,-0.1703833511659953,,,2.1865906379983238,0.32135953972254827,0.9636363636363636,0.45454545454545453,55.0
4,-1,1350.0,True,True,58.85517672818267,161.1071432282595,108.1868235357925,0.1497277441460213,0.9204317069700532,1.333074740505251,2.201901685043592,0.35307279753615645,54.0,0.7037037037037037,63.05465614714283,164.60607125503574,139.65270577338995,-0.6789464080394251,0.14565873526969605,-0.16128055470377273,,,2.201901685043592,0.28504298457297533,0.9821428571428571,0.4642857142857143,56.0
4,-1,1380.0,True,True,59.53488372093023,155.6814538243348,124.90468927321754,0.14949990067497432,0.9111836917460104,1.3147967172663237,2.249547854079164,0.292585859262218,57.0,0.6842105263157895,62.03789849006953,151.89722080365848,122.72609798305855,-0.6802315520578825,0.145814909273499,-0.16069733579088755,,,2.249547854079164,0.2877164636553394,0.9830508474576272,0.4406779661016949,59.0
4,-1,1410.0,True,True,60.631578947368425,153.27421996435612,118.76174753922842,0.21429280454614996,0.8629312929050934,1.250278808266826,2.739285511611971,0.32364583743233993,50.0,0.7,61.03663785545671,106.47300232005627,83.87563377738745,-0.7019742841703982,0.15392508457834325,-0.16290397655957572,,,2.739285511611971,0.32364583743233993,0.98,0.46,50.0
4,-1,1470.0,False,True,,,,,,,,,,,80.24828115182974,220.81029433107517,117.74436784282186,-0.7025294757003446,0.16592652290242463,-0.19999331384342167,,,2.952248016530429,0.22599621335101863,0.9038461538461539,0.40384615384615385,52.0
4,-1,1500.0,True,True,63.90015600624026,244.43656458728276,170.44862679118302,,,,2.82750634326993,0.26172153829885786,41.0,0.24390243902439024,74.49470457926853,214.75737251469434,105.57083917703737,-0.7085203317488391,0.2372932953914765,-0.2200512698429029,,,2.82750634326993,0.24170750906414143,0.9629629629629629,0.3148148148148148,54.0
4,-1,1530.0,True,True,64.22939068100358,199.43483618862078,159.75241260567344,,,,2.965525454438719,0.38655900406783456,39.0,0.4358974358974359,73.70761129551218,203.40513230648148,97.25530391488596,-0.6904985978371077,0.22574939820921264,-0.18289286602111174,,,2.965525454438719,0.28673824917980406,0.9803921568627451,0.3333333333333333,51.0
4,-1,1560.0,True,True,58.24800910125143,188.8104413490416,156.47305507430252,,,,2.793129189025857,0.4889017922427991,47.0,0.46808510638297873,64.3475536267029,229.82480735950207,123.2744655698428,-0.7045232638523148,0.18573201063017705,-0.16588449529243288,,,2.793129189025857,0.43844628514516554,1.0,0.4,55.0
4,-1,1590.0,True,True,56.75436003547148,162.02989545662143,162.6959850538162,,,,2.3192876310223327,0.25631265277839305,53.0,0.33962264150943394,66.21472219982478,248.0665363562732,123.28257098596944,-0.678783097342026,0.18114702987289258,-0.18867219682598854,,,2.3192876310223327,0.2258227426715719,0.9818181818181818,0.4,55.0
4,-1,1620.0,True,True,58.434782608695656,150.1071123641104,121.72698112042501,,,,2.1977799649429692,0.2122113054763647,52.0,0.25,61.93777171455456,155.78307918473865,101.70989518556534,-0.579247297079957,0.154822810627818,-0.1901909075346504,,,2.1977799649429692,0.189318728409647,0.9574468085106383,0.44680851063829785,47.0
4,-1,1650.0,True,True,61.358189081225035,201.9280747260981,144.92836772293177,,,,2.8559221702771955,0.29223216215258124,53.0,0.20754716981132076,61.91537967208294,122.76343117677685,82.91772906781618,-0.5923096949518407,0.15275222663963273,-0.2016820600612842,,,2.8559221702771955,0.26208226262021517,0.9636363636363636,0.34545454545454546,55.0
4,-1,1680.0,True,True,61.507098653076085,215.43896084343632,165.7281518405971,,,,2.990185675162677,0.3089059921203511,51.0,0.27450980392156865,65.30118172530831,145.29364863284488,93.06044755103684,-0.6987045223883528,0.15112023424035806,-0.1852713604607192,,,2.990185675162677,0.2748070326040858,0.9833333333333333,0.4166666666666667,60.0
4,-1,1710.0,True,True,60.98003629764065,187.7482163053496,143.80094206054423,,,,2.741077601849839,0.3444664918007203,42.0,0.2857142857142857,63.242982968354475,119.20492346777749,82.37917083433906,-0.7369414197413309,0.16161058689259836,-0.181483431083255,0.006911839371030728,-0.8535822018851904,2.741077601849839,0.2817128307210734,0.9787234042553191,0.5957446808510638,47.0
4,-1,1770.0,True,True,67.55277560594214,144.01514715640084,83.56857558710627,0.3066724097874767,0.7646939964555539,1.458673836718873,3.0363303636090784,0.2955655355863332,54.0,0.6481481481481481,68.93823862161821,182.92152482840046,99.1949527469879,-0.7230914526843834,0.19047305253166008,-0.18847758893293995,,,3.0363303636090784,0.3181614454188466,1.0,0.2909090909090909,55.0
4,-1,1800.0,True,True,61.119648737650934,121.53002835469728,100.78772161543971,0.23253336563954158,0.8506451547370097,1.3751994474070763,2.615829581120437,0.4427484351705487,59.0,0.847457627118644,64.3749893240261,160.97966412127965,91.2973486964703,-0.6869377327061006,0.19298593024550728,-0.1838476999394844,,,2.615829581120437,0.4023573119941331,1.0,0.3114754098360656,61.0
4,-1,1830.0,True,True,58.77015578026784,126.84283577250261,110.32419231000138,0.21028331241577666,0.8773623609201073,1.3913609168658079,2.6253932542010223,0.44404696566207413,57.0,0.8947368421052632,62.77161447602853,183.6830885487002,99.73371028248813,-0.685761186315028,0.17982368351465444,-0.1768433072728716,,,2.6253932542010223,0.36987331176313903,1.0,0.3728813559322034,59.0
4,-1,1860.0,True,True,60.07989347536617,153.84803878855323,106.87292553700323,0.22571569279824888,0.865889202980088,1.327096792358495,2.8232110761326017,0.3249179068429208,53.0,0.9056603773584906,64.82959421953832,194.89100976247713,114.62274697408556,-0.6861200840513406,0.1721875346870631,-0.17661214596489896,,,2.8232110761326017,0.30659739116805446,0.9827586206896551,0.3620689655172414,58.0
4,-1,1890.0,True,True,65.7856093979442,153.47188884944634,101.548190383867,0.2827153651702613,0.8124650222513135,1.2758087841193602,3.0857199603031207,0.36684475995718846,47.0,0.723404255319149,70.35298202314429,166.02219175217903,109.94549803121058,-0.7080356812200921,0.2264116906357684,-0.23024701352021776,,,3.0857199603031207,0.3332089961505381,0.9818181818181818,0.21818181818181817,55.0
4,-1,1920.0,True,True,61.47431124348473,147.22242491166736,81.81795907635043,0.23737315985911375,0.8722733240927422,1.2462274448699922,2.9847245747447375,0.5232363788374087,49.0,0.7755102040816326,62.74468735450012,123.19806345463857,78.60034568860243,-0.6554906374128141,0.22900818752059474,-0.20057427945340744,,,2.9847245747447375,0.47306833054261377,0.9814814814814815,0.2777777777777778,54.0
4,-1,1950.0,True,True,60.38100997883278,146.7471679637557,134.84202997164869,0.19356599676042618,0.9218221719938462,1.2093475410830352,2.9005201004775767,0.28363831483560514,56.0,0.8035714285714286,60.4362872096016,66.57157213901212,66.46028561586834,-0.6504908268287197,0.23592551163887868,-0.22407395115051304,,,2.9005201004775767,0.28363831483560514,0.9821428571428571,0.26785714285714285,56.0
4,-1,1980.0,True,True,63.38212394892557,164.51785372699922,162.25733782274864,0.2190412526316794,0.8942650558841787,1.2136108609318597,2.7911702692638163,0.3234393935445669,57.0,0.7017543859649122,63.35418386113984,101.62666784002332,71.9488394448134,-0.662444458074547,0.24968891672878687,-0.24379252682325409,,,2.7911702692638163,0.3234393935445669,1.0,0.22033898305084745,59.0
4,-1,2010.0,True,True,60.9165687426557,126.42768715895814,117.63544705680901,0.251231675099115,0.8662243587780672,1.3209559052910917,2.798642498642584,0.4672347607944606,57.0,0.8245614035087719,62.02588362410735,111.28618654781391,70.8404324398757,-0.6787918470691604,0.24294025828977805,-0.22558756359803958,,,2.798642498642584,0.42631639872562643,1.0,0.26229508196721313,61.0
4,-1,2040.0,True,True,60.31413612565445,71.01173480950004,67.08997943738761,0.22993782481149685,0.8886432183124565,1.2934611823602031,2.7548493307090944,0.41847822913468596,58.0,0.9827586206896551,60.27974858770665,53.425243813572656,59.64015730331818,-0.6728152404530195,0.23498474274617587,-0.22641475473089287,,,2.7548493307090944,0.41847822913468596,1.0,0.23333333333333334,60.0
4,-1,2070.0,True,True,61.98632010943912,86.43438487889048,76.3433203156516,0.22355501137499426,0.890456329078992,1.2307494126950946,2.765006658542694,0.3761293261099691,60.0,0.95,62.62317808022166,86.01971902719362,58.26872425303734,-0.6637805107681383,0.24150042428839222,-0.23137848569073363,,,2.765006658542694,0.3761293261099691,1.0,0.13114754098360656,61.0
4,-1,2100.0,True,True,61.665759390310285,116.12595740046308,72.81987623581902,0.23379439849498856,0.8778300207170872,1.248748261512176,2.7892132610650573,0.43478269108451667,60.0,0.9,63.6981083106945,111.76591590166149,50.25551248215043,-0.6799691908665397,0.2469425930368634,-0.22749482302188875,,,2.7892132610650573,0.367530695427733,1.0,0.1935483870967742,62.0
4,-1,2130.0,True,True,61.51506923703502,102.67352313242924,61.74422855308328,0.23544656902952174,0.8761026232888335,1.2951405085279577,2.7547953620199506,0.43828059059887947,60.0,0.95,62.30934414585029,84.18662977226789,51.637991697640636,-0.6898668890776113,0.24987748568701398,-0.23008664949443602,,,2.7547953620199506,0.4028218817128026,1.0,0.2459016393442623,61.0
4,-1,2160.0,True,True,61.270976616231096,109.3706112463194,65.76303510114391,0.26069640261678656,0.857889053345636,1.300957518794858,2.7564767403415207,0.5072754743329678,59.0,0.9830508474576272,62.169369763974544,116.15389211820208,66.52231948264483,-0.7033808481010368,0.2596860381192457,-0.2326525317203416,,,2.7564767403415207,0.46431727553303415,1.0,0.2,60.0
4,-1,2190.0,True,True,59.18097754293263,162.41387302262723,79.56644371540833,0.2662234204139152,0.8495871686882455,1.298612197081432,2.942534604626446,0.32046277396814926,42.0,0.7619047619047619,64.48603019995753,193.80879782568798,77.70144337822859,-0.7061907124177588,0.23183155054739357,-0.217803467223187,,,2.942534604626446,0.326124259690985,0.9622641509433962,0.2830188679245283,53.0
4,-1,2250.0,True,True,66.09571788413098,194.0208816474245,144.4432446030562,0.21745945152975404,0.8761726681176043,1.2941772698151417,2.955132942971328,0.21059237971890074,50.0,0.56,69.23522944480995,143.23241356804084,83.2958023514366,-0.6212852717506494,0.203725800403196,-0.21321841661068144,,,2.955132942971328,0.21266730221250765,0.9818181818181818,0.4,55.0
4,-1,2280.0,True,True,64.22775800711743,155.464607978633,136.8117243392052,0.201774367751958,0.8872136437768307,1.1524922644313582,3.055558005506669,0.1239101919075758,53.0,0.6792452830188679,65.09328322044664,92.63299629224703,59.84797151937005,-0.6285559697988614,0.20727617344124322,-0.20970594873772908,,,3.055558005506669,0.1239101919075758,0.9824561403508771,0.40350877192982454,57.0
4,-1,2310.0,True,True,63.673469387755105,196.7350773577388,151.2884119612272,0.19257551413488544,0.8875430349461153,1.0661708254135083,3.3125900032886686,0.118973742720387,50.0,0.54,66.02661891253938,122.42983898430667,70.2110964395997,-0.6265342511667984,0.21650410984787105,-0.20928840209813188,,,3.3125900032886686,0.12454447783780116,0.9411764705882353,0.35294117647058826,51.0
4,-1,2340.0,False,True,,,,,,,,,,,67.20489252080414,117.6824605589364,69.52256755401987,-0.642458606658785,0.1814123836260757,-0.21993803512869234,,,3.168880368364255,0.18207755629945288,0.9574468085106383,0.3404255319148936,47.0
4,-1,2430.0,False,True,,,,,,,,,,,68.45191641465031,99.7888024792318,100.65645213672833,-0.6129558138432816,0.16486743180467875,-0.21664869764126252,,,3.1879212296111388,0.26762868661632955,1.0,0.38095238095238093,42.0
4,-1,2460.0,False,True,,,,,,,,,,,68.38646603369511,142.25412350651422,112.80720734173174,-0.6180527691016823,0.16443585310686443,-0.27004180479344975,,,3.09875617738729,0.3219154413773546,0.9761904761904762,0.3333333333333333,42.0
4,-1,2490.0,True,True,64.56795889771135,220.1639922188505,161.22825995839108,,,,2.9744378711618222,0.5152752037866704,45.0,0.4666666666666667,66.0276854365467,174.30876382969015,124.26650500175639,-0.6514500900498564,0.15178141108744192,-0.16613562098393744,,,2.9744378711618222,0.45935848084361497,0.9607843137254902,0.45098039215686275,51.0
4,-1,2520.0,True,True,61.744782757440994,200.08803837490365,139.8746745088814,,,,2.481129185846597,0.30286916439853234,51.0,0.47058823529411764,63.46960003792658,120.37835125117333,102.19387762248607,-0.666269295460886,0.13005675664205024,-0.12602852862227887,0.05646626389662292,-0.7718183616373797,2.481129185846597,0.2742758568002587,1.0,0.6428571428571429,56.0
4,-1,2550.0,True,True,60.22953328232593,199.69399465563404,172.37734354522445,,,,2.734615150043978,0.4689268496320639,48.0,0.3958333333333333,61.97743289833244,127.42843285501851,95.8743616358408,-0.6673627444741312,0.12652948503108405,-0.14438885708366647,0.06705955832496552,-0.7902911248801481,2.734615150043978,0.4464834316833587,0.9811320754716981,0.6037735849056604,53.0
4,-1,2580.0,True,True,61.52202937249667,182.76670671876056,147.9320041130691,,,,2.9436254291892676,0.4169861581956642,45.0,0.4666666666666667,65.9986856650301,168.7478441506009,81.04370771538618,-0.6692038886606556,0.19357284868813884,-0.21165325434293897,,,2.9436254291892676,0.3460610506076026,0.98,0.34,50.0
4,-1,2610.0,True,True,63.019693654266966,188.8392068635393,145.3733911400656,0.2061783346462327,0.885066093777324,1.1817450197391346,3.1509319244732295,0.21921241313840645,39.0,0.5128205128205128,67.90204984091558,180.55832725716095,91.9843933627926,-0.6680844686781462,0.22639328322531638,-0.2516478919612601,,,3.1509319244732295,0.18517811779676008,1.0,0.22448979591836735,49.0
4,-1,2640.0,True,True,63.69181380417336,159.6093838405068,85.97694801676656,,,,3.1842590132095077,0.22180601583227444,42.0,0.47619047619047616,68.08720336455221,186.56082624457724,96.08264458554765,-0.6643714571224972,0.21154477266209992,-0.21451909448282105,,,3.1842590132095077,0.2024956589474396,0.9818181818181818,0.2545454545454545,55.0
4,-1,2670.0,True,True,59.75230231819626,216.5715446447892,130.9893244695918,,,,2.4470444876600386,0.30223804961296324,53.0,0.49056603773584906,59.91865363193018,125.80797340916186,101.87230105348995,-0.6608353532215314,0.20965340007913302,-0.20683817660664847,,,2.4470444876600386,0.30223804961296324,1.0,0.26785714285714285,56.0
4,-1,2700.0,True,True,58.60938383267383,220.21370017895333,173.49078171270574,0.21071244236185205,0.8989612412241754,1.1451697419141844,2.1198076593294335,0.3317359073257444,56.0,0.6071428571428571,63.18146200288967,157.8898092747089,99.25936530794434,-0.6619662440496389,0.21128880387771745,-0.24011950069304835,,,2.1198076593294335,0.28129635820808885,0.9824561403508771,0.24561403508771928,57.0
4,-1,2730.0,True,True,62.31237322515213,153.68816025866528,143.48934702037408,0.22202354459934048,0.897873077235177,1.151882730304402,2.099909686916883,0.3589443393543421,59.0,0.6440677966101694,63.2480732499783,114.9031064535867,99.50352712338605,-0.6692038519584014,0.2513349636872179,-0.2555822034196804,,,2.099909686916883,0.33245796366052766,1.0,0.16666666666666666,60.0
4,-1,2760.0,True,True,62.60292898590771,126.59310006473726,133.30942575373905,0.19823111558382633,0.9348106633657296,1.1341207044469608,2.0749913151323547,0.33369522116113864,61.0,0.7049180327868853,63.400635010477295,82.60156730746276,81.87047799120174,-0.6747885661888015,0.26970396577829053,-0.26626720590800895,,,2.0749913151323547,0.31064737267822645,1.0,0.13114754098360656,61.0
4,-1,2790.0,True,True,63.87579706126975,161.89719890922743,159.36176972714685,0.19730102626609158,0.9377119198530997,1.1616056873596134,2.0579114785119716,0.3148588447113077,61.0,0.7704918032786885,64.00189160327858,82.78394873129247,69.08189067474255,-0.6807478786590098,0.2673784300624281,-0.2729859453617403,,,2.0579114785119716,0.3148588447113077,1.0,0.06451612903225806,62.0
4,-1,2820.0,True,True,61.481682496607874,185.79328372638932,149.82318447804684,0.19678148164040057,0.9382888571343513,1.1712161165099544,2.0863238602730543,0.3552983654317048,60.0,0.7,63.015522339231836,102.03769155944727,66.88801515046958,-0.6863763011988183,0.26854320615897886,-0.2655020311325931,,,2.0863238602730543,0.3031814883613092,0.9830508474576272,0.1016949152542373,59.0
4,-1,2850.0,True,True,63.135642982971234,177.65605992776727,134.48117451181383,0.20028635260991373,0.91852254974716,1.1349348833941668,2.170466818647182,0.32049828497985056,58.0,0.6724137931034483,65.44057980755315,138.18404289380936,76.42089995279355,-0.667855582527189,0.26333795042761016,-0.25348422467805154,,,2.170466818647182,0.3175101666406373,1.0,0.1694915254237288,59.0
4,-1,2880.0,True,True,72.29100191448627,167.71224514836723,82.11234276956408,0.23283485854795244,0.8687494104107109,1.1947925859081776,2.2725553041831574,0.40003243615524287,63.0,0.5873015873015873,73.88314442047496,158.74608302252093,71.07818415076811,-0.6674693736621207,0.24647126970974487,-0.2378508451489005,,,2.2725553041831574,0.3615662591725231,1.0,0.14705882352941177,68.0
4,-1,2910.0,True,True,68.93466745144202,215.7220543633161,131.71652578193255,,,,2.2840017046155383,0.4913016212310186,63.0,0.49206349206349204,72.34025128816171,204.60651592731222,98.76754679020425,-0.6574675692774568,0.21408222449347789,-0.20187502096748036,,,2.2840017046155383,0.4484962852779925,1.0,0.19696969696969696,66.0
4,-1,2940.0,True,True,59.578454332552695,197.15634558172002,167.61275555031824,0.2004109655284071,0.9033561336111933,1.189753527437633,2.2077170591961184,0.33014607516451405,56.0,0.5357142857142857,63.423829452938485,199.0966525271212,125.00171041114355,-0.6367567734526843,0.1924010710359546,-0.21576120337635624,,,2.2077170591961184,0.30599481405867873,0.9824561403508771,0.22807017543859648,57.0
4,-1,2970.0,True,True,60.34451495920217,191.39212123108535,148.40971468257112,,,,2.142790953665354,0.32423585171932906,56.0,0.44642857142857145,62.407134219538065,160.64483257493384,88.04131728718282,-0.65368205843154,0.2135258089202639,-0.23928301175417946,,,2.142790953665354,0.3167620108318633,1.0,0.16363636363636364,55.0
4,-1,3000.0,True,True,61.54942119323242,189.1003019150296,166.5573488214452,,,,2.1241308860963093,0.37617271386574186,58.0,0.3448275862068966,63.30159116518,180.58190158962282,109.14068152059423,-0.6537704008725824,0.20719549036365353,-0.20850794866088376,,,2.1241308860963093,0.310963239976241,0.9482758620689655,0.25862068965517243,58.0
4,-1,3030.0,True,True,60.358377868594786,181.85841980319836,172.138596568496,,,,2.380680126714538,0.39001516166772426,55.0,0.38181818181818183,61.78456681364344,167.51180299752326,108.79252156692321,-0.6549303869249002,0.1696285285688358,-0.20884537179367443,,,2.380680126714538,0.39165116456388643,0.9649122807017544,0.3157894736842105,57.0
4,-1,3060.0,True,True,58.55890202058711,229.69111119174113,170.98491115811944,,,,2.602616128633052,0.4995637062233408,48.0,0.3958333333333333,64.54371845540936,239.98919711091426,88.40958113134286,-0.6699189801822808,0.14054366205799423,-0.1701181485898047,,,2.602616128633052,0.47273577441464354,1.0,0.43636363636363634,55.0
4,-1,3090.0,True,True,56.542893725992315,231.14266669559248,180.80712717673282,,,,2.51274699152846,0.42575614394603706,49.0,0.40816326530612246,63.908147866070394,255.8189307391911,120.6296167636997,-0.676164253702349,0.11899813766324169,-0.12415644534667847,0.06991987476560987,-0.8165763485594072,2.51274699152846,0.3670450540221717,1.0,0.5454545454545454,55.0
4,-1,3120.0,True,True,56.45430959930816,193.78755170567183,171.48901464192141,,,,2.7359906950211283,0.30492023283942504,53.0,0.49056603773584906,59.7491654473723,207.37763707276696,116.65554531246082,-0.6941581187776358,0.11989073928882285,-0.14056087148676505,0.07333004660942206,-0.8732768235047312,2.7359906950211283,0.27068068279542074,1.0,0.5,50.0
4,-1,3150.0,True,True,56.44815256257449,208.41425793155122,182.08959888969363,,,,2.9308242942104097,0.4041905728003182,44.0,0.4090909090909091,60.88693471908381,219.86907212415133,121.86262462149541,-0.6908187472670689,0.11794661475711692,-0.029562648131764065,0.07778690457030636,-0.906596296035238,2.9308242942104097,0.39905283303978684,1.0,0.5510204081632653,49.0
4,-1,3180.0,True,True,71.24760076775432,259.39197003658023,134.62485321418617,,,,3.089605337812561,0.3413349294189215,43.0,0.23255813953488372,76.5383972266146,254.01073442298326,126.12723186398814,-0.7340544265298297,0.15086988918549413,-0.11140039528165616,,,3.089605337812561,0.376164462468334,0.96,0.36,50.0
4,-1,3210.0,True,False,74.21617752326414,224.36946709285726,97.41115075630032,,,,3.1199274132660917,0.27050375550263667,42.0,0.35714285714285715,,,,,,,,,,,,,
4,-1,3390.0,True,True,65.72972972972974,159.49467134264975,142.65645781161518,0.21531232164149494,0.8788773972363816,1.0781559968395376,2.3668461434603283,0.2884391120183489,49.0,0.5102040816326531,71.63206828182423,167.08117730268202,84.95013392415402,-0.6591728942035171,0.2232693268995426,-0.21197069729621007,,,2.3668461434603283,0.22307430815815987,0.9615384615384616,0.34615384615384615,52.0
4,-1,3420.0,False,True,,,,,,,,,,,72.55831706656743,175.45254647176472,100.45113064791192,-0.6760737781590692,0.2344433660702473,-0.20973847655095468,,,2.625180906958915,0.27688712269193827,0.9782608695652174,0.32608695652173914,46.0
4,-1,3870.0,True,True,67.80096308186197,173.41366415857607,186.55723633929495,,,,2.472718615766741,0.3085234537144373,48.0,0.2916666666666667,71.91584278379798,196.40571194293915,61.84417805651616,-0.7078605248959235,0.17760992943937448,-0.2473221074485348,0.054245470298596506,-0.7074175365109954,2.472718615766741,0.26934620372101953,0.9795918367346939,0.5102040816326531,49.0
4,-1,4290.0,False,True,,,,,,,,,,,66.17638554555539,215.7841989228094,118.79294120057511,-0.6865944389261446,0.056150930639843936,-0.18414720907653215,0.1301677753522732,-0.6009436421606664,2.607428884238617,0.5218771795972997,1.0,0.7450980392156863,51.0
4,-1,4320.0,True,True,61.91699014631233,165.20591393786023,134.5220409336374,,,,1.4697174997824112,0.2754837168413061,57.0,0.2982456140350877,84.9597213776446,229.99918680542632,137.72570720465993,-0.7790507539568622,0.08842921972414605,-0.204168495375541,0.13304164834163945,-0.7196250619967326,1.4697174997824112,0.244352097717632,0.9836065573770492,0.6229508196721312,61.0
4,-1,4350.0,True,True,58.97018970189701,145.6279190568331,147.79062691547716,,,,1.5013087543431611,0.5613841416005878,53.0,0.4339622641509434,59.185184511339465,123.79990930765359,120.66111945041945,-0.6752267520988424,0.039519367366945196,-0.13687391892734585,0.10879680474652081,-0.6716165796288525,1.5013087543431611,0.5140287156928196,1.0,0.9464285714285714,56.0
4,-1,4380.0,True,True,56.90896259703599,131.71597413473393,156.82187015315606,,,,2.741510683557978,0.31111445524033476,30.0,0.4666666666666667,58.29690781580736,181.81541428198113,112.25435694604712,-0.7227367562570142,0.11693760717689289,-0.16081609329113136,0.10261285472836151,-0.7640113831387771,2.741510683557978,0.32988112065240177,1.0,0.8571428571428571,49.0
4,-1,4530.0,True,True,61.89982728842832,155.87235281745933,116.17035428747637,,,,3.410443559644946,0.3954749067426301,42.0,0.3333333333333333,66.31632832143251,232.52743558678466,132.93942367574897,-0.7350693345987299,0.09901649426973075,-0.10367301994426523,0.047606498086820874,-0.698788851494937,3.410443559644946,0.35540774444854634,0.9259259259259259,0.5185185185185185,54.0
4,-1,4560.0,True,True,60.926243567753,159.40761199932024,153.3291817070807,,,,3.2187436781272174,0.47113599359793057,47.0,0.2553191489361702,63.40840372707032,146.7533289805353,106.08235548379263,-0.6909937956413515,0.10464414742404515,-0.12657975448871658,0.050867007754657065,-0.8240047768729781,3.2187436781272174,0.37446539989917366,0.9622641509433962,0.5283018867924528,53.0
4,-1,4590.0,True,True,59.161590827660326,195.65636258421134,179.44471175237473,,,,2.7531843559488727,0.2717302339959935,50.0,0.14,62.53512374067441,168.6261285079499,132.35781320327393,-0.638889720207829,0.05885504631768348,-0.07211603412717288,0.053355088373383416,-0.6993184224700947,2.7531843559488727,0.24583237348757597,0.9814814814814815,0.7037037037037037,54.0
4,-1,4620.0,True,True,58.27993254637437,179.83326048949573,171.65291048999867,,,,2.7257832553672903,0.2801646233498729,51.0,0.09803921568627451,61.67677561971669,181.42968633658566,132.92217348793542,-0.6336999667674779,0.037136921464142894,-0.05326938044132644,0.055176427291888444,-0.6919325242933646,2.7257832553672903,0.2672060848521077,1.0,0.8035714285714286,56.0
4,-1,4650.0,True,True,56.253923962329964,165.037193377153,117.07070329064193,,,,2.5179829732750334,0.25855285632124425,48.0,0.14583333333333334,61.18478030495547,194.2118897440194,87.86854290923685,-0.6082521027214868,0.0749976725707589,-0.024498839973014636,0.061467715403246546,-0.7131032304473686,2.5179829732750334,0.2452279527737436,0.9607843137254902,0.6470588235294118,51.0
4,-1,4680.0,True,True,55.565891472868216,149.28572738862567,116.22871668969478,,,,2.7407488078090623,0.3537156813455815,39.0,0.1794871794871795,59.58778237787277,177.93306254650616,119.58954474554507,-0.6091479479429743,0.10867920633867875,-0.10725248188565961,0.030357562595423198,-0.6780167071205834,2.7407488078090623,0.24987278867651244,0.9111111111111111,0.5111111111111111,45.0
4,-1,4740.0,True,True,71.39154929577464,182.54176566506968,105.67034218315592,,,,3.102601671018813,0.34505659345579487,47.0,0.40425531914893614,78.24892937939259,149.91860551889755,92.54820730456316,-0.8017968775698457,0.23490481220969806,-0.1921872271459993,,,3.102601671018813,0.28805087114682215,0.9607843137254902,0.29411764705882354,51.0
4,-1,4770.0,True,False,68.3679525222552,213.0208552890414,146.83551663447267,,,,3.152289158349812,0.3190003426491062,42.0,0.2857142857142857,,,,,,,,,,,,,
4,-1,4800.0,True,True,65.70013507429086,214.59917339292844,152.5309717334908,,,,3.107147336271948,0.3137445800048109,47.0,0.14893617021276595,64.77231387760084,177.4084815553888,92.47484348702923,-0.6307008507291,0.04504726056023959,-0.06234122265241169,0.060849731200803954,-0.670059587436915,3.107147336271948,0.3417203102148064,0.9807692307692307,0.5961538461538461,52.0
4,-1,4830.0,True,True,57.60543447495047,145.83508815206562,136.886058343244,,,,2.557230598625263,0.2512964970356953,55.0,0.12727272727272726,57.505356019174585,99.61413330709327,91.71879982472105,-0.6520670527655377,0.041389677167161805,-0.040657702964718004,0.05995688418849422,-0.7072339059623419,2.557230598625263,0.2512964970356953,0.9818181818181818,0.7636363636363637,55.0
4,-1,4860.0,True,True,56.944599888080575,203.3446813626996,146.21416049468897,,,,2.431245832890077,0.21802397568268445,54.0,0.18518518518518517,58.97524626478057,166.8133155637802,92.22411088211925,-0.6604136069369826,0.05722365208298117,-0.054594840591196216,0.05319028773887225,-0.7020647898991559,2.431245832890077,0.21028420375270648,0.9818181818181818,0.7454545454545455,55.0
4,-1,4890.0,True,True,58.09379727685326,197.92575726527008,158.60721925561901,,,,2.2462670017625785,0.2832369567744069,53.0,0.39622641509433965,62.20510642979911,203.12170273101316,90.33254985154838,-0.6744827773346419,0.07118651739176621,-0.04133823288589162,0.08259638925578683,-0.7552063707220944,2.2462670017625785,0.2388550976076383,0.9821428571428571,0.6785714285714286,56.0
4,-1,4920.0,True,True,56.61229611041405,180.49996932984737,140.0638445293961,,,,2.1604947650724595,0.2721243731109815,51.0,0.29411764705882354,63.718679692967896,202.99419230473387,95.68419342217973,-0.687224391517954,0.07118651739176621,-0.026348267952887066,0.07635590387305183,-0.8165080022823585,2.1604947650724595,0.21261443357623236,0.9821428571428571,0.8035714285714286,56.0
4,-1,4950.0,True,True,57.17766497461929,172.08771132613978,99.39852070312088,,,,2.2857674543406805,0.2970810473807126,48.0,0.08333333333333333,59.9669173422694,195.15824499466123,93.18172801506255,-0.675165733936296,0.06056459648467505,-0.008755789697476537,0.05901461160044393,-0.7893554485467639,2.2857674543406805,0.24984112638280945,0.9803921568627451,0.9019607843137255,51.0
4,-1,4980.0,True,True,56.91470054446461,180.62206130062404,127.37695393145945,,,,2.319638910587011,0.3100340655002295,52.0,0.25,60.478811924066406,194.55036832459587,91.13342994305127,-0.6689713440988998,0.061751486399674684,-0.02081060736200483,0.05984970767189629,-0.7999861827129975,2.319638910587011,0.301844031342876,0.9814814814814815,0.7592592592592593,54.0
4,-1,5010.0,True,True,57.5764993880049,191.84961622185432,139.39234660878427,,,,2.2291674395609786,0.295223793479299,52.0,0.3269230769230769,62.21752550876447,190.98742050505538,79.01124414649108,-0.6761367453843014,0.10071803275734931,-0.032004357992302696,0.07907290891636935,-0.8655845549197373,2.2291674395609786,0.2506480041492445,1.0,0.6470588235294118,51.0
4,-1,5040.0,True,True,58.67360208062419,227.03190014004193,139.99860490376324,,,,2.7208278533691903,0.7400418655702906,50.0,0.34,60.00658341642285,167.9143490462852,80.88361240101874,-0.6787971268227964,0.11245029429561598,-0.07401146466252553,0.09484182061284233,-0.8666348997838328,2.7208278533691903,0.6832869921854738,0.9811320754716981,0.6037735849056604,53.0
4,-1,5070.0,True,True,57.44984699081945,233.4634206070875,153.81627359524504,,,,2.700978532985108,0.8851001392468131,48.0,0.3958333333333333,58.5035782926022,166.5465490465314,80.13290941236168,-0.6978587712745907,0.10406768669729649,-0.02888908362768597,0.09808516990827065,-0.8435105313843361,2.700978532985108,0.7981450503694031,0.9811320754716981,0.6415094339622641,53.0
4,-1,5100.0,True,True,54.80608129072293,203.25589195948038,191.95022616010814,,,,2.201203475166172,0.3292262337440132,50.0,0.32,60.779444357857095,229.29371226437954,98.11802631130391,-0.6995799582382092,0.07635539646017829,-0.022968932426940623,0.05929975911515606,-0.8016787052886398,2.201203475166172,0.26164519759905175,1.0,0.7692307692307693,52.0
4,-1,5130.0,True,True,57.24641917567963,219.74868318662323,179.6113500560739,,,,2.1566721382295992,0.31919180777492484,54.0,0.3333333333333333,66.51712175264876,237.67259075421714,97.81430335739233,-0.7056061033331764,0.08819279765808229,-0.053635790355898605,0.06226669924960928,-0.8158370366255934,2.1566721382295992,0.2612907170402566,1.0,0.6727272727272727,55.0
4,-1,5160.0,True,True,58.199108469539375,207.20635745815915,173.76550528573236,,,,2.0266549771803968,0.29297553709131074,54.0,0.3888888888888889,63.832255023229834,189.16655846636743,79.22543133523747,-0.6967888571759365,0.11632116915391168,-0.05062407844259598,0.07676855245422219,-0.8664131831244087,2.0266549771803968,0.24285219576355185,0.9818181818181818,0.6,55.0
4,-1,5190.0,True,True,56.12211757063982,184.56175805058376,188.37350410132998,,,,2.222013768430677,0.20533581558962258,48.0,0.3333333333333333,58.99667181333441,147.49670159268246,93.04729939883536,-0.6830685127174079,0.09523407832067574,-0.018038422506058225,0.09578000327513436,-0.8770386291043218,2.222013768430677,0.2018209103917434,1.0,0.6964285714285714,56.0
4,-1,5220.0,True,True,56.981541802388705,146.69528769323995,120.6603467210058,0.14194289939285912,0.9315155967846444,1.4258703037786835,2.4299081220809864,0.2214852310768627,47.0,0.5106382978723404,61.934892621676184,197.31128765623475,112.95056301046202,-0.6994860988226899,0.10873743534239579,-0.06347934411398921,0.10587540339518754,-0.856428919262866,2.4299081220809864,0.19530750306265096,1.0,0.660377358490566,53.0
4,-1,5250.0,True,True,58.045011756802154,124.8203412191727,103.8612573245015,0.15558556285464367,0.9243640888317595,1.4740038599351037,2.3835201356791105,0.30033918951234,49.0,0.673469387755102,61.40741994476055,155.45034443992273,77.86871284276607,-0.7332384189508724,0.12088913953272085,-0.0873200080587896,0.09463289653327503,-0.9317974867696932,2.3835201356791105,0.26790720290303893,0.9803921568627451,0.5490196078431373,51.0
4,-1,5280.0,True,True,56.82619647355163,158.5344107789144,140.06219075614862,0.1361070291463877,0.9433536495761097,1.4686880701199851,2.74629424055663,0.3014790317456719,50.0,0.66,58.43047711525782,107.85537602991565,78.14863307405246,-0.7237639534973439,0.09801623214987411,0.023510056350439117,0.09637403858790378,-0.9711161973680317,2.74629424055663,0.28846012090463147,1.0,0.7058823529411765,51.0
4,-1,5310.0,True,True,55.988995873452545,197.03409423521646,173.2067390390149,0.12945185051584088,0.9466764203383496,1.460055638767671,2.8506593752923006,0.3265938584763829,54.0,0.6851851851851852,56.31522803366613,61.3820903616663,82.60701501941195,-0.7032103013858072,0.09241576116303701,0.06516497477126211,0.0928203911006582,-0.9506189276048439,2.8506593752923006,0.3265938584763829,1.0,0.8148148148148148,54.0
4,-1,5340.0,True,True,57.40863787375416,236.8060993913895,167.89303041358903,,,,2.782403443337838,0.3604387435940381,49.0,0.42857142857142855,59.746850813631205,164.98874263571165,89.68279646915884,-0.6893039900632562,0.09362926226095433,0.030751703432207952,0.08352673827010064,-0.9208648229268466,2.782403443337838,0.3035935104651659,0.9807692307692307,0.6538461538461539,52.0
4,-1,5370.0,True,True,62.07453973955994,253.3302953246332,130.9245652133922,,,,2.8559992549642144,0.28107551639044415,44.0,0.25,73.09666955583336,223.4528111980017,115.28822251880074,-0.6938096718870818,0.13727423571169584,-0.11968657810119557,,,2.8559992549642144,0.26784697396976626,1.0,0.46938775510204084,49.0
4,-1,5400.0,True,True,62.102425876010784,199.84854740563836,100.90639317616862,,,,2.758923080198816,0.24197726750301002,40.0,0.4,71.11756384996171,181.62130692853785,95.77637129304637,-0.7259471718318858,0.22346423798891024,-0.2114533450626601,,,2.758923080198816,0.18529243066272702,0.98,0.4,50.0
4,-1,5430.0,False,True,,,,,,,,,,,68.09106790507515,198.9482250671669,105.5240356483112,-0.6186103079095095,0.19149343775713532,-0.24196480832533415,,,2.7420633064382955,0.1873588145976086,0.9454545454545454,0.32727272727272727,55.0
4,-1,5460.0,True,True,63.93340270551509,200.26386791610565,149.1941355623836,0.21179567475821212,0.8663527912685492,1.2470401948481051,2.624434869484267,0.20253130667032454,55.0,0.5454545454545454,64.97999360100602,148.7082157605169,83.58681162997046,-0.6074541119716421,0.1959284239152351,-0.21981138651033538,,,2.624434869484267,0.21997922103729894,0.9649122807017544,0.42105263157894735,57.0
4,-1,5490.0,True,True,63.429137760158575,187.23966833776086,156.043061494067,0.24276111296918582,0.8425248480955577,1.3215075929192457,2.3079460319058183,0.2334331994826178,57.0,0.5614035087719298,65.70644145551476,134.02500416538172,70.56136635908639,-0.6236950967832102,0.21787743431801623,-0.2469795547750363,,,2.3079460319058183,0.23390221809450937,0.9629629629629629,0.3888888888888889,54.0
4,-1,5520.0,True,True,65.54537885095753,259.5343921429884,178.0901082253792,,,,2.391927421890977,0.2647562784314675,51.0,0.43137254901960786,69.68280506294694,191.8362180467625,70.47760271623532,-0.6740274330279031,0.20682940686053478,-0.26932781905158265,,,2.391927421890977,0.2328991630458161,0.9444444444444444,0.2962962962962963,54.0
4,-1,5550.0,True,False,71.48342059336824,196.01122496395445,160.51471570648386,,,,2.7733337981435677,0.239571283418476,46.0,0.2608695652173913,,,,,,,,,,,,,
4,-1,5640.0,True,True,67.41573033707866,199.10280531256544,172.01698680653607,,,,2.8404134094133586,0.32095803878885815,37.0,0.35135135135135137,71.19221466932181,198.7075068229098,119.54023409479022,-0.6814518507234986,0.16393524162436207,-0.2074934013234751,,,2.8404134094133586,0.28939195004954166,0.9333333333333333,0.28888888888888886,45.0
4,-1,5670.0,True,True,64.40894568690095,179.11751395429874,179.65919161069476,,,,2.083097885802519,0.43671224640006023,50.0,0.48,69.56782005990017,175.5362811031854,98.79058581050573,-0.6891138650979506,0.18446642814410458,-0.21975685738895454,,,2.083097885802519,0.3255528095438901,0.9473684210526315,0.24561403508771928,57.0
4,-1,5700.0,True,True,60.71599045346063,150.33596379194347,158.08580631761635,,,,1.7590937993442748,0.2926223273609126,55.0,0.32727272727272727,64.91015506779762,174.1616234121136,99.42685482065228,-0.6905738840568023,0.18120499745665314,-0.20633505168520105,,,1.7590937993442748,0.2643107987015083,0.9818181818181818,0.32727272727272727,55.0
4,-1,5730.0,True,True,60.42918454935622,189.43871787569512,164.42880026668945,,,,1.7952666056952835,0.29686793619869284,57.0,0.2982456140350877,63.84113576125177,162.39481697083696,98.38465593451488,-0.686688763848061,0.16031211690521677,-0.1827004600348862,,,1.7952666056952835,0.2627799630207508,0.9642857142857143,0.39285714285714285,56.0
4,-1,5760.0,True,True,64.3513435423288,190.59012324377605,161.42200259660171,,,,1.766531576930683,0.3003280235653071,60.0,0.4666666666666667,65.94647740564994,123.16065604669886,69.52284254420987,-0.6862172735144901,0.16483323579382891,-0.18318632057775397,,,1.766531576930683,0.2772266736754705,0.9833333333333333,0.35,60.0
4,-1,5790.0,True,True,64.0,191.2034517821377,170.30111605235143,,,,2.223150053879157,0.3850109503280893,53.0,0.4528301886792453,66.52445076993352,131.47876692064398,65.65663015235917,-0.6696264238237747,0.15527198159973443,-0.17430108304990521,,,2.223150053879157,0.3852172140222941,1.0,0.43103448275862066,58.0
4,-1,5820.0,True,True,62.43902439024391,192.7646314161392,153.4393955209225,0.19717026320433478,0.884723441897216,1.2250928601380613,2.4663909116317764,0.5551460100623753,45.0,0.5555555555555556,66.52505400136423,153.3372946773221,59.50581135624531,-0.6793515184704215,0.15527198159973443,-0.17202644364546812,,,2.4663909116317764,0.4838327301398282,1.0,0.4107142857142857,56.0
4,-1,5850.0,True,True,61.35338345864661,191.62586815351483,168.64869644471017,,,,2.119443727744598,0.53959913605318,55.0,0.4909090909090909,64.08881096827426,175.55818984922954,71.70272134423718,-0.6797904543290578,0.1625951037570631,-0.15782227288806663,,,2.119443727744598,0.4203857999795172,1.0,0.4426229508196721,61.0
4,-1,5880.0,True,True,58.78096298357918,203.12621406008594,193.05992700886083,,,,1.8150195421673831,0.2877131169325108,56.0,0.35714285714285715,58.98979103303237,88.66895528526571,64.34010531362286,-0.6772378750904806,0.14508698247702517,-0.12478173907074375,0.06724860206254174,-0.8535879314155459,1.8150195421673831,0.2877131169325108,1.0,0.5357142857142857,56.0
4,-1,5910.0,True,True,59.14691943127963,156.7347307700581,175.01633199051633,,,,1.807891516175197,0.2718558056177528,55.0,0.34545454545454546,59.8838066319422,65.94281840550934,74.57858984794373,-0.6732579409928876,0.14249374090578792,-0.16222294246256413,0.07978570763756605,-0.8506908903189049,1.807891516175197,0.2526057769815122,1.0,0.5094339622641509,53.0
4,-1,5940.0,True,True,60.08693132425384,143.3105888731442,152.84610778063822,,,,1.8432816418102727,0.24999396217101078,56.0,0.25,61.24412905634894,90.75801075408131,64.98506843463126,-0.6732579409928876,0.14352742510995897,-0.1686820075082295,,,1.8432816418102727,0.2586827786781421,1.0,0.4117647058823529,51.0
4,-1,5970.0,True,True,59.86870897155361,157.95494467755344,173.58425987445634,,,,1.8727548791307391,0.2584777071248149,58.0,0.2413793103448276,60.524448980541806,100.31099880816667,71.92651552103975,-0.6806601753977963,0.1940894674344888,-0.19821884209296328,,,1.8727548791307391,0.2681516272197456,1.0,0.3333333333333333,54.0
4,-1,6000.0,True,True,60.84889643463497,184.86977554018728,181.79566875635797,,,,1.8543740626282166,0.29876079028878766,58.0,0.3448275862068966,62.5955748406192,140.11377062002146,83.58527170024186,-0.6702068513803195,0.2126277656827562,-0.20169075021072683,,,1.8543740626282166,0.27440675259570835,1.0,0.3157894736842105,57.0
4,-1,6030.0,True,True,66.45463049579047,219.3733410163737,160.9775868937749,,,,2.8554665479278554,0.3953153016347719,44.0,0.36363636363636365,67.91564198119059,181.4739032642398,75.67949882099906,-0.6849087465886783,0.20451873524646413,-0.1974368132969629,,,2.8554665479278554,0.34851192965268407,1.0,0.3076923076923077,52.0
4,-1,6060.0,True,True,67.26429675425038,222.4180975519972,123.98021515548358,,,,2.964527012977054,0.352603468372137,44.0,0.38636363636363635,77.77022806578213,211.80989278539886,98.54124518482479,-0.777801655486689,0.17705559560573667,-0.17231839370642799,,,2.964527012977054,0.33947495965235314,0.9814814814814815,0.3148148148148148,54.0
4,-1,6090.0,True,True,64.69945355191257,177.16818648017957,95.72874565947113,0.2977208671331764,0.7713198616483883,1.4334808306173128,2.8478147096412623,0.45999737472984936,46.0,0.5217391304347826,74.34229011597913,196.03215381787433,140.3852586057806,-0.7547077195248997,0.1955850738685183,-0.17231839370642799,,,2.8478147096412623,0.3606018608757915,0.9642857142857143,0.39285714285714285,56.0
4,-1,6120.0,True,True,65.96100278551532,154.15853437584443,125.64935501890437,0.25465655696543654,0.8246810886616627,1.2715889129857736,2.664894678823826,0.5263269099953294,46.0,0.717391304347826,70.67682514485149,218.53045249469994,113.70519102500504,-0.6900369420845759,0.20314914633796338,-0.17927788625791696,,,2.664894678823826,0.3723394305031523,0.9298245614035088,0.3333333333333333,57.0
4,-1,6150.0,True,True,67.36842105263158,195.0903341707172,142.8115268860972,0.23729541977682664,0.8458402777048544,1.1990509684520196,2.58848797624792,0.29286744550408417,48.0,0.6041666666666666,66.81634760308259,180.2772659518568,93.54081588515989,-0.6577843896586073,0.18302440954437618,-0.18759675280118757,,,2.58848797624792,0.29286744550408417,0.9622641509433962,0.4339622641509434,53.0
4,-1,6180.0,True,True,65.11923688394278,174.01455943262692,128.89441233525216,0.2453783657542999,0.8553671705007388,1.247389470262192,2.7337748469363894,0.27567529374376676,41.0,0.6341463414634146,67.18982878983932,137.33473956457266,92.88501021714991,-0.6886418827026144,0.18669478113210639,-0.2443015831334766,,,2.7337748469363894,0.22539338293704936,0.9787234042553191,0.46808510638297873,47.0
4,-1,6210.0,True,True,67.36842105263158,167.64038478574042,144.0892735424813,0.29034631675654615,0.8030882820553787,1.2996258248636245,2.809535209227934,0.17724471103292305,47.0,0.5106382978723404,71.83122298928907,150.90756371992998,106.8710599736638,-0.7673275358563552,0.16657723574693278,-0.2761160984959368,,,2.809535209227934,0.15881120206762936,1.0,0.43478260869565216,46.0
4,-1,6300.0,False,True,,,,,,,,,,,67.06118210942859,215.0419456472624,112.80294786041044,-0.8031091734711491,0.16385810832403114,-0.2864253466917234,0.11615775534799208,-0.8361032991980745,2.261499185874004,0.5280900729813456,0.9767441860465116,0.6744186046511628,43.0
4,-1,6360.0,False,True,,,,,,,,,,,72.89528516716848,176.20401420752634,83.56788601509116,-0.7602616967860912,0.13604395780596118,-0.13078455422185822,,,3.1095138264519675,0.3691230027884767,0.9024390243902439,0.4878048780487805,41.0
5,-1,390.0,True,False,70.51752921535893,182.8368085644062,135.4967711792425,0.4421084629927913,0.6603146230362016,1.3560990139554694,3.260099393225049,0.6451159730360315,30.0,0.5,,,,,,,,,,,,,
5,-1,450.0,True,True,62.568690095846634,158.6675716216572,134.86466016900053,,,,2.194466538877675,0.28914710898253515,55.0,0.2727272727272727,62.169202338224196,80.92599243228906,55.66912751602896,-0.525771203149625,0.073626227933244,-0.17035915542280797,0.06190493133362627,-0.5290510674640855,2.194466538877675,0.28914710898253515,0.9814814814814815,0.7962962962962963,54.0
5,-1,480.0,True,True,61.153846153846146,112.229178338833,107.61873937202753,,,,2.6750413813765936,0.2786019000770385,55.0,0.2,60.63537278139479,37.06322064510634,25.065892720574617,-0.49965099422625525,0.07427892877586129,-0.10306790946731377,0.027706979353117327,-0.5412321474282404,2.6750413813765936,0.2786019000770385,0.9818181818181818,0.7818181818181819,55.0
5,-1,510.0,True,True,59.699097291875624,85.52334834160283,75.13009550107068,,,,3.264428391598832,0.2337251754454058,40.0,0.175,60.653691629826014,78.82157684704286,32.35796550669516,-0.5407179152049277,0.06465096548767078,-0.12895772292975966,0.05372164528281395,-0.6037770737512337,3.264428391598832,0.26368389710687384,1.0,0.7708333333333334,48.0
5,-1,540.0,False,True,,,,,,,,,,,64.8422931117728,127.41502599904317,69.7928039055357,-0.6369884518918629,0.08771227456675011,-0.18875330250359157,0.06453181361358784,-0.6256251769029532,3.4314878020891615,0.19461151960633752,0.9736842105263158,0.7894736842105263,38.0
5,-1,570.0,False,True,,,,,,,,,,,65.48606335285484,122.98962132548249,97.19926108608196,-0.630069030969441,0.12028959273123796,-0.18293151725057705,0.06453181361358784,-0.6514868255489024,3.3124786107904622,0.17802616484621658,0.975609756097561,0.7804878048780488,41.0
5,-1,600.0,False,True,,,,,,,,,,,61.408259657597576,101.69246250701259,64.63162648333022,-0.6246355844473781,0.11079262148631844,-0.2317999383147068,0.11867374808788221,-0.7115568920590208,3.015196811666801,0.39947671069846924,1.0,0.7954545454545454,44.0
5,-1,630.0,False,True,,,,,,,,,,,64.09871495002669,192.2516003840888,55.772189561398115,-0.7130073711077458,0.02648478298069924,-0.3928478057154101,0.16660800088199895,-0.6030134754715079,2.996983301752062,0.1900758631720102,1.0,0.627906976744186,43.0
5,-1,660.0,True,True,62.21772151898735,193.34123662481292,125.46172946046347,0.4970127830117178,0.6600188287761711,1.4807696531923897,2.2215297763881403,0.7176188291345987,43.0,0.6744186046511628,72.75414910013424,237.01987621519706,123.02806708492997,-1.020583178873835,0.37426312328760714,-0.3852593717445556,0.28009237301943546,-0.9366483339327207,2.2215297763881403,0.6254052861043,0.9795918367346939,0.5510204081632653,49.0
5,-1,690.0,True,True,60.97785206853323,118.8570175953774,74.81841858077844,0.47804549828180615,0.6661343762869816,1.358326566226789,2.672313296304914,0.25103470261487426,47.0,0.5106382978723404,69.01931570246232,203.14772694906875,66.16811768981209,-0.7834782249037839,0.23853299968573735,-0.28465055923621835,0.12886638386710503,-0.8729532836933537,2.672313296304914,0.2099715597684507,0.9636363636363636,0.6545454545454545,55.0
5,-1,720.0,True,True,63.14093959731543,83.02801343578888,60.82833883606847,,,,2.6772469709000615,0.19056642539028773,53.0,0.1509433962264151,63.67573765582521,97.9031769434006,28.19713184217695,-0.7501941588967396,0.21394144957009434,-0.13939222062131834,0.08838392040281118,-0.9056861800881182,2.6772469709000615,0.19056642539028773,0.9454545454545454,0.6727272727272727,55.0
5,-1,750.0,True,True,62.30265210608424,108.91573949402604,93.00297614285562,,,,1.8396161161638218,0.2627117319782809,57.0,0.08771929824561403,64.89006623183495,138.19504196104535,28.2170266940885,-0.7936578869274225,0.2125665080223135,-0.13232906974965444,0.08571564968791505,-1.0173170637696964,1.8396161161638218,0.24414823322712909,0.9464285714285714,0.6428571428571429,56.0
5,-1,780.0,True,True,60.358377868594786,132.12664294829304,117.82168514869863,,,,1.9080734018595735,0.32612559550139364,55.0,0.16363636363636364,63.45683986248857,135.02609266080273,38.180223428738856,-0.8258423269036386,0.20899335554167053,-0.10800210612633879,0.07997890955667658,-1.0547450329264778,1.9080734018595735,0.26955984798942517,1.0,0.7090909090909091,55.0
5,-1,810.0,True,True,61.89708617482951,151.2674172406773,98.67401197823544,,,,2.559383034429078,0.5671872263994824,55.0,0.16363636363636364,62.048395143799226,93.42428200922397,38.18771764117497,-0.7651768472386236,0.14666749323507552,-0.06974532973124173,0.08533405666089783,-1.035331896510287,2.559383034429078,0.5671872263994824,0.9821428571428571,0.7142857142857143,56.0
5,-1,840.0,True,True,61.565545425966675,126.62848528002587,84.51350604186513,,,,2.6294358732123215,0.5612702046445869,55.0,0.14545454545454545,61.99652744652616,104.43872795942056,55.346328370410454,-0.6304430198402151,0.13244200898951214,-0.12810980645084002,0.09652599838141585,-0.808118715579419,2.6294358732123215,0.490237793262999,0.9814814814814815,0.6296296296296297,54.0
5,-1,870.0,True,True,60.86124401913875,101.87471200552312,63.24358200555703,,,,2.175662559069722,0.2510479961992503,56.0,0.19642857142857142,61.98393632907126,106.58071029033083,73.5745586179534,-0.6990174393633888,0.16506546474990086,-0.14873016727701716,0.05127665336971369,-0.8691152326328404,2.175662559069722,0.23399692933496458,1.0,0.6491228070175439,57.0
5,-1,900.0,True,True,62.18009478672985,87.05105866113512,61.86331107172293,,,,2.957276571006959,0.2300084571085223,48.0,0.1875,62.60789416490145,81.65055619396242,34.883926771566806,-0.7346380586152932,0.19675018097722216,-0.15743422373753513,0.04597772244625371,-0.8750357074807511,2.957276571006959,0.2300084571085223,0.9824561403508771,0.5964912280701754,57.0
5,-1,960.0,True,True,62.06605762473647,99.52661700564794,81.10630990831997,,,,3.088779444323621,0.3591937922974828,30.0,0.36666666666666664,63.81443655363132,127.6592144086181,67.81755606900587,-0.7937810719618805,0.19876159722913284,-0.16855872903384814,0.06746990042934474,-0.9090855666137255,3.088779444323621,0.30964836246542665,1.0,0.6875,48.0
5,-1,990.0,True,True,60.59968437664387,171.97211859065257,65.6993626300895,,,,2.9649951930717036,0.7478868278813693,39.0,0.3076923076923077,65.68267101318646,188.94193701978597,71.70026688719712,-0.7548940958088659,0.15455290244152098,-0.18198760146931967,0.06228224661344325,-0.7931003979430007,2.9649951930717036,0.6111706138527326,0.9795918367346939,0.6938775510204082,49.0
5,-1,1110.0,True,True,66.86012768427163,160.01305537837527,143.11074650035508,,,,2.91747970748305,0.21386818690528162,40.0,0.45,65.90071998819488,121.1656699207677,110.64183302099947,-0.6948381289820981,0.016146414769555483,-0.451538724059581,0.10999393427800742,-0.39647093918111553,2.91747970748305,0.2593318051262941,0.9038461538461539,0.75,52.0
5,-1,1140.0,False,True,,,,,,,,,,,74.67682634793307,194.49206513836646,100.47931765097105,-0.8828390402787841,0.20673623894332896,-0.4077914756679859,0.18817739033961575,-0.9492690963126836,3.20139292598628,0.19128787563698,0.9230769230769231,0.5384615384615384,52.0
5,-1,1170.0,True,True,71.75257731958763,166.5479616271766,79.48042948974923,0.4791682550573675,0.6251445954028508,1.16790543216785,3.102393297673245,0.3052111809812717,43.0,0.5813953488372093,80.26518633006981,183.91716086724364,69.54290058036003,-0.8688608392401933,0.3151776259691646,-0.29546455871949084,,,3.102393297673245,0.21479539957981905,0.9803921568627451,0.47058823529411764,51.0
5,-1,1200.0,False,True,,,,,,,,,,,71.20683821400672,153.91318059088331,34.68408554845311,-0.8250618782820263,0.16969277528299834,-0.17130500680582808,0.05370378248441052,-0.931711053838777,3.3397339611007912,0.5563815151057312,1.0,0.6666666666666666,36.0
5,-1,1260.0,True,True,62.035541195476576,50.53228313692755,50.963130707300174,,,,2.582522401949862,0.08459679857156262,53.0,0.4716981132075472,63.00006482619901,95.23663806776811,61.412354692200445,-0.7226443578598728,0.1400203983283635,-0.12489947123955343,0.1900363671929885,-0.8452414459122165,2.582522401949862,0.06630467173701302,1.0,0.6140350877192983,57.0
5,-1,1290.0,True,True,62.464416429442856,75.22564713433076,71.94290270763335,,,,2.6506337540688194,0.13274079853649484,47.0,0.44680851063829785,65.08347070623711,162.18095676277818,66.43375964470613,-0.7223825653729512,0.13849233170043804,-0.18109334836570945,0.12612041305925484,-0.8332720267452458,2.6506337540688194,0.12311326088395301,1.0,0.6481481481481481,54.0
5,-1,1320.0,True,True,65.93764121102576,167.2020710105923,71.19241093684074,,,,2.8482883977531577,0.3922910505130238,48.0,0.4583333333333333,68.40096261268815,179.96222322665471,80.00385706261012,-0.9707594333917486,0.2903795472261811,-0.1784725673944218,0.14332216793568273,-1.2125799459073976,2.8482883977531577,0.37837177339908346,1.0,0.64,50.0
5,-1,1380.0,True,True,60.40757954951734,126.01323207282327,101.47771362313742,,,,2.446362805168527,0.3291834176524617,49.0,0.20408163265306123,61.94221503410303,139.19344247944508,74.77628804960165,-0.6595129806421189,0.17206015442659803,-0.17494257146890602,0.02815864895908689,-0.6937220396266761,2.446362805168527,0.3127242055645997,1.0,0.6851851851851852,54.0
5,-1,1410.0,True,True,63.54609929078014,112.18077374443072,93.28381113378065,,,,2.8214220271835093,0.4060925470228505,43.0,0.27906976744186046,66.27452901518544,160.4820904324423,75.90204564755973,-0.6801740385266714,0.17308656337288184,-0.1935221140978705,0.11199745352696092,-0.8060721757558296,2.8214220271835093,0.38071125585485305,1.0,0.5471698113207547,53.0
5,-1,1440.0,True,True,63.690393918451974,95.59764086568845,57.34734371252389,,,,3.1626385972444857,0.3311144375424985,33.0,0.24242424242424243,68.16355348436346,175.01714213596,59.447905358424784,-0.702822474439193,0.17779898368466024,-0.17011632860401468,,,3.1626385972444857,0.3160991461094205,0.9130434782608695,0.41304347826086957,46.0
5,-1,1470.0,True,True,64.94117647058823,125.6467950043361,96.31896879639025,,,,3.424545922560766,0.5035249874752005,32.0,0.1875,70.85520808047734,192.66167081710677,89.84884256789124,-0.7079553279032957,0.14323421760350807,-0.15563716888051307,,,3.424545922560766,0.3279609083075797,0.9,0.45,40.0
5,-1,1500.0,True,True,71.17929050814956,113.3716239548344,91.69625469450756,,,,1.9614387709841232,0.3445112961051695,63.0,0.2222222222222222,74.53855783199187,132.509493557719,51.70661419105348,-0.7000713572045679,0.24873200197165893,-0.1908490388658967,,,1.9614387709841232,0.34179090522731204,0.9852941176470589,0.35294117647058826,68.0
5,-1,1530.0,True,True,68.41628959276018,80.48316322394395,60.48057583951488,,,,1.9220244698268008,0.23352368693188638,65.0,0.2153846153846154,69.98259467903854,90.11655288867509,43.29591285640342,-0.6431840565434549,0.2104405817037416,-0.19189400353218133,,,1.9220244698268008,0.21605730452706975,0.9850746268656716,0.3283582089552239,67.0
5,-1,1560.0,True,True,68.75827170105099,61.62296023855719,53.35220465432776,,,,3.1311790442983174,0.47367894184952336,51.0,0.2549019607843137,69.38700537339837,71.87300194343659,39.36211099607009,-0.6439391554766283,0.19277031876811113,-0.1920008583988303,,,3.1311790442983174,0.47367894184952336,1.0,0.3,60.0
5,-1,1590.0,True,True,67.80459093584462,111.65898323948105,122.83277504395966,,,,3.143048945430603,0.41498050350370513,37.0,0.3783783783783784,71.08521085392502,151.3523304300415,96.10654584763942,-0.6846083845335874,0.14811115851496248,-0.32984658437103337,,,3.143048945430603,0.3738245221427716,1.0,0.28,50.0
5,-1,1620.0,True,True,66.15384615384616,181.70462944833523,163.97567146785323,,,,2.7336142939397097,0.27368568507047725,50.0,0.24,72.60131146402193,181.8516571986661,121.07385794639578,-0.6461865244748785,0.08195740688307748,-0.27322632467191765,,,2.7336142939397097,0.2275007046815283,0.9830508474576272,0.3559322033898305,59.0
5,-1,1650.0,True,True,64.67368421052632,137.48212933839753,155.91481906339573,,,,2.941304880063281,0.2729412865429684,50.0,0.3,70.8273055001337,173.48514357420848,87.26949333431043,-0.6799354132240243,0.17106554753977757,-0.1756496991224372,,,2.941304880063281,0.18900680944997297,0.95,0.36666666666666664,60.0
5,-1,1680.0,True,True,65.61664190193166,104.0488464117384,109.58039924195529,,,,2.730083175361731,0.24303987040595018,53.0,0.24528301886792453,67.66809842994829,115.01380217071156,40.376478726185404,-0.6927990346255201,0.18520293283755593,-0.17213150481295164,,,2.730083175361731,0.21251706871684217,0.9833333333333333,0.35,60.0
5,-1,1710.0,True,True,68.00472255017709,114.26760046944825,116.34192483479335,,,,2.846143461631232,0.40680504385301997,56.0,0.16071428571428573,70.37813499732789,148.84920477862656,59.94651074243213,-0.6673181155600717,0.1390195678623386,-0.18129710728452567,,,2.846143461631232,0.427240863907868,0.9672131147540983,0.4426229508196721,61.0
5,-1,1740.0,True,True,68.3969465648855,129.70248722224886,109.15155747858113,,,,2.8486458396213967,0.44898730087525063,53.0,0.1320754716981132,70.04465135903968,154.2380420202516,62.13447167991649,-0.624085196835811,0.12399436244389739,-0.13442660761358263,0.03462316199298782,-0.6738425795982482,2.8486458396213967,0.4086550047638,0.9818181818181818,0.509090909090909,55.0
5,-1,1770.0,True,True,70.12173913043479,163.25055048259026,125.84350814271933,,,,2.9289622519815532,0.46062592496861526,52.0,0.1346153846153846,70.37408455672963,120.99076602408269,77.23691901188884,-0.6686207508560744,0.14734287298378407,-0.17116297225109164,,,2.9289622519815532,0.46062592496861526,0.9642857142857143,0.3392857142857143,56.0
5,-1,1800.0,False,True,,,,,,,,,,,78.18281000978257,155.17434282432822,73.07008371987675,-0.7463087417268373,0.20692210299623165,-0.22125616354019223,,,3.026001399309402,0.42179352008439214,0.9056603773584906,0.2641509433962264,53.0
5,-1,1830.0,False,True,,,,,,,,,,,76.87643812593313,183.8357087877368,61.582846891452924,-0.8257537958562842,0.2648265798606309,-0.3493395677255695,,,2.649282286933223,0.39412337538172804,0.9272727272727272,0.41818181818181815,55.0
5,-1,1860.0,True,True,71.30529765155653,169.91096993225588,115.23253588457077,0.42800219441458964,0.6594186978517675,1.4111658440268966,3.2808039455416576,0.22900239963638552,44.0,0.7272727272727273,82.25194347394067,220.48922249924397,93.65414312698809,-0.9637758802840249,0.3217647641010104,-0.2551986222371375,,,3.2808039455416576,0.2589795575039001,0.9666666666666667,0.4666666666666667,60.0
5,-1,1890.0,True,False,67.53768844221105,181.61402378880211,113.79642196062962,0.4051233193393202,0.7138106691709115,1.4330652347459347,3.287108547065361,0.3707473091006271,52.0,0.7115384615384616,,,,,,,,,,,,,
5,-1,1980.0,True,False,70.35114503816794,162.30994208337066,106.22402176020753,0.4092610853836875,0.7214419765761194,1.2370467772318676,3.196471162714854,0.3969224634091358,48.0,0.7291666666666666,,,,,,,,,,,,,
5,-1,2010.0,True,False,68.2444733420026,145.615627642501,112.40230132764187,0.45253841497799013,0.6789760814400201,1.4579882184335364,2.9625976836121173,0.3867129016900615,54.0,0.6851851851851852,,,,,,,,,,,,,
5,-1,2040.0,True,False,66.51270207852194,108.11982712271349,106.85881247501972,0.45072210064147794,0.6633227399672309,1.5160862913721094,2.807981934730142,0.47728811616368977,54.0,0.7222222222222222,,,,,,,,,,,,,
5,-1,2070.0,True,True,67.14555765595463,115.86861054621268,128.3407735938453,0.46536363137193104,0.650621901710825,1.653701164185537,3.1494819107544294,0.9380043135051674,47.0,0.6595744680851063,80.74947258964538,210.76912607081306,60.14623313775329,-0.9444972145934603,0.42146942155574973,-0.20339052586712122,0.11258943542160543,-1.4430535214183373,3.1494819107544294,0.49646602956661473,0.984375,0.640625,64.0
5,-1,2100.0,True,True,66.3915225878416,92.35919517914706,92.08252660918231,0.443721451752493,0.6460545476187537,1.7749270953913114,2.7338144733957424,0.6803235209103917,41.0,0.8048780487804879,86.4661040885324,220.56511977455665,73.28684573291456,-0.9170240602402204,0.2712596828494388,-0.23414042157489964,0.15286749803343092,-1.322825349245531,2.7338144733957424,0.5109953807755787,0.9818181818181818,0.6545454545454545,55.0
5,-1,2130.0,True,False,65.28859060402685,131.22462266517152,63.01868109272572,0.4752251342904918,0.6042492447737595,1.8151780153537032,2.922705379460269,0.487785463751985,48.0,0.8333333333333334,,,,,,,,,,,,,
5,-1,2160.0,True,False,64.32629278951201,114.29269794321988,55.0440528704987,0.4637246010942717,0.6005378074178862,1.8169831422108957,2.6304233668014017,0.511535762184455,52.0,0.6730769230769231,,,,,,,,,,,,,
5,-1,2190.0,True,True,64.51612903225806,40.82320174876547,25.583288573897594,0.44726609888226576,0.6507723405000194,1.6263179960073548,2.6910130140590263,0.6137562489904389,54.0,0.7777777777777778,77.95520121346544,188.858951373397,64.95133826646911,-1.014487764257523,0.3596135496092234,-0.14571890811932364,0.16862855406528998,-1.4753297677346082,2.6910130140590263,0.5096700666587886,1.0,0.6666666666666666,63.0
5,-1,2220.0,True,True,64.75952529668956,129.5603534808713,24.251947555346412,0.44829599874090414,0.6613322750229829,1.5201987597055207,3.406530036697538,0.35495821693764873,35.0,0.7714285714285715,71.76072133613415,161.2781128696681,20.357251879544833,-1.024996376303629,0.3355872476452135,-0.1920819913822545,0.16719732515018487,-1.5001570430496578,3.406530036697538,0.24772684027720984,1.0,0.6,50.0
5,-1,2400.0,True,False,70.32967032967034,126.24647912468414,128.21389192803304,0.4269550042017732,0.7050196808898511,1.2477963968314678,3.6086599497827483,0.4182309883643127,40.0,0.65,,,,,,,,,,,,,
5,-1,2520.0,True,True,65.61151079136691,175.49312317582613,167.14717870136514,,,,2.6822675700468985,0.22970034299187458,50.0,0.22,75.61566183977035,204.38897746777212,116.68398130352494,-0.6628878851219756,0.10774209925087302,-0.4004580208004861,,,2.6822675700468985,0.15055040133551223,0.9464285714285714,0.42857142857142855,56.0
5,-1,2550.0,True,True,64.49612403100775,176.00620305738124,168.25012769311647,,,,2.8443686672843946,0.23319070309606793,50.0,0.28,70.22641774341363,147.20365261237242,54.80089177188192,-0.6355265088670548,0.1277552891558308,-0.22940515166598854,,,2.8443686672843946,0.19185835352782352,0.9811320754716981,0.4528301886792453,53.0
5,-1,2580.0,False,True,,,,,,,,,,,67.72563280498495,110.54329797273986,54.92131509279617,-0.6355265088670548,0.14972265889093506,-0.2623745755207644,,,2.8305663990514627,0.29537505045770696,0.96,0.48,50.0
5,-1,2610.0,True,True,73.79721669980118,177.9801826832293,127.25824711323558,,,,2.8398159328842705,0.7653447128543872,44.0,0.2727272727272727,79.61114367713836,213.32106251316546,82.34720002497075,-0.6843754599850629,0.20016335601624058,-0.2908028269403067,,,2.8398159328842705,0.5838203146969497,0.9622641509433962,0.4339622641509434,53.0
5,-1,2700.0,True,True,65.34031413612566,129.96223369208002,131.00796135159115,0.341457409948182,0.7980363190378117,1.3878101063445845,1.8109939474637267,0.9197085111799335,49.0,0.5714285714285714,69.3714757970421,160.6024762957378,90.28607192529707,-0.7958917162708468,0.27672735477821625,-0.24389243371939234,,,1.8109939474637267,0.808881308229012,0.9830508474576272,0.4745762711864407,59.0
5,-1,2730.0,True,True,69.11136107986502,121.9342739958671,139.87330661498316,0.38788571071634254,0.7546554331266789,1.3510416114084245,1.475637944629601,0.9137125810890384,47.0,0.5957446808510638,79.86556323662704,196.6071398258747,129.8057027240775,-0.8275856808327084,0.350542502308248,-0.3733774484460413,,,1.475637944629601,0.5394498184662334,0.9642857142857143,0.25,56.0
5,-1,2760.0,True,True,71.52215799614643,152.75690589409513,106.69140846677861,0.357634244883208,0.7835122041425672,1.095116523644271,1.3972245226841724,0.7062375450965277,46.0,0.5434782608695652,87.95081249569725,201.14895399645658,158.3460123060832,-0.946176599218461,0.40448671244396706,-0.4143887477365943,,,1.3972245226841724,0.5410272209569585,0.9482758620689655,0.15517241379310345,58.0
5,-1,2820.0,True,False,66.42857142857143,113.78171453194031,100.89927681851837,0.48328708644257956,0.6976560594725889,1.3092445879445573,1.2299235479256443,0.6439972532371908,47.0,0.8936170212765957,,,,,,,,,,,,,
5,-1,2850.0,True,False,64.81012658227847,141.60167112760016,93.68797551421623,0.4730761974367582,0.7080584805207818,1.4528377998742414,1.1999975986535458,0.7369330896585565,45.0,0.9111111111111111,,,,,,,,,,,,,
5,-1,2880.0,True,False,66.78260869565217,167.724948593469,154.48218697879054,0.48791736634314836,0.6908084350937311,1.2693045938354426,1.3711400337756863,0.6801933550568753,49.0,0.8775510204081632,,,,,,,,,,,,,
5,-1,2910.0,True,False,70.45871559633028,210.8043561279036,183.59652036916893,0.45659664993711524,0.7101675957656934,1.177916781251942,1.19864692055376,0.6806186031911536,43.0,0.813953488372093,,,,,,,,,,,,,
5,-1,2940.0,True,False,64.8951048951049,159.51220489790626,170.44862679118302,0.422149473995443,0.7326630281032867,1.2939593837206291,1.3731469082369845,0.8890677656489834,41.0,0.8536585365853658,,,,,,,,,,,,,
5,-1,2970.0,True,False,65.7707509881423,169.62026309921274,156.14579858794363,0.4236028356111221,0.7326725289717342,1.2248752953165458,1.3520755403898859,0.8130217396705909,41.0,0.8048780487804879,,,,,,,,,,,,,
5,-1,3030.0,False,True,,,,,,,,,,,96.07369954041044,221.09006634677823,129.6316881536018,-0.9501337494771532,0.4911464801553264,,,,1.3123864718536988,0.49959961521138346,0.9666666666666667,0.2,60.0
5,-1,3090.0,True,True,72.45283018867924,170.58119943842536,181.94118969423317,,,,3.060268399368041,0.7484909364693308,41.0,0.34146341463414637,76.92380334950145,156.3646729193924,58.90422064156349,-0.7615952134766321,0.2111541881173891,-0.3937432843687524,,,3.060268399368041,0.6100824305742544,0.8723404255319149,0.3829787234042553,47.0
5,-1,3120.0,True,True,67.62633996937214,180.89983666603214,170.93308620532602,,,,2.7871297168114726,0.15758305115280186,56.0,0.32142857142857145,73.51823547690198,181.46956721507954,75.53446493332639,-0.7433693963244338,0.2129729491842015,-0.2785026064930187,,,2.7871297168114726,0.1382600454298038,0.875,0.32142857142857145,56.0
5,-1,3150.0,True,True,71.13914071738274,187.45723475453747,152.32037748060282,,,,2.8477439417507986,0.10824297542131657,58.0,0.20689655172413793,70.9743293062682,128.55828437650106,48.73840832729858,-0.6836188559275329,0.17557974791082606,-0.24576845026236982,,,2.8477439417507986,0.10824297542131657,0.9636363636363636,0.32727272727272727,55.0
5,-1,3180.0,True,True,75.97122302158273,184.88124475630852,135.04163508533856,,,,3.003383963715884,0.24756071242971472,48.0,0.2708333333333333,83.5654274535359,204.43149132025528,96.71297038370042,-0.8305902066278357,0.17465907742363612,-0.2823540270055932,,,3.003383963715884,0.22945073067826374,0.9642857142857143,0.30357142857142855,56.0
5,-1,3390.0,True,True,80.8894090111176,170.1613480276858,148.41068121571658,0.3779694101096887,0.7387526650699963,1.0985389756014152,2.244864392638865,0.6072452634028852,46.0,0.5,91.67056053510477,127.01427087429678,143.715119377848,-0.762065556095071,0.38923464502368355,-0.4426661891461291,,,2.244864392638865,0.4067194067024465,0.8958333333333334,0.4166666666666667,48.0
5,-1,4320.0,True,False,69.14765906362544,157.1489942496552,167.52111021725307,,,,2.894099347435545,0.20698021804678693,41.0,0.21951219512195122,,,,,,,,,,,,,
5,-1,5490.0,True,False,64.97816593886463,114.91581771579717,102.69797953221865,0.46755947932928293,0.729085605436212,1.4117448412215234,1.805622169714852,0.6537452476993172,42.0,0.9285714285714286,,,,,,,,,,,,,
5,-1,5520.0,True,False,65.11720698254364,99.82564212823586,81.90271250377603,0.5340523704484772,0.7144685391357407,1.5599916219878143,1.3558171219515232,0.8278872164940777,45.0,1.0,,,,,,,,,,,,,
5,-1,5550.0,True,False,64.34696895022178,122.65319421951655,110.95793322889794,0.5611107909523886,0.6765820316078495,1.468655329708546,1.3095901779246633,1.068998380339258,46.0,0.9565217391304348,,,,,,,,,,,,,
5,-1,5610.0,False,True,,,,,,,,,,,69.75993891173111,137.0015153882453,75.56977726661741,-1.0872240757475935,0.3881040275390451,-0.21811171590035744,0.2216218715579275,-1.6098204363204627,2.9968099335020804,0.45941595088884657,0.9761904761904762,0.7142857142857143,42.0
5,-1,5700.0,True,False,70.13698630136986,215.52789849329292,168.05956847108558,0.5031510226208994,0.6771638657497644,1.5928522816782376,0.7245193992639075,0.6727715082346253,44.0,0.7727272727272727,,,,,,,,,,,,,
5,-1,5730.0,True,False,68.45313398504888,175.22097463761864,132.32652099908856,0.5309288310459941,0.6144646477677492,1.9183042650774174,0.766849714556955,0.5830666187239172,47.0,0.851063829787234,,,,,,,,,,,,,
5,-1,5760.0,True,False,65.60597971169247,166.26115915548283,132.25716510113256,0.5167418069805664,0.6228662956313478,1.7024882002275343,0.7839900972209468,0.513135614774724,46.0,0.9130434782608695,,,,,,,,,,,,,
5,-1,5820.0,False,True,,,,,,,,,,,86.04389802054233,223.3987873965011,108.97045849704472,-1.0742507648755164,0.41990259693564663,-0.37407491075079835,,,0.6584947536969911,0.7801008153774219,0.9833333333333333,0.35,60.0
6,-1,0.0,False,True,,,,,,,,,,,76.57774030415543,85.59520725368503,34.784462004433806,-0.7308156204550129,0.26439231776719596,-0.17298990107283124,,,2.4336659962569374,0.40527551526155237,1.0,0.35,40.0
6,-1,90.0,True,True,70.25517573423207,151.1095434336689,144.60696826826543,,,,2.2182892035706483,0.1911398646788171,51.0,0.13725490196078433,71.44792321148631,138.57455157642244,92.25594912768187,-0.5858421498003739,0.13121140524502678,-0.12185694195293775,-0.046793375844208604,-0.5944179782157104,2.2182892035706483,0.1719901945661757,1.0,0.5961538461538461,52.0
6,-1,120.0,True,True,69.7029702970297,151.0327434729018,156.22305802204303,,,,2.3514450318953424,0.1539593270371858,53.0,0.11320754716981132,70.8304210870079,116.41880557250033,66.42861737998398,-0.549705744802298,0.10824012680523545,-0.11603231414997518,-0.03388058272498247,-0.5748985557181784,2.3514450318953424,0.1320110040208513,0.9814814814814815,0.6296296296296297,54.0
6,-1,150.0,True,True,69.81818181818181,160.75014675381342,163.33374400845094,,,,2.413278687278402,0.12403121945355247,58.0,0.10344827586206896,70.73249290064098,65.70286853186401,36.59732646699981,-0.5250793714341718,0.10066009959099484,-0.14950417156218027,-0.01240620563255896,-0.5709744854234324,2.413278687278402,0.10643278795709922,0.9833333333333333,0.6,60.0
6,-1,180.0,True,True,72.60504201680673,157.33271824191777,149.0165969969639,,,,2.0637219999798018,0.16866023858059606,67.0,0.16417910447761194,72.4520228040432,75.13695133155414,41.63457872630467,-0.5255178015278384,0.12352515971424201,-0.15297695362673375,-0.0013702979260594688,-0.5819311262459728,2.0637219999798018,0.16866023858059606,0.984375,0.53125,64.0
6,-1,210.0,True,True,72.79015630196209,173.69874302548678,177.17602708145483,,,,2.0222114566300067,0.21210402100170148,63.0,0.2222222222222222,72.6912798788541,71.16886042672348,39.892072742074596,-0.5264970895729404,0.11992759415654372,-0.0754045281122773,0.016340570703796832,-0.5878805722877715,2.0222114566300067,0.21210402100170148,0.9666666666666667,0.5833333333333334,60.0
6,-1,240.0,True,True,68.4,152.87763012823257,175.17964720139338,,,,1.982221427556613,0.23831737641918688,62.0,0.22580645161290322,69.49002319794756,60.54761538880858,41.907497301908435,-0.5412090495061778,0.12099015604568358,-0.06095759080491681,0.00398833415302728,-0.6297751740238775,1.982221427556613,0.2173939729769424,1.0,0.6935483870967742,62.0
6,-1,270.0,True,True,70.16241299303945,148.50264776874934,143.82705919516943,,,,1.8636001610368556,0.23855115547009736,66.0,0.3333333333333333,70.79824554881489,92.1727855720696,44.21705968916067,-0.5821918119682654,0.14436698811770876,-0.11090933310584,0.00398833415302728,-0.6729585107609654,1.8636001610368556,0.21584238182050883,1.0,0.6119402985074627,67.0
6,-1,300.0,True,True,69.93928881179531,143.80133325077503,125.89675270111725,,,,1.6979043747659297,0.24930446631670136,66.0,0.2727272727272727,70.58215012288417,90.82466385529088,41.43076507283484,-0.5863745450492848,0.1563378694271859,-0.13582290086084647,0.008331474190594084,-0.6851154590244686,1.6979043747659297,0.24930446631670136,1.0,0.5454545454545454,66.0
6,-1,330.0,True,True,68.38824577025824,151.07491902135618,163.17468113190844,,,,2.3327604107019635,0.2481280773959054,62.0,0.25806451612903225,69.22900500836082,78.91449219732047,48.81574053151842,-0.5443140951535315,0.13586690392676315,-0.09164619442189484,0.018968118319929034,-0.6709053106791241,2.3327604107019635,0.2481280773959054,0.9846153846153847,0.5692307692307692,65.0
6,-1,360.0,True,True,71.32676269901441,142.755381352813,154.37867500927402,,,,2.5474814884782706,0.3815808790335945,56.0,0.3392857142857143,73.5294024443055,93.20284672801148,62.723480489181625,-0.5691536807448558,0.11008814856830913,-0.05711656904587681,0.033549721765766864,-0.6737201119120129,2.5474814884782706,0.4172882942326789,0.9661016949152542,0.576271186440678,59.0
6,-1,390.0,True,True,70.50663039782388,145.30387613139158,160.81747510235152,,,,2.2699736545737963,0.6924687067880303,58.0,0.3103448275862069,71.10082090720663,68.49752917042589,47.420113026383866,-0.5735029100159442,0.11961262188222403,-0.04102626320975906,0.03501629866224697,-0.6833189214327174,2.2699736545737963,0.5846885448932535,0.9838709677419355,0.6290322580645161,62.0
6,-1,420.0,True,True,70.13205956729418,157.2242762166548,158.04138912329392,,,,1.7934785625445655,0.21797323805353647,67.0,0.26865671641791045,70.30537989792475,87.02002760693222,44.470288001195684,-0.5703199324757496,0.1300144514864386,-0.055992755674567546,0.025053526005445654,-0.6930212421601191,1.7934785625445655,0.21797323805353647,1.0,0.6716417910447762,67.0
6,-1,450.0,True,True,70.3821062441752,161.6333192650104,142.18709118203918,,,,2.402966760324921,0.09480374692625367,64.0,0.25,71.93015408229434,91.48157843740711,49.882805112102325,-0.6219616103974647,0.1379166212429795,-0.10763583802639137,0.02981457417267013,-0.7081650683020245,2.402966760324921,0.08383338331615449,0.9848484848484849,0.6060606060606061,66.0
6,-1,480.0,True,True,72.58710155670867,142.8728299116413,128.16098749337792,,,,2.4023095147630644,0.09874573526415656,60.0,0.23333333333333334,75.86474804073926,79.53184066117181,23.481311298891008,-0.6285911340776011,0.1637784344818642,-0.13315151887800306,0.027650380348344182,-0.7234815882885618,2.4023095147630644,0.08046952406567487,1.0,0.5538461538461539,65.0
6,-1,510.0,True,True,78.3673469387755,126.19619950391045,113.02117621190034,,,,2.45725040302944,0.14640460648777046,55.0,0.23636363636363636,79.93208325632554,87.55219106937614,63.25944420092476,-0.6407282426124155,0.17244079018700015,-0.15253489005943782,-0.003010316269471726,-0.6899178374535389,2.45725040302944,0.12571750747064142,0.9666666666666667,0.5,60.0
6,-1,540.0,False,True,,,,,,,,,,,84.42540731657908,198.57882450616503,124.65917194139159,-0.813770965027246,0.22579792332023457,-0.24046046299485452,,,2.945392855803809,0.15881807521177105,0.9649122807017544,0.47368421052631576,57.0
6,-1,570.0,False,True,,,,,,,,,,,75.86834489254437,185.23996603365464,64.21041588104146,-0.7377493924450511,0.23822513351358485,-0.21539724946990954,,,2.8009492560638263,0.2483779836961943,0.9803921568627451,0.45098039215686275,51.0
6,-1,600.0,True,True,72.45283018867924,206.0063495900759,179.7321883789147,,,,2.0498854932796577,0.42095065493995953,48.0,0.375,73.07844226215353,153.99753181479107,47.300811117943276,-0.7108264595514568,0.2535285923219721,-0.21439198672012655,,,2.0498854932796577,0.42095065493995953,0.9607843137254902,0.37254901960784315,51.0
6,-1,630.0,False,True,,,,,,,,,,,78.85090584173184,187.01130892936754,75.31266151323598,-0.6503772844984466,0.20476565275304193,-0.2298723159821502,,,2.418095372277057,0.2110142872278604,0.94,0.44,50.0
6,-1,660.0,True,True,71.14247904719895,195.11005041889265,165.7281518405971,,,,2.448618059321846,0.13607938219184224,54.0,0.18518518518518517,72.18804037652622,149.86279846919683,61.36136030351783,-0.6538602284846914,0.15905015552101953,-0.15617798860578208,-0.0003287449198989619,-0.600544704473228,2.448618059321846,0.1538741104103449,0.9818181818181818,0.5636363636363636,55.0
6,-1,690.0,True,True,70.37067888379842,181.66795133198414,147.43780264585627,,,,1.9433189770141437,0.25340795514250103,55.0,0.41818181818181815,70.60230745719534,97.08493186948544,37.535001475790004,-0.6695967196187834,0.190508109338011,-0.14259635275973537,,,1.9433189770141437,0.25340795514250103,1.0,0.48214285714285715,56.0
6,-1,720.0,True,True,70.42071197411002,143.68180685067688,109.2633358565443,0.2160948875421676,0.8605404037877624,1.1576461092800845,2.286502455881599,0.2666302980584595,49.0,0.5714285714285714,74.66976811076049,123.6118894054922,40.54786382020899,-0.6940431929816935,0.22922707674745005,-0.17270628805227017,,,2.286502455881599,0.22402550977708352,1.0,0.46153846153846156,52.0
6,-1,750.0,True,True,66.27037392138064,181.79353709350687,134.61299982625087,,,,2.2835081643908874,0.3059775404321029,48.0,0.4166666666666667,68.07383956686358,77.20173584048597,62.084080030332636,-0.6554023415911878,0.1944906293880763,-0.1797573173583042,0.024429028180508416,-0.7179248021578615,2.2835081643908874,0.2817137511302413,0.9803921568627451,0.5098039215686274,51.0
6,-1,780.0,True,True,64.76458186929024,171.37434132889652,175.66836653193997,,,,1.809077277187675,0.2604044162961205,55.0,0.41818181818181815,65.91482781599609,62.779738188624144,56.252587587036224,-0.6431148779782349,0.21927786862049115,-0.17034796142117992,0.013122721357012668,-0.7792468696257667,1.809077277187675,0.23809028855519712,1.0,0.5254237288135594,59.0
6,-1,810.0,True,True,67.51388032078964,183.00675956489758,182.5333219674485,0.21525796988035764,0.8676411266574375,1.2361978427437212,1.8975027517531573,0.23721632443584156,62.0,0.532258064516129,67.87727705487457,76.84179734147962,39.225318082073144,-0.641771717079378,0.2218774683164566,-0.14511644918279643,0.010612705154291417,-0.8118166061651799,1.8975027517531573,0.23721632443584156,1.0,0.5,62.0
6,-1,840.0,True,True,66.97674418604652,172.78899208656298,160.14248755231839,,,,1.776124208549972,0.23821102210899295,64.0,0.40625,67.06378933636893,74.59491530119337,57.53144675649344,-0.6272547645431605,0.19697739449019014,-0.13496891688527846,0.010612705154291417,-0.7822897907874584,1.776124208549972,0.23821102210899295,0.9841269841269841,0.5238095238095238,63.0
6,-1,870.0,True,True,65.5400111919418,162.51444870611158,156.2673601467121,,,,1.736084017795829,0.25253031466691594,63.0,0.3968253968253968,66.78576844197615,84.7489065758936,52.8686436653435,-0.6414443351396643,0.18926462763381346,-0.14185774307466587,0.019025659709691525,-0.7716987015538618,1.736084017795829,0.22986339149219867,1.0,0.5384615384615384,65.0
6,-1,900.0,True,True,68.3476713141501,164.5188031659677,156.05456527686076,,,,1.6558141129832662,0.26361242237451094,64.0,0.4375,69.79771907462295,126.01393898472935,67.44892602327572,-0.6498234132796046,0.18298922557432917,-0.14890969648307115,0.029572353991649536,-0.7358337343496805,1.6558141129832662,0.24618501458080644,1.0,0.5074626865671642,67.0
6,-1,930.0,True,True,66.96939782823297,175.60269767720843,160.81229960150748,,,,1.6591146590164503,0.24765428514915705,60.0,0.4666666666666667,69.5835156720004,167.27736909230657,53.03975304751979,-0.6690520707918949,0.1652998174221447,-0.15613797540703273,,,1.6591146590164503,0.24639593518330336,1.0,0.4838709677419355,62.0
6,-1,960.0,True,True,65.55482600131319,193.41532393529207,154.16013097472012,0.14479039002328237,0.9241728648875404,1.130900547021753,1.8413432879304934,0.2389067954359982,59.0,0.5423728813559322,67.37171162808207,128.34401349027146,45.90371190076252,-0.6553446890974503,0.17145615224543193,-0.15582882657827665,0.014296040917141824,-0.8094882458216976,1.8413432879304934,0.21478944445893033,1.0,0.5573770491803278,61.0
6,-1,990.0,True,True,65.73295985060692,163.20435038708177,126.7456236917078,0.1581000515959558,0.9077519828549008,1.1762444376952998,1.8839363121608605,0.30152731019267504,59.0,0.6779661016949152,66.98863578252299,92.26757971097854,47.38367531797918,-0.6302041788964013,0.17145615224543193,-0.14474985108803734,0.01928687413414386,-0.7335870447772421,1.8839363121608605,0.273852408144706,0.9841269841269841,0.5555555555555556,63.0
6,-1,1020.0,True,True,65.67974048953111,119.82916260667871,121.74901913655933,0.1774327366304287,0.8856074727290403,1.1790182847414592,1.8134734251801115,0.3271195632274447,60.0,0.8,66.11163082847871,87.96776095304433,43.41341456210063,-0.638456317295536,0.1810072660488002,-0.16863404640597277,0.03224431901693278,-0.7543192053964847,1.8134734251801115,0.3271195632274447,0.9841269841269841,0.5079365079365079,63.0
6,-1,1050.0,True,True,65.8640776699029,150.29471078754293,142.76709351200248,0.17371236366174608,0.8903826024271222,1.116227864750457,2.025996651941574,0.21581543392825475,58.0,0.6379310344827587,67.74027632595958,99.63236913073219,73.38886127876113,-0.6330232099245542,0.17753140065152165,-0.17181888940397405,0.04275438482277113,-0.7290736316423437,2.025996651941574,0.1881863606011865,0.9836065573770492,0.5573770491803278,61.0
6,-1,1080.0,True,True,66.17972917521543,175.71202380898185,157.3456952829472,,,,2.326840969490614,0.21379963463835192,51.0,0.4117647058823529,71.80231418020206,176.2353298554283,89.52767516945565,-0.6394622501434902,0.17469897921585797,-0.19273091380137664,,,2.326840969490614,0.15199416280610015,0.9636363636363636,0.4,55.0
6,-1,1110.0,True,True,68.53922029121654,194.59706270676412,135.9165453197905,,,,2.4712883889591026,0.27349969795575346,48.0,0.3333333333333333,76.48673086737466,210.1460749670977,88.23690854999545,-0.6436322204495051,0.1562165029768712,-0.1861777841251433,,,2.4712883889591026,0.18773153787662955,0.9230769230769231,0.3269230769230769,52.0
6,-1,1140.0,True,True,65.88586348377471,186.09610542514912,145.20325194361178,,,,2.2292947775808836,0.22734411893349096,53.0,0.3584905660377358,68.75824473592897,130.41215023539198,49.96870382760469,-0.6315698417702653,0.155500476413381,-0.14935492444507595,,,2.2292947775808836,0.22367407546336907,0.9642857142857143,0.4642857142857143,56.0
6,-1,1170.0,True,True,65.85545120457328,206.52605599524395,165.78629187109658,,,,2.204331147835024,0.22760338705433167,51.0,0.3137254901960784,71.9031441057237,166.04732627879946,48.61665956873383,-0.6614871415719387,0.15928190948442458,-0.08516924357270121,0.029725349616730953,-0.8974971399582992,2.204331147835024,0.18507801932789691,0.9818181818181818,0.509090909090909,55.0
6,-1,1200.0,True,True,66.95079426578846,174.88821623729146,151.76760251257116,,,,2.2053868109574744,0.2090784612709629,54.0,0.46296296296296297,70.13982008233623,114.69818628320793,36.37049697412889,-0.660980128985975,0.18547587151887543,-0.16449416125854135,,,2.2053868109574744,0.2179287332070437,0.9821428571428571,0.44642857142857145,56.0
6,-1,1230.0,True,True,69.48571428571428,130.3449314820638,125.95215815386818,0.19172865772244563,0.8777812498802375,1.2235745213735099,1.9967793567559842,0.2929514533688257,62.0,0.6612903225806451,70.38179085438176,80.77240459215592,39.257067977526525,-0.6705383929006445,0.20843849799654665,-0.17335049684585702,,,1.9967793567559842,0.2929514533688257,1.0,0.31343283582089554,67.0
6,-1,1260.0,True,True,68.143279658232,158.0135560572017,102.81356536456155,0.19229077789578092,0.8774360092777114,1.2066140107644203,2.231633458151066,0.2648945835434407,60.0,0.55,70.61331138662602,99.54946864585027,60.0148104283873,-0.6711749059596761,0.20810198493832976,-0.17263824081152754,,,2.231633458151066,0.2407679838169845,1.0,0.3,60.0
6,-1,1290.0,True,True,65.83732057416269,182.08068988808728,150.55236838057382,,,,2.288471532996084,0.2745097844523664,52.0,0.4807692307692308,67.49396958938975,106.74742446906028,61.337233681929476,-0.6566079095636789,0.19621703700921111,-0.16934773048964719,,,2.288471532996084,0.24388265090556235,1.0,0.3584905660377358,53.0
6,-1,1320.0,True,True,71.3611250627825,197.4994862339841,178.32362828927074,,,,2.7996046981634755,0.2661956524263988,48.0,0.3125,73.6451842003552,156.93332967486774,51.681174382972316,-0.706283423809972,0.21381574064619235,-0.17670292930085243,,,2.7996046981634755,0.2622488887378584,0.9795918367346939,0.3469387755102041,49.0
6,-1,1350.0,False,True,,,,,,,,,,,77.1272656822597,110.20761057000985,68.38349877565517,-0.7604223391447179,0.2270809456036574,-0.23728465181942454,,,2.797836330318196,0.3032918228876021,0.9787234042553191,0.425531914893617,47.0
6,-1,1380.0,True,True,70.01709401709401,179.82920319836452,153.09310892394862,0.30408014694124047,0.804344565057399,1.2093257579762227,2.542333509208071,0.3179978476733053,46.0,0.5,75.44993447998331,138.27021103138665,78.77054372022741,-0.7535324238116134,0.303005931229749,-0.24717256149451897,,,2.542333509208071,0.2432919116075355,0.9622641509433962,0.37735849056603776,53.0
6,-1,1410.0,True,True,70.19354838709677,179.82761384070994,173.69169756661208,0.25732699171098977,0.8577448914506764,1.1067379116660738,2.0639911895588177,0.1665210909937157,46.0,0.5,70.72463726659693,117.15115786685789,62.65976642126146,-0.719401459178924,0.2537559936359657,-0.24717256149451897,,,2.0639911895588177,0.13986737671580182,0.9636363636363636,0.41818181818181815,55.0
6,-1,1440.0,True,True,70.06743355811187,181.63929592456978,136.43266876397533,0.25209240172791303,0.8260922793915659,1.223007146593178,1.350053307428433,0.3257890599710228,53.0,0.660377358490566,71.64821340047413,146.76044365670631,41.963490456494064,-0.7106342860700635,0.21379863677532301,-0.2164476119848917,,,1.350053307428433,0.2906598390422064,0.9661016949152542,0.4067796610169492,59.0
6,-1,1470.0,True,True,70.59952038369305,143.82841539025415,117.60037561839773,0.281953088326426,0.7896948138546153,1.2684817301268825,1.7935830784032123,0.41034500897585835,55.0,0.6181818181818182,74.61434797863176,148.41959500544664,34.58733767109712,-0.7364569285927032,0.22571134258289371,-0.21632206799688514,,,1.7935830784032123,0.3761633557243021,1.0,0.43103448275862066,58.0
6,-1,1500.0,True,True,72.9483282674772,180.28640762827962,110.15012139087384,0.27210834061255135,0.8486813310857169,1.1438705748696443,1.8829151193326612,0.4277724627177294,57.0,0.5263157894736842,75.2844120612138,130.00516533500493,31.378294373427067,-0.7496476611679384,0.30107660211396103,-0.22023310749233627,,,1.8829151193326612,0.35420600368611677,0.9833333333333333,0.26666666666666666,60.0
6,-1,1530.0,True,True,71.37931034482759,167.42183340048408,126.49348189348913,0.21658623726711088,0.9016867311599203,1.1054046628888023,1.82468457486032,0.2892964100870866,70.0,0.6857142857142857,72.06493699611791,99.96348897658484,44.46757367370196,-0.6885966501288254,0.3034156681636186,-0.1910161138551758,,,1.82468457486032,0.2892964100870866,1.0,0.25,68.0
6,-1,1560.0,True,True,74.76896251089799,149.31834671331163,118.39357808553872,0.21541948239972677,0.8817757004420074,1.1242887006346443,1.8338361152882237,0.4162617169379174,70.0,0.6857142857142857,75.33776159078478,111.3807202594839,51.95210017200087,-0.6825918133078329,0.28300720861534207,-0.17673336880656884,,,1.8338361152882237,0.37808365964044294,0.9861111111111112,0.25,72.0
6,-1,1590.0,True,True,75.14376996805112,124.3981645372726,91.72492321316784,0.2710599844979249,0.8415356692955581,1.1944779214485637,1.7361876332095905,0.3844270282957157,59.0,0.6101694915254238,76.94673143665491,114.53943083022243,48.89081747567576,-0.7461366923756694,0.28663878645366914,-0.18326105630955905,,,1.7361876332095905,0.41899270114456183,0.9833333333333333,0.3333333333333333,60.0
6,-1,1620.0,True,True,73.84615384615385,167.7414886998741,132.76060418736256,0.3053483655705516,0.8331764039073482,1.1547315036223074,1.5923234728601738,0.2615521020898933,59.0,0.5084745762711864,74.30826753403828,89.54909458395124,34.39364295656889,-0.7516564481949554,0.27811599182249114,-0.26970496498270485,,,1.5923234728601738,0.2615521020898933,0.9833333333333333,0.35,60.0
6,-1,1650.0,True,True,72.05731832139202,164.55566111184456,156.8190650791456,0.2447333458787673,0.8697942613838363,1.1390143683318028,1.7479898725897793,0.25869036897999964,62.0,0.5161290322580645,73.62161893238665,110.94192593254016,52.74764374390008,-0.7156469466028836,0.27071393869821314,-0.2068862287271558,,,1.7479898725897793,0.2525765761747207,0.984375,0.359375,64.0
6,-1,1680.0,True,True,70.62923523717328,152.6548328839266,147.22839324255943,,,,1.8528132261884032,0.22517031129550422,62.0,0.41935483870967744,73.04284137296503,121.08556994695802,54.09797316593413,-0.700480104928279,0.22423014989306542,-0.169931580360786,,,1.8528132261884032,0.23931328562208662,1.0,0.45454545454545453,66.0
6,-1,1710.0,True,True,69.2852185981957,154.00800059958004,151.72936794824187,,,,2.084103254434095,0.3085625971571072,60.0,0.35,70.664577506729,79.8603247768904,32.95092719481109,-0.6808938603417118,0.23548003602993864,-0.15727869686048304,-0.009614028554542858,-0.780658240431651,2.084103254434095,0.25542998707007275,1.0,0.5166666666666667,60.0
6,-1,1740.0,True,True,69.15803692030617,124.94928358157192,89.24734108434268,0.2386372557411623,0.8295111634913963,1.2617193811304679,2.363444432219495,0.41834329485709765,49.0,0.5918367346938775,70.98927096594879,123.33143204746926,55.550518865279926,-0.7230232219275486,0.23012530253594998,-0.15366659970649355,,,2.363444432219495,0.32033943196995296,1.0,0.45614035087719296,57.0
6,-1,1770.0,True,True,67.6110444177671,136.36471167927414,134.72235006539506,0.19845387370355227,0.8740707629212685,1.2030960609738952,2.2358061381234524,0.34028063090885163,51.0,0.6274509803921569,68.25329123584241,96.70306029151226,51.6501730353791,-0.7076817479300148,0.2263044018220878,-0.16193101450939543,,,2.2358061381234524,0.36575368920322154,0.9833333333333333,0.4166666666666667,60.0
6,-1,1800.0,True,True,70.23008849557522,206.63580932377735,205.99682614742514,,,,2.704354982399009,0.3413613469652084,45.0,0.3333333333333333,68.55178183430424,130.38259132492792,62.53565334041313,-0.6692308686848529,0.22238756393723386,-0.18000444197229626,,,2.704354982399009,0.3757720213235953,0.9444444444444444,0.42592592592592593,54.0
6,-1,1830.0,True,True,70.78341013824885,196.44329909178504,154.24854500566167,,,,2.6778599443317566,0.3014230177350471,46.0,0.13043478260869565,72.79731371615843,165.9884907964639,98.07031434044809,-0.6021329534065301,0.16135796695871435,-0.177757376942892,-0.02607362546556675,-0.5473733392648583,2.6778599443317566,0.33470790845661796,0.9230769230769231,0.5576923076923077,52.0
6,-1,1860.0,True,True,67.39160357880247,177.91902005147855,162.22548311469092,,,,1.6932106589512137,0.19188784524432034,58.0,0.22413793103448276,70.10961625422105,137.4950029294381,95.9162339850883,-0.6332734156775655,0.1779516162811428,-0.1551237159800402,-0.024936869926364735,-0.6520639300398388,1.6932106589512137,0.19220513364633401,0.9830508474576272,0.711864406779661,59.0
6,-1,1890.0,True,True,64.53781512605042,179.29077581310943,169.46103096471768,,,,2.275772740525817,0.4725216408875589,44.0,0.2727272727272727,68.31675737811156,151.10361955302616,68.0010534921096,-0.6527019235360656,0.21107535598112892,-0.18583680272289405,0.010926692853361168,-0.7202634612859166,2.275772740525817,0.39699287636604547,0.96,0.68,50.0
6,-1,1920.0,True,True,66.23862002874941,156.98426185367137,151.98506220880847,,,,2.3196013459053493,0.4386390160161377,49.0,0.16326530612244897,69.32617939746902,132.92433255649232,47.8484955202134,-0.6144396943607322,0.2003924838491708,-0.18828559869890926,,,2.3196013459053493,0.4084690298241785,0.9636363636363636,0.45454545454545453,55.0
6,-1,1950.0,True,True,67.31034482758619,138.74396540192595,129.24434828068885,,,,1.907091421116087,0.2313866178440577,64.0,0.1875,68.34249760546659,84.13902210102816,59.866697173653016,-0.6053467024589942,0.18298105316347815,-0.1389766077795436,,,1.907091421116087,0.24216488414338833,0.9846153846153847,0.49230769230769234,65.0
6,-1,1980.0,True,True,69.01766346451812,140.05116460183186,134.89354426574488,,,,2.182727647286493,0.24375334979189864,62.0,0.1774193548387097,69.12518558819185,89.48792890646769,65.77955035830348,-0.6257447099102557,0.17403631381173498,-0.14085182838096083,-0.02142601642041602,-0.715332149956434,2.182727647286493,0.24375334979189864,0.9838709677419355,0.6129032258064516,62.0
6,-1,2010.0,True,True,68.18691588785046,165.40355475740813,157.71548331690397,,,,2.716397384153819,0.4737552552087642,45.0,0.17777777777777778,68.21184070020519,131.32870566935367,67.25556840272061,-0.629832492638874,0.14599756385967888,-0.16858521270750493,-0.02719135813584698,-0.6889535010140037,2.716397384153819,0.4737552552087642,0.9347826086956522,0.5217391304347826,46.0
6,-1,2220.0,False,True,,,,,,,,,,,82.09542160326457,164.43563607419523,90.08793995447058,-0.7320395242232042,0.24368637249241057,-0.2928284073878844,0.07790531979196395,-0.6838112304739439,2.5678678125083825,0.20837041919022847,0.9622641509433962,0.5094339622641509,53.0
6,-1,2250.0,True,True,77.82281412854661,143.05211714454916,132.67773334936098,,,,2.668416066480358,0.3499498085876987,43.0,0.3023255813953488,78.90778252970803,131.93384539887842,34.5881611947651,-0.6968200297497081,0.2318948177067433,-0.22891655443843797,-0.011614071263918217,-0.5963349200547562,2.668416066480358,0.3159222140613081,1.0,0.5094339622641509,53.0
6,-1,2280.0,False,True,,,,,,,,,,,80.78071143385834,79.62670970978256,57.30328120223088,-0.6840703697322095,0.23210285640392686,-0.2219663115715701,,,2.5775579134383286,0.31213424309681864,1.0,0.4857142857142857,35.0
6,-1,2430.0,True,True,77.47141896435777,197.41575866894044,175.99235009416364,,,,2.269968851850424,0.24300686704005828,41.0,0.1951219512195122,79.43603639924204,193.0657359703268,95.5283800059018,-0.7021147868125915,0.09138887162441198,-0.3570029486130512,0.08066276138535965,-0.48412078808771425,2.269968851850424,0.21779182744518935,0.9642857142857143,0.5178571428571429,56.0
6,-1,2670.0,False,True,,,,,,,,,,,79.82726328329842,146.5650562339284,109.48472034022384,-0.7618068705138937,0.15069255554838457,-0.32606182309674725,0.13030734941594138,-0.6036921957816566,2.3071651804933344,0.09397272081193482,1.0,0.6222222222222222,45.0
6,-1,2700.0,False,True,,,,,,,,,,,78.32817693666378,103.75497769178024,79.24643577162715,-0.6671342155673384,0.1603337378588566,-0.2120050954422658,0.08657891134124493,-0.6799828731545203,2.4726672941275254,0.1264755025886708,1.0,0.6222222222222222,45.0
6,-1,2730.0,False,True,,,,,,,,,,,75.6975385703037,86.59226635041895,49.78373206736654,-0.6567181610582475,0.14786169652252026,-0.20221496455809315,0.05122098016327121,-0.639412578586762,2.1879784887341116,0.11954470798017841,1.0,0.6521739130434783,46.0
6,-1,2760.0,True,True,81.73993521517815,172.50481608221253,147.3282981691102,,,,1.7178044826914762,0.14119314721984427,57.0,0.21052631578947367,83.52065598466677,124.8078887394867,111.69643791365945,-0.6720118720422765,0.13969898604651587,-0.2899843077442361,0.04372700658921095,-0.46877403972719767,1.7178044826914762,0.12675519256329448,0.9482758620689655,0.5689655172413793,58.0
6,-1,2790.0,True,True,87.11220110361741,156.00581520211634,137.62719022628968,,,,2.102004171843015,0.11432892227461983,52.0,0.09615384615384616,87.82924547452697,137.25512092943438,139.4124494028208,-0.7656749981988898,0.07024020634874369,-0.31859218417361523,,,2.102004171843015,0.11432892227461983,0.9215686274509803,0.47058823529411764,51.0
6,-1,2820.0,True,True,78.08612440191386,181.78923949401147,146.71422938545078,,,,2.0490104032189747,0.23006140101948983,49.0,0.061224489795918366,80.85395177821123,162.27115128314608,62.88907710661538,-0.5897168842920534,0.14184111247446105,-0.1713696240150793,-0.01794297328387775,-0.5415138767528872,2.0490104032189747,0.16086124544647853,0.9038461538461539,0.5769230769230769,52.0
6,-1,2850.0,True,True,75.89571068124475,152.5603628109033,155.1415423672958,,,,1.824404291375663,0.177835450349129,59.0,0.1694915254237288,76.83052416952309,76.17069658031653,60.133864983888635,-0.5595658911245287,0.1172758500017918,-0.16293523691636141,-0.03163616318441598,-0.435228694938421,1.824404291375663,0.1951761698675271,0.9818181818181818,0.8363636363636363,55.0
6,-1,2880.0,True,True,77.63608087091758,125.96493074595804,137.0403155167233,,,,1.9850607131675055,0.11791530827082836,50.0,0.1,78.79194102315026,76.3542747293245,56.940528913633855,-0.5795825037236622,0.07865484041228164,-0.16293523691636141,-0.0006312592202544667,-0.5016526557724035,1.9850607131675055,0.10744713525370125,0.9821428571428571,0.7857142857142857,56.0
6,-1,2910.0,True,True,78.85714285714286,116.39741068184779,130.1432128824819,,,,2.089468366108302,0.07148493775809314,38.0,0.10526315789473684,77.54732386653627,78.98635750586831,71.75846293137302,-0.5816204423156253,0.08025952297165213,-0.25561934093606853,0.12247499312849924,-0.6253283906633695,2.089468366108302,0.07713960875716462,0.9629629629629629,0.6666666666666666,54.0
6,-1,2940.0,False,True,,,,,,,,,,,78.62009377803716,106.44862762550547,79.89731291134831,-0.6398888428436013,0.09607700888015767,-0.3746287176280173,0.16807158525787733,-0.6321808672563372,2.1399039095399766,0.257275774993396,0.9803921568627451,0.6078431372549019,51.0
6,-1,3120.0,True,True,69.29323308270678,137.83591830834877,139.99666724703764,,,,2.7091912531153803,0.5391432098078813,34.0,0.17647058823529413,73.25838134084297,162.29189376468037,67.14218999194337,-0.5955403447088278,0.172475298993077,-0.2502289315970524,-0.0021529910450651555,-0.5241778931797287,2.7091912531153803,0.4271621032000331,1.0,0.6875,48.0
6,-1,3150.0,True,True,65.1349267540478,118.13231265887076,150.41907253322884,,,,2.2190536620108636,0.3037743787026237,50.0,0.02,66.6619148747387,106.60914725670082,53.06433882619165,-0.5705466426028142,0.16172489664381676,-0.22112331923352768,-0.014392639052297687,-0.5181253747527753,2.2190536620108636,0.2239920474759825,1.0,0.8269230769230769,52.0
6,-1,3180.0,True,True,65.00604594921403,101.34295076043114,138.74009084029225,,,,1.7542612345488875,0.19246746150349045,60.0,0.03333333333333333,65.04074473853615,44.1073611625913,34.400392938654186,-0.552680311162429,0.14797241710275585,-0.2026712184438558,-0.02727853274665264,-0.4618224870056153,1.7542612345488875,0.19246746150349045,1.0,0.7966101694915254,59.0
6,-1,3210.0,True,True,67.31816486385678,127.81134754551913,123.41239399016865,,,,2.075408114792255,0.46730338650193753,56.0,0.07142857142857142,69.03408352342001,130.3005405801556,48.45150138994,-0.5660979118937232,0.16815817063797966,-0.21947607505122954,-0.06579797181525097,-0.5134743841930337,2.075408114792255,0.5234716705555802,0.9824561403508771,0.7192982456140351,57.0
6,-1,3240.0,True,True,68.43177189409369,160.45676292340298,112.72763428392348,,,,2.2011300159777205,0.5403952158804188,48.0,0.125,72.13135173384083,148.64524666377116,82.26141689290823,-0.593089281575662,0.24835161013957452,-0.21299697493860473,-0.03152543627110973,-0.5862919381898354,2.2011300159777205,0.3937556724074682,0.9629629629629629,0.6111111111111112,54.0
6,-1,3360.0,False,True,,,,,,,,,,,65.70229839497814,99.78274483067248,82.91383108090766,-0.6145882164120209,0.12662669840626709,-0.20119857499527188,0.02022611611819485,-0.574385749593798,2.528036107515521,0.2504316554639263,1.0,0.775,40.0
6,-1,3510.0,True,True,69.43942133815551,176.06807298721432,134.7823503290667,,,,2.2837738434319332,0.30220941364923,39.0,0.10256410256410256,67.00091014429353,136.72780176087994,43.640204617449584,-0.6572165358498766,0.18640522633344175,-0.21263788283282642,0.025479332315767766,-0.6983901253674825,2.2837738434319332,0.29849936823006,0.9622641509433962,0.6037735849056604,53.0
6,-1,3570.0,True,True,74.00428265524626,212.00687503970846,180.7036485346934,,,,2.6738637912692855,0.16316201657591922,39.0,0.3076923076923077,78.09842589911098,123.89671208133736,83.39657878711704,-0.6446718565341947,0.19404362730925306,-0.24085855361042519,,,2.6738637912692855,0.13520916927203935,0.96,0.38,50.0
6,-1,3600.0,True,True,69.97722095671982,200.09901890078527,158.74740264716843,,,,1.708417757387176,0.2583928124874596,62.0,0.22580645161290322,71.69062286051755,122.23293692859694,71.37239201693325,-0.6203482229223704,0.18668192461196748,-0.17595780918088233,0.04908721117782557,-0.7209171466659497,1.708417757387176,0.23015071886121963,1.0,0.639344262295082,61.0
6,-1,3630.0,True,True,65.42456718878813,146.34563845860035,135.03315791962024,,,,1.3978630599016963,0.2109130546784586,63.0,0.12698412698412698,67.40063009356507,109.3123746179574,50.63981353130617,-0.6178792291505183,0.18503339388636242,-0.11944313895935828,0.01632308559685992,-0.7235208885747054,1.3978630599016963,0.17622253650105177,0.9824561403508771,0.8245614035087719,57.0
6,-1,3660.0,True,True,65.97156398104265,147.73273426049172,159.1143702262621,,,,1.5340764223132828,0.2057446696483706,61.0,0.19672131147540983,66.17671528670114,52.75729478680025,43.39252599892499,-0.6328284990464766,0.18765235382796253,-0.13743888034758925,0.011715885547639315,-0.731923932320446,1.5340764223132828,0.2057446696483706,1.0,0.7368421052631579,57.0
6,-1,3690.0,False,True,,,,,,,,,,,77.58316665805972,180.46474090102856,43.72322771940424,-0.673177640081732,0.19474479949266763,-0.21709874196574408,,,3.116689524712561,0.32890959297448924,0.95,0.45,40.0
6,-1,3750.0,True,True,74.45983379501386,195.71780425477627,140.35060949467342,,,,2.4256454865693904,0.27335678208536035,48.0,0.3958333333333333,75.38939552087994,144.82729044880423,67.1887199923453,-0.630476477491431,0.19861988141087147,-0.17724903970146436,,,2.4256454865693904,0.22986034417910298,0.98,0.48,50.0
6,-1,3780.0,True,True,69.60328317373461,189.08921480283655,158.57643070456592,,,,1.6865748167187478,0.21144430536991962,59.0,0.3728813559322034,70.4094922138678,112.81374332477073,55.884555913737806,-0.6394921977200239,0.1892406186688531,-0.13172342577954108,0.017098452409450186,-0.7725447541310619,1.6865748167187478,0.21144430536991962,1.0,0.6271186440677966,59.0
6,-1,3810.0,True,True,69.35580975316074,190.9913511405386,183.4634954607228,,,,2.514754516556728,0.3379096110123867,43.0,0.27906976744186046,70.25653604715684,146.6094396157249,72.4510487586294,-0.658692136767802,0.17029342540189274,-0.16466135111878097,0.011375880165309821,-0.741121992934855,2.514754516556728,0.29405644974849476,0.9565217391304348,0.6304347826086957,46.0
6,-1,3990.0,False,True,,,,,,,,,,,67.96821000584313,74.9697117181811,43.55850186717124,-0.68065373314685,0.20008214823396936,-0.1787814812489078,0.000489037982448337,-0.7395441868393247,2.526244242478583,1.2122263378583764,0.9736842105263158,0.631578947368421,38.0
6,-1,4020.0,False,True,,,,,,,,,,,68.34413416475466,138.5662549973708,42.25830778419896,-0.6724506704691582,0.25815682719687194,-0.17752645813803075,0.027814590050800978,-0.8382726529157067,2.5422879085775323,0.29153075595331907,0.9545454545454546,0.5227272727272727,44.0
6,-1,4050.0,True,True,67.26580350342726,174.98220665235516,146.72238629365964,,,,2.070860059979883,0.29440714221847014,52.0,0.21153846153846154,68.2955654030483,122.47049959136841,43.38165139161201,-0.6068485596691229,0.22406971840698225,-0.17752645813803075,-0.004637913468643222,-0.6772326438388953,2.070860059979883,0.32268660654912695,0.9803921568627451,0.5686274509803921,51.0
6,-1,4080.0,True,True,66.49838567654828,141.92387519788036,125.95215815386818,,,,1.617640895051555,0.2126681752937218,62.0,0.1774193548387097,66.92732432595608,67.28552715258964,37.27276442187043,-0.6062055581037789,0.21264667282841695,-0.1917537939037473,-0.018753358629761782,-0.6411949875246492,1.617640895051555,0.19761901083165803,1.0,0.5423728813559322,59.0
6,-1,4110.0,True,True,65.74136349740141,126.40463589380902,107.79088222003162,,,,1.551140253813318,0.21338154916372995,60.0,0.16666666666666666,68.62418800748137,108.60062082298272,37.70673122475276,-0.575671937437978,0.1972433209080472,-0.20019523058475008,-0.05253058496592353,-0.6324362545181439,1.551140253813318,0.20616384841940752,0.9830508474576272,0.5423728813559322,59.0
6,-1,4140.0,True,True,66.70599803343165,93.12236994756775,89.93600532794319,,,,1.543172646056038,0.16453785015083897,59.0,0.03389830508474576,69.20328945084046,126.421630947013,48.963592923618585,-0.5574273598502069,0.1828428617437784,-0.16703651974488531,-0.03798572366637206,-0.6080270798522605,1.543172646056038,0.17455846693368404,0.9818181818181818,0.6909090909090909,55.0
6,-1,4170.0,True,True,68.29764065335753,130.27076521975152,121.3573987989329,,,,1.2860832351102762,0.2036922852733429,56.0,0.08928571428571429,70.98976650043642,137.92414959621567,65.8470444813206,-0.6060797060611124,0.1488088607940147,-0.16642165204071652,0.07002605079585063,-0.6426212063593,1.2860832351102762,0.16643193748623927,0.9827586206896551,0.6896551724137931,58.0
6,-1,4200.0,True,True,67.88214904679376,158.09087150104776,150.17196244163364,,,,1.4453714793481809,0.18486225340113469,56.0,0.19642857142857142,69.7462546299556,68.5904310838959,36.946737462899144,-0.6365795663371454,0.1595605609658653,-0.13598343907464372,0.10087103028573853,-0.7821225077196668,1.4453714793481809,0.187404340265364,1.0,0.7627118644067796,59.0
6,-1,4230.0,True,True,72.78343278343279,163.76208415104642,156.1866425600768,,,,1.6414364676552236,0.2087915552909078,60.0,0.21666666666666667,73.08743692675621,83.60894970054368,58.540358807947,-0.6214309277983205,0.1945036064696027,-0.1724100508086026,0.10501679050001553,-0.7624694400216631,1.6414364676552236,0.2087915552909078,0.9846153846153847,0.5538461538461539,65.0
6,-1,4260.0,True,True,70.15986949429038,202.42429560078108,154.58938988263623,,,,1.6405033956386963,0.2005510432608826,63.0,0.19047619047619047,71.1021614560766,123.38357839519115,49.66065249615986,-0.5944971171682181,0.15221352056606685,-0.21303263219490964,,,1.6405033956386963,0.18063578369177488,0.9841269841269841,0.38095238095238093,63.0
6,-1,4290.0,True,True,66.58959537572255,161.86832961415112,138.6140944763555,,,,1.5410700499786436,0.18816104007328724,60.0,0.13333333333333333,68.3719589202102,131.75494044976992,93.32990048483069,-0.5864870738728518,0.1061793852608506,-0.17580773721436663,0.053067907839847855,-0.6902618148698919,1.5410700499786436,0.2001253434519594,0.9821428571428571,0.5892857142857143,56.0
6,-1,4320.0,True,True,66.51750270660412,121.23397566184222,122.7438245445195,,,,1.545045487426392,0.18676027507247656,55.0,0.09090909090909091,68.27440092897925,108.00555344827042,107.39002120912166,-0.5775034399203055,0.12645895647567032,-0.1429138385063064,0.053067907839847855,-0.6815921076121638,1.545045487426392,0.17952292080450044,0.9807692307692307,0.7115384615384616,52.0
6,-1,4350.0,True,True,69.92412746585737,149.44744378213426,145.27422584355577,,,,1.5762387086048855,0.19010941824987945,56.0,0.14285714285714285,69.19624024063123,110.55760862322022,53.99145569638055,-0.5835646144662332,0.1391047104979034,-0.12394555143050341,0.040056334481622144,-0.6224862906626241,1.5762387086048855,0.21055436926567317,1.0,0.75,56.0
6,-1,4380.0,True,True,70.7514450867052,182.00485139515524,171.45278396370895,,,,1.5066173576641415,0.19449187471202975,58.0,0.25862068965517243,71.55006141803523,129.73499504022448,50.71501800927364,-0.6256541706547433,0.17324504522577633,-0.13518057658293525,0.057546170447017375,-0.6599762579106405,1.5066173576641415,0.19449187471202975,0.9836065573770492,0.6721311475409836,61.0
6,-1,4410.0,False,True,,,,,,,,,,,71.75410028948242,114.90496444568076,21.80077185639435,-0.6790650807015437,0.1918890073891782,-0.2538468286984989,,,2.245121950405406,0.18085403204070555,0.9591836734693877,0.46938775510204084,49.0
6,-1,4470.0,False,True,,,,,,,,,,,69.12399505633736,153.1686743232091,91.81553541489113,-0.6968991308986847,0.20563960389653585,-0.19318767972856116,,,2.381502934564201,0.6354324824835933,0.9777777777777777,0.37777777777777777,45.0
6,-1,4500.0,True,True,65.10681586978637,158.51326404697662,183.4839671085663,,,,1.7802184505375338,0.6325495324062931,55.0,0.32727272727272727,67.70606227394511,140.38385957446158,79.00207680148367,-0.6648495300457614,0.226936527593973,-0.1884639471973123,,,1.7802184505375338,0.4867244217684141,1.0,0.4,60.0
6,-1,4530.0,True,True,64.61793103448275,127.87892453074254,151.71788013712123,,,,1.5687306731144957,0.2746896365538902,62.0,0.22580645161290322,65.28780202979908,56.469274729151415,46.06357118892219,-0.6606820392520745,0.2679616426660873,-0.1960704949124748,,,1.5687306731144957,0.2746896365538902,1.0,0.3793103448275862,58.0
6,-1,4560.0,True,True,66.18878248974008,123.58995738555888,134.52900842865193,,,,1.6343300927318845,0.2796867724855685,64.0,0.4375,66.67593601300635,72.60715449367345,53.041709643430615,-0.6687182385540367,0.2750860402290346,-0.19884269143442088,,,1.6343300927318845,0.25981137636811574,1.0,0.3870967741935484,62.0
6,-1,4590.0,True,True,66.98282910874897,139.33921348556387,130.9393786171353,0.22015363294732423,0.9273709225019147,1.156359103493836,1.566369142484613,0.30243791296486794,65.0,0.6,67.9763916138836,92.7506314896285,50.48474133029325,-0.7022101379691391,0.32309565461086515,-0.19514464604160042,,,1.566369142484613,0.30243791296486794,1.0,0.47619047619047616,63.0
6,-1,4620.0,True,True,65.36611726560389,151.0205603930085,146.95670378195862,0.19957238690155857,0.9430558903164897,1.159750701745227,1.5869031126977227,0.32485348482984683,64.0,0.546875,66.53545924590976,90.60592349296846,47.11352690637892,-0.7012954287917276,0.3073876793016152,-0.20195117612176453,,,1.5869031126977227,0.29907489777101065,1.0,0.36065573770491804,61.0
6,-1,4650.0,True,True,65.37067545304778,147.82445894935663,158.19106821341083,0.1984678650359314,0.9420856227621235,1.138094170397786,1.5633377706368978,0.33024375552558044,63.0,0.5714285714285714,66.64843148866747,90.35480411600277,61.15738090606721,-0.6984967802722543,0.30192518742421537,-0.21481512180525916,,,1.5633377706368978,0.28197079193562014,1.0,0.2698412698412698,63.0
6,-1,4680.0,True,True,67.21867185329258,128.49487032418367,150.537309610679,0.19855821831022838,0.9425732002404043,1.0922977313474924,1.608434359893391,0.2868957653766774,64.0,0.5625,67.08176621633311,61.99465398908777,47.90912807867083,-0.7067739836591297,0.3161408866268407,-0.2122781396130034,,,1.608434359893391,0.2868957653766774,1.0,0.3181818181818182,66.0
6,-1,4710.0,True,True,66.46566164154103,128.95322060413102,135.79043390750863,0.24601232800381762,0.9055733876811882,1.1270992615333366,1.6471543512305635,0.30916306234295776,64.0,0.546875,66.96769708100129,123.00381093218576,67.26939579775718,-0.7084341624587422,0.31445161658277965,-0.1911146892558262,,,1.6471543512305635,0.289890475501701,1.0,0.4603174603174603,63.0
6,-1,4740.0,True,True,67.04394942805538,181.12785848448948,149.0195690220939,0.28567569108968416,0.8485065368097698,1.2000573865943758,1.7193484486668529,0.346701292409794,61.0,0.639344262295082,69.47206432822769,160.07990431766083,75.05441115287135,-0.7367248837987016,0.3307824760391243,-0.21866959032146066,,,1.7193484486668529,0.35747074451959077,1.0,0.3384615384615385,65.0
6,-1,4770.0,True,True,69.17592947489459,209.42549734843465,154.55998915053055,,,,2.074053548302789,0.26934769926544727,55.0,0.4727272727272727,73.96990744836098,141.9611401902478,77.74982182020644,-0.7244745233904923,0.2895546139945647,-0.22140557631804728,,,2.074053548302789,0.24031008448565594,1.0,0.4153846153846154,65.0
6,-1,4800.0,True,True,66.0239484187903,161.1938543493265,114.25292869517845,,,,1.8325034624914671,0.2160118774967961,60.0,0.16666666666666666,66.44586180989636,118.86731443246589,76.7073462999699,-0.7116847010080468,0.27906999427558093,-0.2256573175447119,-0.04139376366449213,-0.7487218652511954,1.8325034624914671,0.2160118774967961,1.0,0.639344262295082,61.0
6,-1,4830.0,True,True,69.01591043017089,171.4253774956376,113.84110934580413,,,,1.226775455511747,0.27924390931365906,64.0,0.296875,72.0346922077127,148.5957656592033,80.00540629150636,-0.7308878446797875,0.28600632670141035,-0.20745924399339732,-0.025687462212901774,-0.7665769062582746,1.226775455511747,0.23574780582428873,0.9836065573770492,0.5573770491803278,61.0
6,-1,4860.0,True,True,71.92507804370449,169.74225295745407,128.621280431202,,,,1.7588038619416133,0.40847205227255406,59.0,0.4745762711864407,71.85174216258697,136.1967085964691,75.13682931570655,-0.7053386759786426,0.3088469355699281,-0.20025448803926543,0.03758004272544452,-0.8267624281681056,1.7588038619416133,0.40847205227255406,1.0,0.5,64.0
6,-1,4890.0,False,True,,,,,,,,,,,69.77211500333921,174.91678694901734,74.56878803414517,-0.7058068326046778,0.3154386489712978,-0.18539822864566763,0.021532799652865,-0.857661003659387,2.6103054149502443,0.6594792513591435,1.0,0.5,44.0
6,-1,4950.0,True,True,67.72764561115669,182.93471455763228,168.58628712590047,,,,2.2097761514827168,0.2912266039140456,52.0,0.28846153846153844,68.72120566260782,86.77214869562995,53.85443252911276,-0.6249187468396821,0.1332467115896504,-0.21587165019605684,,,2.2097761514827168,0.3188378455597909,0.94,0.42,50.0
6,-1,4980.0,True,True,66.79356744338693,174.44060451442007,169.43454564330423,,,,1.7742576501087584,0.19754301666060692,59.0,0.2033898305084746,67.99450487637333,84.9866677641733,61.84144254927279,-0.5895431692784654,0.11903388101165144,-0.15053064555302156,0.02824579938759263,-0.6596274470154563,1.7742576501087584,0.19754301666060692,0.9833333333333333,0.5166666666666667,60.0
6,-1,5010.0,True,True,66.14110632659822,156.23202903818657,143.27277047599947,,,,1.6322784933244103,0.20563000813040855,58.0,0.13793103448275862,66.91946472443216,63.21481336909894,36.499210455245766,-0.556146987797572,0.14131086953599353,-0.13045547039661248,0.001374663502453481,-0.5902949688518692,1.6322784933244103,0.18694868716027144,1.0,0.6842105263157895,57.0
6,-1,5040.0,True,True,66.44808743169399,134.01298444115474,131.29107120289697,,,,1.4857729861560678,0.17561611546172234,60.0,0.15,66.74727490429913,62.91474045491713,40.91190478159137,-0.5403043616312644,0.1269755454458842,-0.12000472732113338,-0.003734125920420047,-0.5443714847463346,1.4857729861560678,0.15998195255427536,1.0,0.75,60.0
6,-1,5070.0,True,True,65.69832402234637,143.59781716368522,142.98099512559446,,,,2.0106875962776516,0.13128393020717846,55.0,0.12727272727272726,66.60130088496483,84.08094152684878,55.95001485923508,-0.5336755985541602,0.11546998743721072,-0.13205192820266265,-0.0077342149358695135,-0.5560394116422628,2.0106875962776516,0.11614705831449967,1.0,0.6949152542372882,59.0
6,-1,5100.0,True,True,64.86486486486486,149.6402901466887,152.98180893909927,,,,1.995728441091571,0.16745461336344272,60.0,0.21666666666666667,66.42737785176604,81.14698388995546,52.294505377037474,-0.5959939796368464,0.13154685523413856,-0.13117118111108123,-0.0028291752289589687,-0.6755674530836866,1.995728441091571,0.15076793165811966,1.0,0.6333333333333333,60.0
6,-1,5130.0,True,True,68.24096385542168,164.76860847847442,147.2770796642996,,,,1.77951311386838,0.29094976678928536,63.0,0.3333333333333333,68.97221378476894,91.45524865661844,59.42533006070193,-0.6163565978884596,0.141754999073193,-0.11260629212146922,0.014913861076178429,-0.7378277307394238,1.77951311386838,0.29094976678928536,0.9848484848484849,0.5909090909090909,66.0
6,-1,5160.0,True,True,70.45871559633028,179.3082326824184,143.14233479044296,,,,2.189362633998796,0.5765000242186828,49.0,0.30612244897959184,71.2020140895713,126.91923579329529,50.089450696612495,-0.6247676877794559,0.16891010070980358,-0.13112583697884872,0.06232373466806191,-0.7683048488680819,2.189362633998796,0.4843825899518917,0.9838709677419355,0.5806451612903226,62.0
6,-1,5190.0,True,True,66.75036214389183,161.10692846154535,110.36260468967235,,,,1.94510472846327,0.39855164973707513,45.0,0.2222222222222222,67.86877468500286,151.5553632993783,36.45477899127225,-0.6297698006369785,0.16034295562997003,-0.13038979881436716,0.06275021720572574,-0.7508691484086183,1.94510472846327,0.39855164973707513,0.9636363636363636,0.6181818181818182,55.0
6,-1,5220.0,True,True,63.098591549295776,126.91799425143921,77.66408152307943,,,,1.8936414964690955,0.3261215025560912,49.0,0.12244897959183673,63.65838436127712,103.20448107323384,33.289575182391864,-0.5775620446447383,0.11110265104545383,-0.09801807019228903,0.03747391935584436,-0.7059103531107195,1.8936414964690955,0.3261215025560912,0.9807692307692307,0.6923076923076923,52.0
6,-1,5250.0,True,True,64.92172824045085,126.33454048960552,104.66366941614542,,,,1.4350601031201,0.2543164164980683,58.0,0.20689655172413793,66.52385664761029,107.60044519840649,36.58790446544091,-0.5925279575648059,0.13451535092659772,-0.1246324695982024,0.017444021791509966,-0.6718882105693917,1.4350601031201,0.23324795500431234,0.9830508474576272,0.6440677966101694,59.0
6,-1,5280.0,True,True,67.63209393346379,154.96233937841578,142.22053603897055,,,,1.9314457592724843,0.5269289390406933,51.0,0.19607843137254902,69.19811914725446,105.8704113324381,60.67704883777339,-0.6007860755886831,0.15059198653190073,-0.1303874946878166,0.025445629383642247,-0.690594408853914,1.9314457592724843,0.5632646852672579,0.9827586206896551,0.5862068965517241,58.0
6,-1,5310.0,False,True,,,,,,,,,,,81.3073504407479,167.58798533302058,81.88867207548971,-0.6598238981992437,0.18441390714665473,-0.24350058303186986,,,2.6247456396294857,0.23223432062085597,0.9782608695652174,0.34782608695652173,46.0
6,-1,5550.0,True,False,62.77271298333857,138.50599687246805,107.75376517729542,,,,0.8281795551713368,0.3723300294460181,57.0,0.22807017543859648,,,,,,,,,,,,,
6,-1,5580.0,True,True,62.66009852216749,124.52498983255342,112.0786172445591,,,,1.814826693167552,0.24920294652924568,56.0,0.17857142857142858,62.64687058955053,90.87310643391415,71.52933191427681,-0.6005917191232161,0.27188343293093425,-0.20781700049992452,0.05672688238749518,-0.7554834267357657,1.814826693167552,0.24920294652924568,0.9830508474576272,0.6440677966101694,59.0
6,-1,5610.0,True,True,66.74115456238361,169.16968895132356,162.53004529932306,,,,2.120433547560579,0.23390233636388255,41.0,0.2682926829268293,67.6196332966729,115.54328717055036,88.58213466099276,-0.5989800967773763,0.21039938144249568,-0.1985913843055514,0.04611265567623371,-0.7349287010096868,2.120433547560579,0.23390233636388255,0.9423076923076923,0.5384615384615384,52.0
6,-1,5640.0,True,True,64.63366336633663,174.46472041586546,162.1818114558635,,,,1.4297361617401325,0.22064155976920966,46.0,0.2826086956521739,70.20555272934557,153.46077661805657,78.54137973370624,-0.6652437049597759,0.2143460852483575,-0.2965449321904962,0.0934127889838181,-0.7282223287400327,1.4297361617401325,0.1814745911393721,0.9622641509433962,0.5283018867924528,53.0
6,-1,5670.0,True,True,66.79677556215528,174.2773146807913,124.42903453541969,,,,1.273427317883026,0.2773832294293722,53.0,0.2830188679245283,73.88868624826476,179.85526016015632,112.4861089741105,-0.6733225536204068,0.23614525561369462,-0.30486981643090044,,,1.273427317883026,0.2599310228132558,0.9818181818181818,0.41818181818181815,55.0
6,-1,5700.0,True,True,69.11325724319579,140.84396063086635,116.04788621582597,,,,1.2918626077091,0.34787911187379617,52.0,0.17307692307692307,69.4149961111482,118.43468438184024,54.67999127510012,-0.6065739157102601,0.3051811604412607,-0.2797680533074538,0.01847573737353643,-0.630732274634206,1.2918626077091,0.3140041275841659,0.9777777777777777,0.6444444444444445,45.0
6,-1,5730.0,True,True,65.08474576271186,157.27559749393154,106.44083276123995,,,,1.2025393314993802,0.4388436379838533,51.0,0.1568627450980392,66.81546196444116,55.9323710270296,47.075331909514254,-0.6024830535497623,0.21681098731314918,-0.23456555135494983,0.04602486279732456,-0.685415702708655,1.2025393314993802,0.32843673601398304,1.0,0.7021276595744681,47.0
6,-1,5820.0,False,True,,,,,,,,,,,70.3646165294088,174.96181064935647,98.23467887468242,-0.7096998111515798,0.25765381047931285,-0.14366234368953798,0.0008299066992225286,-0.8432996729271005,1.9464653903502651,0.4073356607691407,1.0,0.5094339622641509,53.0
6,-1,5850.0,True,True,62.66413662239089,209.2240699949571,158.845628185827,,,,1.776140004840678,0.5209376663201744,49.0,0.3469387755102041,66.67550446462006,163.10887934109005,84.81778494493444,-0.704594805607971,0.24223938549078988,-0.17868484555414824,0.021205053663853727,-0.8051432320574425,1.776140004840678,0.38637059774692095,1.0,0.6037735849056604,53.0
6,-1,5880.0,True,True,65.75342465753424,214.11180464819282,178.8021667758811,,,,2.0949756282916243,0.4863717076264072,44.0,0.25,67.94123394322501,194.69409435515882,74.3924739778674,-0.696944111957881,0.25933789013745595,-0.19888042719991889,,,2.0949756282916243,0.4382352418502062,0.9795918367346939,0.46938775510204084,49.0
6,-1,5940.0,True,True,62.33766233766233,165.99969814575797,115.01899894012075,,,,2.5876046164066175,0.3888474929748801,42.0,0.23809523809523808,70.27840521805086,232.6038856560637,117.03437317185572,-0.6468924147545184,0.1557605171670326,-0.2141619640902357,,,2.5876046164066175,0.28305430836805784,0.9622641509433962,0.4528301886792453,53.0
6,-1,5970.0,True,True,62.10558437595361,156.75207343108917,141.16958045708208,,,,1.772364895774071,0.22910959799141964,57.0,0.19298245614035087,64.17050852515402,108.93718913245961,50.81888552176991,-0.6059532343021578,0.1554437052043775,-0.18546638062680174,,,1.772364895774071,0.22047205115383686,1.0,0.43636363636363634,55.0
6,-1,6000.0,True,True,61.83770129460057,167.33360735955222,151.64659751604862,,,,1.7310804467892358,0.2518797198822199,57.0,0.21052631578947367,63.52982235843811,63.9952775271805,55.185962440405,-0.5897994424449933,0.15913339394289805,-0.1821705521245668,-0.03209637418333936,-0.6423835584335233,1.7310804467892358,0.23364519514857834,1.0,0.5,56.0
6,-1,6030.0,True,True,63.438975050573156,150.65172953477742,148.5973189342407,,,,1.7298421060105142,0.19535608412224387,56.0,0.14285714285714285,65.17238194735768,70.37119965864993,64.58046204938441,-0.5961799645611513,0.14848108214269018,-0.1410534521164129,-0.033154178097010434,-0.6093949505394294,1.7298421060105142,0.20416112719628704,1.0,0.6964285714285714,56.0
6,-1,6060.0,True,True,66.43598615916956,165.7147591255693,140.47525552136614,,,,1.8260124124839865,0.19027413120896394,54.0,0.18518518518518517,67.41604920542467,89.91597304449428,60.42662066643018,-0.5877336327550042,0.163420258841245,-0.1410534521164129,0.019669067178463145,-0.7171036363771037,1.8260124124839865,0.170963364954323,0.9636363636363636,0.5818181818181818,55.0
6,-1,6090.0,True,True,66.3594470046083,160.88991463321065,124.19842422327851,,,,1.7601796271097145,0.20637360119769885,52.0,0.21153846153846154,68.16512632961819,125.1519606373091,56.17202598031112,-0.5758607798056711,0.17796815307600564,-0.143008954289847,0.04156466961713138,-0.7545426550177293,1.7601796271097145,0.19672098738864546,0.9636363636363636,0.5636363636363636,55.0
6,-1,6120.0,True,True,65.74909450115246,118.2401503027547,107.93051253336235,,,,2.1315073036482604,0.31239864516698396,57.0,0.10526315789473684,66.10487605452343,94.55536681453529,28.263527771693777,-0.5889018400811867,0.15814697701989877,-0.15787880971230533,0.021836770612178178,-0.7545426550177293,2.1315073036482604,0.31239864516698396,1.0,0.5689655172413793,58.0
6,-1,6150.0,True,True,69.59323399113974,175.52582101087125,125.69994460706319,,,,2.3040825727407634,0.24407596768385303,54.0,0.14814814814814814,68.1098330432584,83.32007604352842,33.6050874626323,-0.5931091815135123,0.16668131467771646,-0.163202462334106,,,2.3040825727407634,0.2784731504977192,0.9807692307692307,0.4807692307692308,52.0
6,-1,6240.0,False,True,,,,,,,,,,,79.0967540259675,150.15178069721372,115.78398375632412,-0.6974576310776048,0.19307199071321982,-0.20595228623066283,,,2.8804598925871794,0.2170706582361585,0.9215686274509803,0.45098039215686275,51.0
6,-1,6330.0,True,True,62.63964409293129,146.4966061812784,161.48094858158248,,,,2.7147541889466713,0.27983967080986943,42.0,0.11904761904761904,65.02589593232706,98.7503183504656,55.27700653573667,-0.6555960748662054,0.16243089961303991,-0.14147523991669522,0.026703735345121906,-0.7474695927179528,2.7147541889466713,0.2695409254376021,0.9807692307692307,0.7115384615384616,52.0
6,-1,6360.0,True,True,62.49810749432249,130.69710312696577,136.106923765728,,,,2.5783780728362617,0.6729369413398419,49.0,0.12244897959183673,63.677005645390224,74.32120404705739,42.33670791279629,-0.6420156705942716,0.17216028641544862,-0.1790832792019884,0.005382593310842508,-0.6847568292149679,2.5783780728362617,0.600762454203789,1.0,0.64,50.0
6,-1,6390.0,True,True,67.57081545064378,147.56745176400503,123.43379147910126,,,,2.674769282733883,0.6959275887137916,49.0,0.14285714285714285,67.52957754991304,98.28376435560715,39.98388199636734,-0.6110446132423423,0.1812829547740455,-0.18443236288649104,-0.038058351697397096,-0.6398368387735379,2.674769282733883,0.6959275887137916,1.0,0.58,50.0
6,-1,6420.0,True,True,70.81967213114754,120.82366230087081,118.16310169080056,,,,2.5728791067571093,0.3956922361752297,41.0,0.14634146341463414,71.42564676063128,133.78134269547192,47.17376027784659,-0.6333085019121286,0.22641029909505297,-0.2020815599247927,-0.04037624342522572,-0.6085137205856707,2.5728791067571093,0.3956922361752297,0.94,0.52,50.0
6,-1,6480.0,True,True,66.97674418604652,148.4237932268049,136.83031162607026,,,,2.4248385738178944,0.20902989350409,35.0,0.11428571428571428,73.13196394600901,210.2256182772364,112.3817607017023,-0.6708290236131054,0.20519344152314664,-0.28845830232413794,0.012201730585283625,-0.6201861407990772,2.4248385738178944,0.23104147594432625,0.9782608695652174,0.5652173913043478,46.0
6,-1,6510.0,True,True,64.76044461479493,111.43612075972591,108.4141468266151,,,,1.6779865169256996,0.40707276560016864,53.0,0.1320754716981132,67.71859677363611,148.33046558760927,58.314183273964304,-0.5790694319069946,0.20512397946939354,-0.21962705122859805,-0.015068047640259317,-0.6219433752009522,1.6779865169256996,0.3226932589748375,1.0,0.6140350877192983,57.0
6,-1,6540.0,True,True,66.16686819830713,116.5520312092845,110.8006575534898,,,,1.135571016850302,0.20067965198693039,62.0,0.06451612903225806,68.2061051541091,129.23934533512679,67.55487028785014,-0.5954469203949304,0.2187949214946742,-0.23319752567530813,-0.031870397225593323,-0.6198213512966517,1.135571016850302,0.1894387526904605,0.9818181818181818,0.6545454545454545,55.0
6,-1,6570.0,True,True,66.42409782284521,110.34799422412561,85.8555115889033,,,,1.1630068785785033,0.22212619575184173,62.0,0.03225806451612903,67.25674695891907,110.78168248662458,64.76362061796121,-0.643784017476086,0.28432172622181484,-0.23948517083933563,-0.026937757859764145,-0.651992604589241,1.1630068785785033,0.20056275065540624,0.9824561403508771,0.6140350877192983,57.0
6,-1,6600.0,True,True,67.31128074639525,126.92004555966119,98.90937071921662,,,,1.0845937374150516,0.2523447932364944,64.0,0.109375,68.05304064516207,87.95455200983412,47.17888982536907,-0.6400143810048451,0.2746429123075332,-0.21312528682851978,-0.012625716333885961,-0.7023520368972078,1.0845937374150516,0.26512635890882214,1.0,0.6481481481481481,54.0
6,-1,6630.0,True,True,67.86773090079818,136.31981131576407,105.4728445221981,,,,1.070498036964775,0.2531066022173986,64.0,0.125,67.30265073124417,109.46877451852836,46.56882579390444,-0.6298208838367527,0.22188462462796835,-0.18795519832298668,-0.020153593787505347,-0.6957042730184766,1.070498036964775,0.2531066022173986,1.0,0.7368421052631579,57.0
6,-1,6660.0,True,True,65.466741196199,115.73352332156617,85.73711140881335,,,,1.1597161900201562,0.1826782464847404,63.0,0.047619047619047616,66.54202537760429,118.69367574517707,65.28955943626048,-0.6507676578192179,0.27298777384512946,-0.24079713865182364,-0.032245959589826304,-0.6435347954208595,1.1597161900201562,0.1826782464847404,1.0,0.7627118644067796,59.0
6,-1,6690.0,True,True,65.36675951717734,151.64564890028072,93.75,,,,1.105416857677296,0.19710040549767507,58.0,0.1206896551724138,68.02771920759812,121.3223291644464,73.52226592159938,-0.7094372775359654,0.33015192204559296,-0.25932010662760463,-0.06287036943814184,-0.8330423914106415,1.105416857677296,0.18307047214129718,1.0,0.6071428571428571,56.0
6,-1,6720.0,True,True,67.52789989854583,202.99601971544874,149.16995041610375,,,,1.2556373239202927,0.3357320187515992,59.0,0.2711864406779661,72.74094075602189,156.85461550435997,81.41727371536126,-0.7302269147565322,0.2695653925195616,-0.2850686841713741,,,1.2556373239202927,0.3508322666002466,0.9827586206896551,0.43103448275862066,58.0
6,-1,6750.0,True,True,69.3453724604966,171.51723764828068,157.91142554915243,,,,1.963806305389213,0.34169645834632595,50.0,0.22,74.5281137792613,148.0778410800245,102.225570471259,-0.6816311598503315,0.23651490398405578,-0.2340894503981911,0.03130116041925808,-0.760702293767456,1.963806305389213,0.2684068130985224,0.9655172413793104,0.5,58.0
6,-1,6780.0,True,True,66.61526599845797,141.61408616466275,127.92420600346772,,,,2.0046896069076765,0.2714795960739317,52.0,0.057692307692307696,68.12346890190084,87.91132467198885,81.64431038091581,-0.6288066764386283,0.266388905616276,-0.268323605727688,0.04229716928919039,-0.6726364725200391,2.0046896069076765,0.3047512519676082,0.9322033898305084,0.5932203389830508,59.0
6,-1,6810.0,True,True,67.30282375851996,122.52174291219553,81.66687200422547,,,,1.8817848358882372,0.21374620648221845,60.0,0.06666666666666667,68.22203067242982,86.32529392512612,48.75145679406218,-0.6284012613234946,0.3173649492787641,-0.2682500015557736,,,1.8817848358882372,0.23710100268432457,0.9516129032258065,0.4838709677419355,62.0
6,-1,6840.0,True,True,67.18232044198895,120.26427727073823,103.76463659972731,,,,1.8711236999783811,0.23394677749546264,62.0,0.11290322580645161,67.98432666300964,85.22980169479105,52.89125848754027,-0.627767336834383,0.321997844854091,-0.2309203302317456,,,1.8711236999783811,0.23394677749546264,1.0,0.421875,64.0
6,-1,6870.0,True,True,66.85236768802228,156.51539960176444,139.40442514497164,,,,3.0119360054398796,0.29399028537684213,36.0,0.25,67.29536628439924,95.71523081326971,62.62063115363205,-0.6022313606567077,0.2871496342696551,-0.2191585145426736,,,3.0119360054398796,0.29399028537684213,1.0,0.45098039215686275,51.0
6,-1,6900.0,True,True,65.59556786703601,213.2109543609263,162.27233364889142,,,,3.0759647496043003,0.35526198040834395,46.0,0.391304347826087,69.7453739436443,159.8365713147594,52.89279320851458,-0.6448966588703101,0.23852753809266056,-0.19289582436987196,,,3.0759647496043003,0.32146425822662855,1.0,0.4117647058823529,51.0
6,-1,6930.0,True,True,64.52718286655684,198.41590800391893,182.53222922509426,,,,2.101524874914961,0.3344440548985883,57.0,0.3333333333333333,70.03840102370428,177.991440850565,66.75677850499135,-0.6917444116102985,0.20022175814775747,-0.17854532572223544,,,2.101524874914961,0.26908184389167594,0.9830508474576272,0.4067796610169492,59.0
6,-1,6960.0,True,True,63.02207130730051,198.38788725634674,217.7058412935522,,,,2.7145721710228186,0.27058843542487565,41.0,0.1951219512195122,65.2250995629479,128.5672722103126,79.65477869242498,-0.6785103360517382,0.15104649518642072,-0.2036673390308872,,,2.7145721710228186,0.3134610585564332,0.9130434782608695,0.4782608695652174,46.0
7,-1,0.0,True,True,76.72063382707545,108.70417772156364,52.55606541832162,0.2679542152760377,0.8065665227357534,1.172832150130742,2.070536640393315,0.40837002259999683,63.0,0.5714285714285714,76.79467129793473,84.46901127303381,56.7198737703897,-0.7607747744063018,0.3120928871449898,-0.15667090638573658,,,2.070536640393315,0.40837002259999683,0.9848484848484849,0.3787878787878788,66.0
7,-1,30.0,True,True,78.47780126849895,115.94813637093995,46.76636717726034,0.31304223406538584,0.7639615004208113,1.2272985966387275,2.798736457026998,0.6215604535746928,34.0,0.7352941176470589,77.00832773288036,96.18285938358497,45.894544821552685,-0.7685585315195141,0.3149600799170854,-0.22231608414584483,,,2.798736457026998,0.7114803942846462,0.9807692307692307,0.2692307692307692,52.0
7,-1,60.0,False,True,,,,,,,,,,,72.06893802569385,121.02180544787485,56.30081178572641,-0.712901181946635,0.2811893270834317,-0.34721483156650546,,,2.7415097565477398,0.5947362325583229,1.0,0.23255813953488372,43.0
7,-1,90.0,True,True,68.02285714285713,183.45634085159313,137.25712451150457,,,,2.455384300880035,0.9470790726406325,43.0,0.4883720930232558,70.14154471519187,119.95675884912113,79.80884616114159,-0.6948415590804284,0.26750888091917213,-0.24659702109696924,,,2.455384300880035,0.8289681041811064,1.0,0.2916666666666667,48.0
7,-1,120.0,True,True,66.66666666666667,212.7967385160706,138.87803777055606,0.2532452231938724,0.845393050238487,1.2553500341497068,2.1934529137348737,0.5480165149265561,50.0,0.52,71.42693889096863,168.74693916506874,101.61410559166445,-0.6911338240121385,0.25200015858500374,-0.22968786430997573,,,2.1934529137348737,0.45985860658358685,0.9642857142857143,0.39285714285714285,56.0
7,-1,150.0,True,True,68.92307692307692,103.00458563315681,80.26196676919331,0.2415554629634459,0.8312757576662523,1.1896042869244094,2.1883647248844955,0.5961374342929636,55.0,0.6545454545454545,71.98462241776214,150.29329682965366,74.64891251350801,-0.7652697314977385,0.27789132158516305,-0.2339025794111391,,,2.1883647248844955,0.443080437103593,0.9666666666666667,0.38333333333333336,60.0
7,-1,180.0,True,True,73.88733965421082,86.74714751373078,55.83446946796603,0.2438579494492735,0.8175246479697407,1.1869825490296206,1.4205919233111242,0.3288692395346331,71.0,0.676056338028169,73.59154490780432,85.32507389779835,50.423102285226385,-0.7866245804618213,0.36343531968275955,-0.21974513034880283,,,1.4205919233111242,0.3622193222380343,1.0,0.3194444444444444,72.0
7,-1,210.0,True,True,75.67058823529412,85.03282790198497,66.38176079303416,0.24989598506050384,0.8091424491696554,1.1484312941995876,1.5832244830246056,0.29596979542565693,70.0,0.7285714285714285,75.79282936358693,67.82552383921191,43.73765125260882,-0.7735573052761419,0.35125041356152575,-0.21498030550079228,,,1.5832244830246056,0.29596979542565693,1.0,0.3055555555555556,72.0
7,-1,240.0,True,True,72.09705372616983,80.63719300691,55.38509565365502,0.2180634677163742,0.8418033551247511,1.1283563027093038,1.5771528656973886,0.3069497596268468,67.0,0.7611940298507462,73.0880147833333,88.2181426290067,56.71561696504476,-0.7517854223635877,0.3246030556455117,-0.2136578763906803,,,1.5771528656973886,0.319967394465887,1.0,0.3333333333333333,69.0
7,-1,270.0,True,True,70.82860385925085,96.45718191617011,68.68352724869757,0.20384079286364362,0.8564253971996508,1.166528656866591,1.471577779897111,0.30674329914858195,67.0,0.746268656716418,71.73252592226784,97.31027494205195,68.05388723125247,-0.7357504316011032,0.29192447156947915,-0.2087498500413511,,,1.471577779897111,0.30674329914858195,1.0,0.30303030303030304,66.0
7,-1,300.0,True,True,73.08761329305136,103.25723883424244,64.93533900826763,0.24514023694803272,0.8187687779573636,1.2121225536151652,1.451079282179834,0.38885556969061913,67.0,0.5970149253731343,74.43738175243865,105.31394895445952,52.54487119861103,-0.7448029471865767,0.2800568822135704,-0.1771495969676513,,,1.451079282179834,0.3522748785722063,0.9850746268656716,0.40298507462686567,67.0
7,-1,330.0,True,True,72.92581602373888,98.98647586985773,56.99688950553751,,,,1.169812093419893,0.38227409141213264,68.0,0.4117647058823529,74.7014645427127,92.64137249313451,55.69644420794941,-0.733303667050687,0.2559093706210614,-0.13550922766727455,0.15281010245171095,-0.9861670461592255,1.169812093419893,0.3456356075955918,1.0,0.5223880597014925,67.0
7,-1,360.0,True,True,68.19450317124735,87.47332558612929,58.890142453598536,0.34357958967701274,0.7351970266122985,1.3323717348046717,1.8633169260225526,1.184509001934247,45.0,0.5111111111111111,68.03925792413028,95.78910620399489,55.400341676865935,-0.7690400097520171,0.28011728454009277,-0.18320563982420315,,,1.8633169260225526,1.184509001934247,1.0,0.42592592592592593,54.0
7,-1,390.0,True,True,69.585121602289,97.46681038897512,77.92312627757545,0.2663578543400899,0.8412430440453587,1.1983383901297058,2.1151261879874927,0.5988790920969326,45.0,0.5777777777777777,69.77746334049677,80.60236833687047,38.929171817183345,-0.7733063089374099,0.2916661916338412,-0.2397611043337728,,,2.1151261879874927,0.5988790920969326,1.0,0.24528301886792453,53.0
7,-1,420.0,True,True,68.49122807017544,91.45937970074968,80.3946628154539,0.25399987041395294,0.8235818317393662,1.2103946191051391,1.7907067445379157,0.32617262972329547,64.0,0.578125,68.19877706751974,71.21312753732145,57.45508743599239,-0.7712711169283546,0.27465063697411607,-0.20644391653611485,,,1.7907067445379157,0.32617262972329547,1.0,0.328125,64.0
7,-1,450.0,True,True,70.84040995607613,99.85809023230833,68.46531968814575,0.296582246239119,0.7794088156423902,1.2754858245323384,1.401692745582502,0.28310220649201256,66.0,0.5,72.03241262278537,105.80747207974812,58.900284893397796,-0.7696148083857923,0.2854276264756117,-0.17626386355918813,,,1.401692745582502,0.28310220649201256,1.0,0.36363636363636365,66.0
7,-1,480.0,True,True,73.93888656341566,162.09224261587588,86.3524882799729,0.32994262919391387,0.7581486472751487,1.2332934488030889,2.184122206742697,0.6504542033402801,55.0,0.6,74.67719696834206,123.64120581994649,54.57411051755079,-0.7145805614217883,0.27189531147818335,-0.17978663868002678,,,2.184122206742697,0.6504542033402801,0.9833333333333333,0.4666666666666667,60.0
7,-1,510.0,True,True,67.43602609131962,193.4912459612979,95.37762831867677,0.27327914171553086,0.8040016471379566,1.100992054069546,2.1568097400688218,0.6375383352422779,46.0,0.6521739130434783,67.49450938232393,155.92613436734734,54.33148175983254,-0.7332886058107899,0.24913482236981496,-0.20063070266389071,0.007645734693802027,-0.8725616543640176,2.1568097400688218,0.6375383352422779,1.0,0.5,50.0
7,-1,540.0,True,True,65.38310412573674,99.59877500863256,78.73403910027402,0.2644305068974869,0.8222502083980752,1.2082268066714381,1.445555955842141,0.2970921766575663,56.0,0.75,65.88518354665163,58.5916877938873,38.93884714935939,-0.7791316571861691,0.3100855086992903,-0.23495988198046489,,,1.445555955842141,0.2749942717108594,1.0,0.4,55.0
7,-1,570.0,True,True,67.61670761670761,82.64865723850447,56.33673867912483,0.2502103819203579,0.8265055211296354,1.159626972223202,2.2350726158204988,0.5238961379288782,51.0,0.803921568627451,68.09649968837758,94.52211359884085,62.13487850722805,-0.7825453907205401,0.3265151193125284,-0.2509754251378586,,,2.2350726158204988,0.5423255193939109,1.0,0.42857142857142855,56.0
7,-1,600.0,True,True,65.62293274531422,171.15716422513958,109.65366287201718,0.2674577220371314,0.8147300083717502,1.154977837055362,2.4749479269729484,0.6618243877525112,44.0,0.7272727272727273,70.15723774290959,192.91940357820292,88.9890698353936,-0.7890207575976889,0.33470009339135265,-0.24150369127523533,,,2.4749479269729484,0.5111226631350193,1.0,0.3148148148148148,54.0
7,-1,630.0,True,True,62.500992457324344,176.15580859693225,154.36926138842261,0.3069183357723934,0.7888713582962378,1.26072219713166,2.062329472433159,0.5289565635214775,48.0,0.7916666666666666,69.71341733478849,211.22099244926457,68.95896924739512,-0.7801183842291166,0.33470009339135265,-0.26051532799929733,,,2.062329472433159,0.45900351483387786,1.0,0.22413793103448276,58.0
7,-1,660.0,True,True,66.10919822921791,188.583398356017,157.76178365480163,0.3551850745504574,0.7384792360437022,1.3306087218218376,1.9707975611272213,0.49665259724354105,46.0,0.6956521739130435,73.14810936158239,195.18513775334196,64.24929203233266,-0.8060242352889917,0.3404496446377296,-0.26051532799929733,,,1.9707975611272213,0.4613709129095777,0.9803921568627451,0.29411764705882354,51.0
7,-1,720.0,True,True,69.34901301973962,117.07699431691736,90.76344105499116,0.3462343565252526,0.7718990251940818,1.267804867821529,1.575013857596914,0.6372580940208797,53.0,0.7924528301886793,73.56440841408521,140.01138618608238,46.62202493941613,-0.841549626225664,0.3519578429362691,-0.2608350531530626,,,1.575013857596914,0.5668308464356998,1.0,0.3392857142857143,56.0
7,-1,750.0,True,True,71.08717603500506,92.41384393089693,94.14775316501404,0.3097847930410823,0.7933262176705005,1.1982805373319732,1.4021314962154028,0.27292203377591084,61.0,0.8524590163934426,72.27903708480322,67.56259024290094,55.3882849339177,-0.8482222232394206,0.37721709014408145,-0.2912327590055136,,,1.4021314962154028,0.28976857106518816,1.0,0.3230769230769231,65.0
7,-1,780.0,True,True,73.66336633663366,93.51421300941351,79.28821535228296,0.2869339700895426,0.8019656816452576,1.2388638767261362,1.3799527554984032,0.31961647969228796,66.0,0.7121212121212122,73.59567920994185,73.27657764511606,53.600844456689686,-0.8098426218410776,0.3504716120895604,-0.28588692763890267,,,1.3799527554984032,0.35290776785978145,0.9852941176470589,0.22058823529411764,68.0
7,-1,810.0,True,True,70.40397762585457,136.1328125818874,77.11851674533166,0.27708812275596567,0.8167254046038418,1.2511438992003179,1.6097169713899004,0.34701937196076643,64.0,0.703125,70.33735106538114,109.0632243431767,49.54992990357777,-0.8153654340240285,0.343677548003797,-0.25521636654133184,,,1.6097169713899004,0.34701937196076643,0.9846153846153847,0.3230769230769231,65.0
7,-1,840.0,True,True,66.6427289048474,143.05070379632642,101.28617236195025,0.22747979642066468,0.8675267539847142,1.2101511677142514,1.6397787415739566,0.40646076573703227,62.0,0.7580645161290323,68.74708979115964,122.3078269779355,68.85202749103077,-0.7936880765700434,0.31929104603887976,-0.2528212878621993,,,1.6397787415739566,0.4337254700393798,1.0,0.4411764705882353,68.0
7,-1,870.0,True,True,69.66263526416296,104.36008632553349,81.0695110692053,0.24209782525554427,0.8388930973044001,1.2545123779758731,1.2827150386784056,0.5870058386640593,63.0,0.5555555555555556,72.28835657145659,129.1147995922707,69.52462337384661,-0.7506109515692725,0.2498263619428489,-0.2337782484680076,,,1.2827150386784056,0.5625994921523987,1.0,0.4411764705882353,68.0
7,-1,900.0,True,True,69.35580975316074,78.20264503181302,60.723679909275404,0.3028103266547648,0.7509833012181881,1.3121065235379143,0.9738859733939139,0.3157173047572865,63.0,0.5079365079365079,72.48286421721102,133.42937523609024,50.14011862960062,-0.785355569558382,0.28726734482876737,-0.2081619660000056,,,0.9738859733939139,0.27440686618744226,1.0,0.373134328358209,67.0
7,-1,930.0,True,True,71.08185931715343,107.713068077751,61.96056268405735,,,,1.8009230244573382,0.9085664720041324,51.0,0.47058823529411764,72.45694863030214,103.91090839500718,47.25375640523843,-0.8125337914634443,0.3203717134645413,-0.2290895102605163,,,1.8009230244573382,0.9858216223227799,1.0,0.4107142857142857,56.0
7,-1,960.0,True,True,69.38564790913784,126.82167867826507,91.41729264330009,0.35244317240138834,0.7860381780379314,1.2254131620576854,1.8783475345391187,1.1605052063599235,46.0,0.6739130434782609,71.23522283356152,102.27798828161185,67.6846015418535,-0.8298872937841533,0.32297344347741685,-0.2608798371513128,,,1.8783475345391187,0.928803313519949,0.9777777777777777,0.28888888888888886,45.0
7,-1,990.0,True,True,69.93120194253338,148.44954430136465,107.81578711678965,0.35567506048515524,0.77362462905155,1.1675157932957108,1.4779896593290383,0.4864805095841648,55.0,0.7272727272727273,71.98507976285933,116.16101141548212,63.70926698331115,-0.8703528517793409,0.41511231331543086,-0.2948329124593797,,,1.4779896593290383,0.442573061595443,0.9821428571428571,0.32142857142857145,56.0
7,-1,1020.0,True,True,73.36645013374091,166.87742440721487,122.88537633466305,0.3495120316765146,0.7601374510295322,1.1645004873483824,1.1962382941367933,0.3998758262710943,60.0,0.6166666666666667,75.5219016658982,165.53021221164985,56.56328520925836,-0.8553079188167205,0.3632882799320008,-0.2705564653185402,,,1.1962382941367933,0.32613790603177417,0.96875,0.40625,64.0
7,-1,1050.0,True,True,75.66502463054188,132.12136347881065,111.5084696699741,0.3224526753913043,0.7817021618287201,1.1753696613737945,1.184754589150631,0.3250332082734746,65.0,0.5692307692307692,80.15654608371499,151.8572016874743,43.52746771221629,-0.8846648677212241,0.39873370755601406,-0.28388861731864734,,,1.184754589150631,0.28910231528565006,0.9857142857142858,0.2857142857142857,70.0
7,-1,1080.0,True,True,77.96283551273228,104.15471816821723,78.39050628783967,,,,1.4100712546797554,0.3841159505641761,67.0,0.44776119402985076,80.66083112104427,106.71959182194435,34.89314687201869,-0.8096297630261412,0.3200249053804758,-0.2627116583454351,,,1.4100712546797554,0.3128429284882559,1.0,0.3108108108108108,74.0
7,-1,1110.0,True,True,71.88767550702028,143.79063038854554,95.75676724679928,,,,1.4289318929049173,0.38217647329450194,65.0,0.49230769230769234,72.95540483408769,123.35553978488446,44.216604258730776,-0.7041389356705523,0.2517188033833241,-0.22106653048777647,,,1.4289318929049173,0.4130173017056265,1.0,0.4411764705882353,68.0
7,-1,1140.0,True,True,65.19167579408543,122.53295748875607,114.45855286373629,0.16068701578939507,0.8888538679627588,1.067490130689415,1.1805623852101208,0.25956776313183655,63.0,0.7619047619047619,69.45146814583696,123.81312454739,64.30733614742256,-0.7318505177769837,0.26638936090324883,-0.21861666919414752,,,1.1805623852101208,0.22109891738036588,0.9836065573770492,0.3770491803278688,61.0
7,-1,1170.0,True,True,67.22358722358722,78.90625969316797,79.41157603283584,0.18972115078010932,0.856568207499586,1.1273919506612498,1.4809698581927793,0.40541953033818384,60.0,0.65,67.9800954984349,71.16395470515742,59.26407292242149,-0.7224601943293402,0.26921069694154093,-0.21530861658476413,,,1.4809698581927793,0.40541953033818384,1.0,0.453125,64.0
7,-1,1200.0,True,True,67.80096308186197,123.41162543670386,104.4585621142642,0.2597590255275066,0.8350363315744536,1.2228725729430394,1.4943054132542033,0.4761052008909947,59.0,0.5932203389830508,68.63280222190275,126.8154566121005,59.98206774416915,-0.7621433690946494,0.3214637751111422,-0.24584221816602897,,,1.4943054132542033,0.4989696941030385,1.0,0.47619047619047616,63.0
7,-1,1230.0,True,True,65.58303886925795,153.74004918147727,127.8226968379367,0.25289520894314194,0.8602421224797121,1.1374016567580922,1.2094264502620538,0.48001764084055887,60.0,0.8166666666666667,66.86438768978581,135.05797463642594,59.06725174029757,-0.7877120480797161,0.36691844942629864,-0.2610072045245967,,,1.2094264502620538,0.4307098069385387,1.0,0.453125,64.0
7,-1,1260.0,True,True,68.99494665918024,190.52538112069078,155.38824863064772,0.279283012340384,0.8454500987565937,1.101974379659974,2.627244448801477,0.5685086065683927,42.0,0.5238095238095238,74.5632245969657,189.11924277763214,47.09910949641937,-0.7862000876383562,0.2792505425299562,-0.2842308278495311,,,2.627244448801477,0.47187393972362524,1.0,0.3684210526315789,57.0
7,-1,1350.0,True,False,75.35836177474403,191.8574089733426,135.5568184993535,,,,2.336410441318734,0.3368667648499641,32.0,0.3125,,,,,,,,,,,,,
7,-1,1380.0,True,True,62.693877551020414,196.77735928353792,124.09528364557987,0.17155712507307874,0.8927030319476355,1.264715447549337,2.0992069329928706,0.33345032918425743,46.0,0.5,71.41716219786235,193.34104564330866,96.3168212090726,-0.6756921838338649,0.1375005852515529,-0.14695617893397306,0.11456371590809067,-0.8740157375856521,2.0992069329928706,0.2569825692919272,1.0,0.5849056603773585,53.0
7,-1,1410.0,True,True,59.190751445086704,168.92454099650948,142.3198951902519,0.14952168716558328,0.9163481640555479,1.217630809073341,2.522669000819241,0.490279681624585,46.0,0.6086956521739131,61.006839445774304,133.580687113758,94.19302325843378,-0.6410816310632406,0.14652416117447836,-0.14603333447670525,0.09512224686741615,-0.8569795590924343,2.522669000819241,0.522836862184581,1.0,0.5849056603773585,53.0
7,-1,1440.0,True,True,56.047904191616766,149.3919193095572,119.14833289426034,,,,2.5572119713325705,0.5597432213863577,45.0,0.4666666666666667,56.50934472496204,78.60438463468972,94.23211134507389,-0.6256968238439506,0.14609386440959798,-0.1546557007723683,0.09736976732353424,-0.9022644829173593,2.5572119713325705,0.5597432213863577,1.0,0.5,50.0
7,-1,1470.0,True,True,58.262068965517244,158.04988700149056,127.11828199432016,,,,2.516785008090051,0.3909198508337318,49.0,0.4489795918367347,59.57367610504385,129.59216729245676,86.38175166094452,-0.632257636540777,0.14780719268057105,-0.16559106253884118,0.14856003352269587,-0.9550441715429939,2.516785008090051,0.3585874759334362,0.9811320754716981,0.5094339622641509,53.0
7,-1,1500.0,True,True,65.22292993630573,198.2489850448963,174.83250913374206,0.24711089544839399,0.8104609274037922,1.3696149540097473,2.4762776111015707,0.43296605819311657,31.0,0.5161290322580645,69.73883687426125,155.633946248219,95.67406598106325,-0.7196361336621255,0.16724536825591935,-0.1746961066486874,0.11694405364437899,-0.9509501706042441,2.4762776111015707,0.3587738343025056,1.0,0.5306122448979592,49.0
7,-1,1530.0,True,True,63.646408839779,192.10689402587693,128.94673905592919,0.30655039048422794,0.7866605963236204,1.669981146658592,1.6099136327319268,0.7839911370807895,55.0,0.6,66.26325598010975,198.90955382062944,57.957598766799435,-0.7950344846636268,0.19220374312861904,-0.16654205276756504,0.17923394641145748,-0.9674323093471414,1.6099136327319268,0.7018174200811056,1.0,0.6610169491525424,59.0
7,-1,1560.0,True,False,57.17956204379562,159.41704558804122,158.66193970549807,,,,0.7745832633548443,0.27758630577882737,53.0,0.49056603773584906,,,,,,,,,,,,,
7,-1,1590.0,True,False,59.435508345978754,176.72361099007838,160.46699140596596,,,,0.7566470148869058,0.25897463546370025,54.0,0.4074074074074074,,,,,,,,,,,,,
7,-1,1620.0,True,True,60.643623361144215,183.36725454276794,162.25083920099942,,,,0.7219630691191458,0.2707193644476777,56.0,0.4107142857142857,69.93714399602736,175.1679028998231,99.0348069759151,-0.7223837229576604,0.1874721855165396,-0.26362742481293466,0.13553487276877632,-0.7760097235452488,0.7219630691191458,0.22768016151977816,0.9818181818181818,0.6545454545454545,55.0
7,-1,1650.0,True,False,59.043891529214434,159.7400626839198,142.26022937505093,0.15615868185999127,0.902182362116997,1.0766087595339529,0.8608148291621739,0.24303451540389268,56.0,0.5714285714285714,,,,,,,,,,,,,
7,-1,1680.0,True,False,58.641941641668936,137.0599580373483,124.12890924805194,0.15211079609241385,0.9107759994373675,1.0410016254490977,0.8846820107304039,0.2362691117782817,57.0,0.5263157894736842,,,,,,,,,,,,,
7,-1,1710.0,True,False,58.315186246418335,141.43716547458624,147.11679132817463,,,,0.8770520353220272,0.2783143207156575,55.0,0.4909090909090909,,,,,,,,,,,,,
7,-1,1740.0,True,False,57.42881794650561,167.03091457055376,140.99987570676905,0.17989678287874963,0.8972535544318164,1.0657933667594999,0.883748901039944,0.3159740822962622,54.0,0.5185185185185185,,,,,,,,,,,,,
7,-1,1770.0,True,False,58.48857644991212,180.4984793595046,142.37308955097333,0.17205327361151238,0.89682619719529,0.9689485988004327,0.8799846472499852,0.3206848015675,55.0,0.5272727272727272,,,,,,,,,,,,,
7,-1,1800.0,True,False,59.24890829694323,153.0948448210933,118.5167665705293,0.19468745027065695,0.8861423980368694,1.1066466710505858,0.8824758994666526,0.29906987335840685,56.0,0.7142857142857143,,,,,,,,,,,,,
7,-1,1830.0,True,True,57.726999398677094,154.7517453167215,123.62055068068268,0.19823155296815345,0.8773558582566376,1.1915161468449604,0.9144953300682138,0.3381750026441104,52.0,0.7692307692307693,82.03917496640555,234.84147280797077,157.52714717032424,-0.7187578473868879,0.20090554999436283,-0.25815485711702246,0.17561827326408685,-0.7121573659883196,0.9144953300682138,0.4863266014647521,0.9473684210526315,0.5614035087719298,57.0
7,-1,1860.0,True,True,56.35901778154107,154.46371234720326,134.3897071132168,0.17417826025384034,0.8867690974678688,1.1724096313409733,1.0218854933532335,0.2940457021686776,53.0,0.6792452830188679,73.16950567355123,257.0999486197762,127.94758762177402,-0.6767845817714133,0.19841907509117102,-0.2121598420259915,,,1.0218854933532335,0.3453033759884543,0.9636363636363636,0.4909090909090909,55.0
7,-1,1890.0,True,False,59.412693400694664,201.55881268709757,136.71546739756732,0.23155266264613578,0.8390257240402719,1.2648044566404602,0.9628822770979721,0.312890840834921,53.0,0.6226415094339622,,,,,,,,,,,,,
7,-1,1920.0,False,True,,,,,,,,,,,70.88909612017557,195.17000732874385,68.37004969612407,-0.8342273033104374,0.21256654516880227,-0.27038424618747603,0.18192006951996306,-1.0968163649471017,2.349008451308815,1.0509340669662857,1.0,0.5609756097560976,41.0
7,-1,2100.0,True,True,60.35363457760314,117.76367437713758,75.71899983150774,0.15851055215135593,0.9129666622066079,1.385507864918312,2.5273869408817538,0.9842673899453113,44.0,0.6590909090909091,61.664377989795376,131.0030484797797,57.380541255578315,-0.6786140036980581,0.1474672029183009,-0.0718516301530167,0.12448784500080284,-1.0269495701922526,2.5273869408817538,1.0326576339820388,0.9791666666666666,0.625,48.0
7,-1,2130.0,True,True,60.42486231313926,100.07696857630668,66.884362318812,0.1910867840995664,0.8802093322977125,1.4114920161726054,2.722741329165341,0.3132332003577198,46.0,0.8260869565217391,62.818382860155815,129.40314085811409,64.38981502549254,-0.6998115003454347,0.16281061118188772,-0.019995454232651463,0.17206225502510347,-1.1835197445063728,2.722741329165341,0.2507826939728618,1.0,0.5660377358490566,53.0
7,-1,2160.0,True,True,59.87525987525987,139.55732945289182,90.99204157746314,0.21817162119922495,0.8460342336202656,1.4035028924282034,2.4129508186524697,0.5501963307473395,38.0,0.6842105263157895,60.00100258208449,135.37635414681503,76.63879839573372,-0.7717111334498183,0.20447772634544686,-0.1484130342461309,,,2.4129508186524697,0.5501963307473395,0.9795918367346939,0.4489795918367347,49.0
7,-1,2190.0,True,True,55.11348464619492,101.07316470839051,97.39026276404638,0.15604657490573448,0.9167452613572666,1.2645037167613056,1.5854877740127737,1.015514160436717,47.0,0.8723404255319149,55.41406858584872,97.57340959556845,87.56186431566088,-0.7139583097356085,0.1728254492087987,-0.17318231816034843,,,1.5854877740127737,1.015514160436717,1.0,0.45098039215686275,51.0
7,-1,2220.0,True,True,56.51763399055818,115.52974467417961,108.40783872741407,0.1495940268169084,0.9201221845933404,1.2782775396321255,1.3809911166549487,0.3154642402416387,54.0,0.9074074074074074,68.25796604883698,234.56217861769235,109.63143710821612,-0.7158137420523136,0.20531630829009728,-0.22219793178261774,,,1.3809911166549487,0.3048993065391561,0.98,0.4,50.0
7,-1,2250.0,True,True,58.33966359196962,93.04217368271172,91.64298936634488,0.16869008641190722,0.8956458344630873,1.2969138454343299,1.411845846014963,0.30789547759919134,57.0,0.9298245614035088,63.89578363513171,184.42770382050736,93.35944269416191,-0.7195030310506388,0.22202149920954142,-0.2186047994601223,,,1.411845846014963,0.2556534749346867,0.9818181818181818,0.38181818181818183,55.0
7,-1,2280.0,True,True,58.738049713193114,102.80867894944252,92.77427855480006,0.19731387216181295,0.8821631689418002,1.307435704860045,1.4158482125938763,0.3273250540920758,57.0,0.9122807017543859,66.05333147431506,187.32851408272612,104.63451513367791,-0.7169184897201697,0.26887034043038627,-0.24230587411422877,,,1.4158482125938763,0.2929496054157356,1.0,0.3392857142857143,56.0
7,-1,2310.0,True,True,58.666666666666664,108.95331168295668,101.41772088149239,0.2018889552380999,0.8886823185022941,1.295242371976658,1.359433188969553,0.3540417314124586,56.0,0.8928571428571429,66.69483157721795,206.36890013920151,117.91091520808025,-0.7443209989950498,0.2620364984109209,-0.2518381323815185,,,1.359433188969553,0.286092531251484,1.0,0.24561403508771928,57.0
7,-1,2340.0,True,True,60.80262080262081,105.96589192756286,93.31496284983811,0.21117783796728565,0.8688456055560231,1.2750564849580792,1.405174856108808,0.3422942556280216,59.0,0.9152542372881356,63.31460750443843,155.12736510600018,102.32580603434572,-0.7242321304566015,0.23591482091798566,-0.21981193099436974,,,1.405174856108808,0.28920535235620565,0.9833333333333333,0.25,60.0
7,-1,2370.0,True,True,60.98576122672509,126.29420193491661,84.24864275950196,0.21792590655280047,0.8532703152129164,1.3105735178058315,1.4539231491403974,0.3696889494706174,59.0,0.9322033898305084,62.9377324051735,136.97975356898672,102.67816180824393,-0.7232898026615863,0.23591482091798566,-0.22155591178918743,,,1.4539231491403974,0.31024314132576714,0.9833333333333333,0.2833333333333333,60.0
7,-1,2400.0,True,True,61.490889011595804,154.65669034044367,89.85588039227832,0.25417627367200285,0.8197723401397968,1.3633187433483265,1.401452491759371,0.44687312085529374,59.0,0.9491525423728814,67.11627223763027,163.2229851013779,104.99611173690806,-0.7612575948663529,0.3094516422997017,-0.21907765580143743,,,1.401452491759371,0.35324872324164247,0.9833333333333333,0.35,60.0
7,-1,2430.0,True,True,62.30394808004326,161.663802194467,93.79412803256838,0.2517160094830814,0.8155424264424207,1.3267642529165335,1.42092963764174,0.39211730662329547,61.0,0.8360655737704918,67.91801917318998,165.72508420988808,83.9732829195651,-0.7415220613356188,0.28302927150292007,-0.1992978430967119,,,1.42092963764174,0.3388664295975246,0.9836065573770492,0.3442622950819672,61.0
7,-1,2460.0,True,True,63.8580931263858,169.91288219352506,98.12524444041516,0.25881933916169075,0.7956307087328366,1.3143104320012307,1.4635154585977344,0.4006699627772139,61.0,0.7377049180327869,67.29015648387087,162.31032626704524,82.30612643174915,-0.7489893818244393,0.28302927150292007,-0.21680688879408233,,,1.4635154585977344,0.36591939593762934,0.9841269841269841,0.2857142857142857,63.0
7,-1,2490.0,True,True,61.98632010943912,182.13461409716498,111.58481919598204,0.27906296625494553,0.7761633344136172,1.3629877504373469,1.4744613451950552,0.4497207484403654,60.0,0.8333333333333334,70.47589307136397,187.52681938574617,87.02512906673984,-0.7587752010108815,0.29166977866053406,-0.24703241240892193,,,1.4744613451950552,0.4080340126048715,0.9846153846153847,0.26153846153846155,65.0
7,-1,2520.0,True,True,60.62057702776265,185.51470258099346,113.07402422176239,0.27061410123605045,0.7974647856963896,1.3828985307998372,1.4891726929705988,0.541033068075632,59.0,0.864406779661017,67.26083832157654,201.9632676019356,97.22501311911797,-0.7544943517644908,0.2902484888847636,-0.21146605924994588,,,1.4891726929705988,0.4342845779209158,0.967741935483871,0.25806451612903225,62.0
7,-1,2550.0,True,True,59.469026548672566,198.5802131512473,98.52426731521528,0.24384829939144306,0.8279188634304779,1.3641171149683562,1.4367046994146784,0.44642133267649414,57.0,0.8070175438596491,66.30882802741894,221.2593237048682,104.1468368649811,-0.7558751362509276,0.26163068263790834,-0.20356744052658335,,,1.4367046994146784,0.44300163047282254,0.9838709677419355,0.3387096774193548,62.0
7,-1,2580.0,True,True,62.45933636955108,205.38722605739386,116.3396667694402,0.23866533471530502,0.8412405852638855,1.3103404780710712,1.8572961679607307,0.44863982475926495,54.0,0.7037037037037037,63.01200678995916,202.18944812143212,96.32640631207994,-0.7585280466917782,0.22812221286119533,-0.2057470268999723,,,1.8572961679607307,0.3978851814180414,1.0,0.3888888888888889,54.0
7,-1,2610.0,True,True,62.69956458635704,183.64755484419751,159.63467688649345,,,,2.3014265051923943,0.3345255532930385,52.0,0.4807692307692308,63.8777273811709,146.84611030282616,113.36197207093348,-0.7655723495309259,0.18594588801455514,-0.22448478436174613,0.06596006451140532,-0.9062330841113633,2.3014265051923943,0.3027995981701967,1.0,0.5555555555555556,54.0
7,-1,2640.0,True,True,59.74952561669829,168.4685293718667,163.7935957657957,,,,2.550440449121916,0.35484612832419343,46.0,0.43478260869565216,62.13371229829953,166.8299592321788,98.17251136257136,-0.7485135121636651,0.15551002519519805,-0.10997961748422355,0.07200993640859144,-0.9207747881162494,2.550440449121916,0.3466081232060811,0.9807692307692307,0.6538461538461539,52.0
7,-1,2670.0,False,True,,,,,,,,,,,67.58599741042843,190.8530249555921,49.67822069090555,-0.7327110763925097,0.1728322463287038,-0.15788560786458844,0.1465918069885644,-1.067982959425827,2.902818116529309,0.3501483619387648,0.9782608695652174,0.5,46.0
7,-1,2730.0,True,True,78.19004524886877,142.9996808743248,108.5130874329487,0.345709770304672,0.7593765878568182,1.4096468811425624,1.4263083363982594,0.5669025198756198,49.0,0.5714285714285714,80.12874798639614,127.812093638131,64.58038811206137,-0.7942101171235882,0.27823805687556047,-0.21893369650327427,0.18635681276307572,-1.0728459955185055,1.4263083363982594,0.49871626866353796,1.0,0.5172413793103449,58.0
7,-1,2760.0,True,True,81.70212765957447,124.73578495082033,91.98049607745028,0.41467224987155626,0.6934375319003131,1.4035108835236665,1.0800292482879736,0.2730609385849952,52.0,0.5576923076923077,83.26982743323725,94.7619804309178,68.4963855835984,-0.7641204575988676,0.20035209861060826,-0.32670318421907213,0.22379681584576233,-0.7816664538424066,1.0800292482879736,0.24027798529056055,1.0,0.625,64.0
7,-1,2820.0,True,True,107.79969650986342,190.17019941043944,58.38303457308072,,,,2.58483094580497,0.2567155373594468,49.0,0.16326530612244897,125.73960323163516,50.07941022990516,29.74223345987806,-0.8039869235697288,0.2312316483885431,,,,2.58483094580497,0.206758850786694,0.9855072463768116,0.08695652173913043,69.0
7,-1,2850.0,True,True,113.77777777777779,103.06900926088883,55.95863548970405,,,,2.2842293686053163,0.2420141044543433,74.0,0.05405405405405406,114.6585042520997,84.0901240686874,53.6024781995818,-0.7830855815192619,0.21719744571371916,,,,2.2842293686053163,0.2420141044543433,0.9885057471264368,0.08045977011494253,87.0
7,-1,2880.0,True,True,101.90932546995946,89.46433737117107,80.6209889077219,,,,2.17590346910181,0.26993991411169366,83.0,0.04819277108433735,103.03141779294016,75.7543311857101,58.582532095289864,-0.7279639701035542,0.19643011910370517,-0.10645812841310168,,,2.17590346910181,0.29702041386378847,0.9882352941176471,0.15294117647058825,85.0
7,-1,2910.0,True,True,94.81481481481481,112.61860836188258,97.30351535801466,,,,1.9414481021178651,0.23124559230987768,85.0,0.09411764705882353,97.88760319723833,83.38917306878784,78.57026644332545,-0.6827016961507114,0.1653235012709501,-0.09298367518155894,,,1.9414481021178651,0.22400890222779452,1.0,0.20930232558139536,86.0
7,-1,2940.0,True,True,95.2401055408971,136.21973695130694,102.39725273864066,,,,2.5217762573219296,0.22046059300850485,58.0,0.10344827586206896,99.73881710900233,101.63456362785358,90.63042507988364,-0.6940140757935047,0.12656309532997903,-0.09298367518155894,,,2.5217762573219296,0.22883096794793037,1.0,0.25,68.0
7,-1,2970.0,True,True,99.78825794032724,131.61367672200674,50.931268790645696,,,,2.4243271178441974,0.2620202733982496,42.0,0.09523809523809523,104.81511897856429,56.844062539229974,51.016517314724794,-0.7659088388342634,0.17606628228102614,-0.16292107027468755,,,2.4243271178441974,0.2749515045069047,1.0,0.13333333333333333,60.0
7,-1,3000.0,False,True,,,,,,,,,,,103.37610610006179,76.5584196690708,37.31238157961,-0.7469075354019007,0.21453987960056864,-0.1780661769729315,,,2.2459195129797624,0.5384181515211797,0.9787234042553191,0.06382978723404255,47.0
7,-1,3420.0,False,True,,,,,,,,,,,108.58088386325721,123.1060003206246,110.3020120986037,-1.2398004998384362,0.31110287899277705,-0.9028317971111606,,,1.9674346491898898,0.15803305861777597,1.0,0.25862068965517243,58.0
7,-1,3450.0,False,True,,,,,,,,,,,108.16576666425301,97.29216493493443,122.93699367286428,-1.2204910716449249,0.3578593813321506,-0.8221350567189447,,,2.290651816495892,0.1699806263359149,0.9622641509433962,0.24528301886792453,53.0
7,-1,3750.0,False,True,,,,,,,,,,,79.47955217266649,196.81247374095406,125.29451038427572,-0.6964813006047844,0.06830423213040088,-0.21442577468575305,0.09770788772075223,-0.6240579485044513,2.473520384954085,0.42728189844501274,0.9512195121951219,0.5853658536585366,41.0
7,-1,3780.0,True,False,71.97353914002204,164.50190764271608,169.793472694227,,,,1.4332009386886682,0.24230213094174166,46.0,0.34782608695652173,,,,,,,,,,,,,
7,-1,3810.0,True,False,74.4186046511628,180.06075363609915,137.33121743161678,,,,1.9089500330946245,0.22967881028589873,45.0,0.3111111111111111,,,,,,,,,,,,,
7,-1,3840.0,True,True,70.2049861495845,174.45178013245544,154.42830097506564,,,,2.3708177280428075,0.47274971768800433,43.0,0.23255813953488372,74.69820815550457,198.54461099380575,126.5550304294586,-0.652801500105332,0.06620238758145519,-0.12888337687223755,0.07294967271727476,-0.6527726920656316,2.3708177280428075,0.4366534913605544,0.9583333333333334,0.6041666666666666,48.0
7,-1,3870.0,True,True,66.06451612903226,182.37925123281414,154.01360051871018,,,,2.5785122456416474,0.6752676293921567,45.0,0.28888888888888886,65.39825491866861,106.53931443164542,104.85864489621245,-0.6227931504087263,0.06772066816017715,-0.06921059623451165,0.06429342005553786,-0.6517871056441324,2.5785122456416474,0.7658284318606875,0.9791666666666666,0.7916666666666666,48.0
7,-1,3900.0,False,True,,,,,,,,,,,70.41003941720051,203.49465486969575,73.32349062789253,-0.6992948715446305,0.12304447644037604,-0.15239514870361592,0.1062444749772086,-0.7539375691593893,2.8786254246673866,0.5195532175230893,0.9782608695652174,0.6086956521739131,46.0
7,-1,4080.0,False,True,,,,,,,,,,,71.11381931348201,155.74871959457386,87.54762906776125,-0.8192846692651525,0.19598509728702862,-0.25116041003518536,,,2.5092175692160374,0.42762584932901676,1.0,0.4878048780487805,41.0
7,-1,4140.0,True,False,65.39737991266375,178.9062937380979,182.65362615272417,0.2699032154179729,0.8332154708693091,1.2744661888136355,1.4339453356297227,0.5859995647091473,45.0,0.6,,,,,,,,,,,,,
7,-1,4170.0,True,True,67.0615034168565,173.44406214464854,174.78295151738635,0.24349863123207233,0.8543411407997188,1.2610633031848664,1.3596849308886243,0.5595706459605518,50.0,0.5,75.93397534559753,207.20385083760672,48.062959402338805,-0.7901405691631962,0.29705710346507547,-0.2630083523086113,,,1.3596849308886243,0.44128669765442036,0.9454545454545454,0.4727272727272727,55.0
7,-1,4200.0,True,True,65.2879944482998,183.8477152300291,156.8996909520007,0.32074227426904534,0.7987026588492723,1.2437257119027858,1.1568535222704743,0.5225925830935116,54.0,0.5925925925925926,69.40915433617383,181.81050851106306,73.76151777335339,-0.8416656290548659,0.3283645732899548,-0.2841606609075087,0.09302965485431194,-0.9752519886836855,1.1568535222704743,0.4495737537878474,0.9791666666666666,0.5416666666666666,48.0
7,-1,4230.0,True,False,61.87040280210157,169.96738651092764,142.95270034888128,0.3368013764906217,0.7875949004653012,1.2501425472619858,1.0369490330211506,0.5758941744142662,52.0,0.7692307692307693,,,,,,,,,,,,,
7,-1,4260.0,True,False,63.07391474384043,188.89856897703285,163.69005343560127,0.3261556173399957,0.7996041702800903,1.1608345310169195,0.8446207588350984,0.5715331942456197,51.0,0.8235294117647058,,,,,,,,,,,,,
7,-1,4290.0,True,False,63.315508021390386,203.03203722800362,177.80947932407878,0.329431417235495,0.7830677351744426,1.2122524303713391,1.422075156243254,0.5674240252444984,48.0,0.7083333333333334,,,,,,,,,,,,,
7,-1,4320.0,False,True,,,,,,,,,,,71.72507044546913,173.51562630814618,99.5011563349122,-0.7960623520601573,0.2958981865378413,-0.24113589749093475,,,1.791297184435586,0.25006596448944607,1.0,0.4406779661016949,59.0
7,-1,4350.0,True,True,65.25939177101968,217.61670464073137,141.6819844659942,0.3466749506243865,0.7821058970022736,1.2119165492753035,1.6279632476614299,0.34836833026749825,45.0,0.5777777777777777,76.47661561140251,190.0961035396991,122.96384556119813,-0.8752666864818431,0.35919909398989663,-0.2525947220930988,,,1.6279632476614299,0.17409147985250903,0.9814814814814815,0.46296296296296297,54.0
7,-1,4380.0,True,False,63.098591549295776,196.70068647000986,141.6265503701084,0.3383408719259785,0.800836140488741,1.184760409791133,1.0070456650017447,0.39103517877242655,45.0,0.6888888888888889,,,,,,,,,,,,,
7,-1,4410.0,True,True,66.48648648648648,162.29631494668754,156.51916471286765,0.34632439475054366,0.8076722143942479,1.3439352390597727,0.9121829500855049,0.3054781079168355,49.0,0.7346938775510204,72.21813108733565,145.43798587753295,56.28991504793731,-0.8572663521389758,0.38432994580128454,-0.35346127552752243,0.17841575235974744,-1.1472566717178077,0.9121829500855049,0.27782734621551697,1.0,0.58,50.0
7,-1,4440.0,True,True,65.70013507429086,186.11174439932748,175.3269065138813,0.3714090659203152,0.7523012948515789,1.2549998341111488,1.1607615062995833,0.27865587030899364,48.0,0.7083333333333334,70.74329274786038,109.22144937103751,52.354494266675154,-0.8721491769705562,0.47541690554409755,-0.3708531771496553,0.1580863006344438,-1.1174702689734783,1.1607615062995833,0.22626163359007218,1.0,0.5581395348837209,43.0
7,-1,4470.0,True,True,68.2845188284519,196.2546904420353,197.93037233246105,0.2939848938088351,0.808499195637325,1.0784569545679121,1.8376911048577542,1.3543192930991639,46.0,0.5217391304347826,69.69261985894609,127.77189392799824,59.075835254974805,-0.7833003353773361,0.3250189929863236,-0.27040264787329316,0.08415996060336646,-0.9471349522042012,1.8376911048577542,1.1772072907743287,0.9615384615384616,0.5576923076923077,52.0
7,-1,4500.0,False,True,,,,,,,,,,,72.87909771890178,153.30303762817113,54.9719698548369,-0.7890277098062812,0.26681775744744285,-0.21456820423160738,0.11407121038899826,-1.0181226662982992,1.8430245894209965,1.3701278026150443,0.9473684210526315,0.6052631578947368,38.0
7,-1,4530.0,True,True,68.54228644283893,173.97511624724763,141.86500395737522,0.42308979295170557,0.6829403934765865,1.1564598820098888,1.1564588300787597,0.6637279875015665,52.0,0.6153846153846154,78.54939617986768,195.2489149974534,97.12327602219013,-0.7821095322693785,0.2147432724148667,-0.4396066820694791,0.25083498001765325,-0.900307630138639,1.1564588300787597,0.3016973943694499,0.9107142857142857,0.5535714285714286,56.0
7,-1,4650.0,True,False,60.45543997750913,159.45550193455125,171.03646459811495,,,,0.46629988287238666,0.2658721067644856,57.0,0.45614035087719296,,,,,,,,,,,,,
7,-1,4680.0,True,False,57.648040033361134,165.92723032867158,162.2640668905046,,,,0.573771571234531,0.26250632385246814,55.0,0.4727272727272727,,,,,,,,,,,,,
7,-1,4710.0,True,False,57.40863787375416,189.568646193132,144.72737689115652,,,,0.723774889491618,0.28468865465763726,55.0,0.4,,,,,,,,,,,,,
7,-1,4740.0,True,False,57.98657718120805,195.73754850074567,143.71997917057567,,,,0.8532906965627532,0.32042882548054774,55.0,0.38181818181818183,,,,,,,,,,,,,
7,-1,4770.0,True,True,57.92178770949721,196.9098508580883,124.48741629368082,,,,0.9545361119666709,0.3755035065977225,55.0,0.45454545454545453,81.4696897221838,202.87472550475638,148.89443506753588,-0.7075436684000552,0.15911747995181535,-0.26365165489698783,0.13634170316987024,-0.7054328542659187,0.9545361119666709,0.4159825738370971,0.9661016949152542,0.5932203389830508,59.0
7,-1,4800.0,True,True,59.71162001696352,222.6193972765425,108.66782663720036,0.22963360574571456,0.8515025121337968,1.4569902419899332,0.9254498984542241,0.3330066895559876,57.0,0.5964912280701754,82.62595589754628,203.4311619160699,141.4071062274036,-0.7620976476673845,0.19460355215774927,-0.24451723180602347,0.19899734786612408,-0.8620830300441507,0.9254498984542241,0.44783413702705016,0.984375,0.59375,64.0
7,-1,4830.0,True,True,61.09343361295921,203.62336881055074,108.30561101765215,0.2688448040491196,0.8015873367344744,1.503080708407906,0.8718744844989395,0.3794224109173839,58.0,0.5344827586206896,84.65153092708148,189.31676448111125,123.08385203067434,-0.7752068748057797,0.2056927535789232,-0.2040116873485892,0.1864257583991182,-0.8231438261259425,0.8718744844989395,0.2749026328327066,0.9846153846153847,0.6307692307692307,65.0
7,-1,4860.0,True,True,60.16492578339747,182.43538462846604,117.04021541528587,,,,0.8935022748044275,0.27885454402039783,59.0,0.3898305084745763,81.3414238924089,193.73456644711686,113.17477622902022,-0.7033651051195453,0.1419978259314124,-0.2080528910072792,0.11638724985284482,-0.6611307556703342,0.8935022748044275,0.33421342376384483,1.0,0.6166666666666667,60.0
7,-1,4890.0,True,True,62.84424379232505,201.32871521250206,114.96149717767828,,,,0.9327692928957605,0.30067922436043276,60.0,0.4,75.48674985984914,178.39685629030134,97.86834404829679,-0.727518298519441,0.1660969640942845,-0.17696972950021872,0.09461362697240583,-0.7138705217616802,0.9327692928957605,0.2610401305438731,1.0,0.5806451612903226,62.0
7,-1,4920.0,True,True,62.50678241996744,222.34051388287418,134.98038321083618,,,,1.0180223401447863,0.36344163750283237,61.0,0.4426229508196721,73.79639610198058,206.98147298162587,84.23754530697215,-0.7589728913152552,0.17212087025809805,-0.160148751531655,0.07991786227687084,-0.8549237651417259,1.0180223401447863,0.32007730093140313,1.0,0.5396825396825397,63.0
7,-1,4950.0,True,True,64.41151803187029,219.84614262176834,106.37380893932901,0.23040498065483792,0.8494790876262022,1.2539494811096001,1.0619239666780722,0.41878893325129624,61.0,0.5409836065573771,79.33574850488375,193.55063945791687,96.8335745075644,-0.6953778206458517,0.21966567894426306,-0.19062868180071008,,,1.0619239666780722,0.3634898930302491,0.9848484848484849,0.48484848484848486,66.0
7,-1,4980.0,True,True,62.62571350910573,209.95665449004935,122.2052943863883,0.21224539455706315,0.8837686379816723,1.1764839976751587,1.007743561427572,0.39798006348240667,61.0,0.6229508196721312,76.76498320994868,189.02775752050536,88.86230164219995,-0.6922536014923749,0.27942758698890924,-0.21743981384725922,0.11371691121837321,-0.8728194633158727,1.007743561427572,0.4608857687191914,0.9833333333333333,0.5333333333333333,60.0
7,-1,5010.0,True,True,64.4630969609262,207.51852865592207,134.82155175806417,0.22486899028729979,0.8851678399677738,1.1545441263306362,0.9301133790217301,0.7482269830132544,60.0,0.7,75.25742642779439,190.24537347858686,67.9782156045773,-0.7607310311578181,0.33519943409733,-0.22165925553749632,0.10238077718194853,-0.958701948308673,0.9301133790217301,0.5695119843391477,1.0,0.5740740740740741,54.0
7,-1,5040.0,True,True,71.62454873646209,202.3493773089303,94.65146304480317,0.2505887753306689,0.8352274991100339,1.2630088672818598,2.1586578353980745,0.3844178565704038,40.0,0.575,71.61685497376695,185.7448511927488,82.96062604096812,-0.7409435348288674,0.22095017163854488,-0.2069342237020874,0.19525155630063837,-0.869932777552642,2.1586578353980745,0.3844178565704038,1.0,0.5454545454545454,55.0
7,-1,5070.0,False,True,,,,,,,,,,,84.00701009579524,190.63099002525502,92.14956551786581,-0.786593638733105,0.23021470400754382,-0.31561419183352146,,,2.1838106802483064,0.2430939825577023,0.9615384615384616,0.46153846153846156,52.0
8,-1,0.0,True,True,80.62387522495501,114.70005355126852,102.25435767630202,,,,3.0483190128361457,0.33347786912274074,46.0,0.13043478260869565,83.02003489081277,65.73648276919268,34.092454521278725,-0.5902357423701534,0.13279924949901856,-0.22691281894155002,-0.0206021613419389,-0.4609974645385567,3.0483190128361457,0.330011817539846,0.9795918367346939,0.5714285714285714,49.0
8,-1,30.0,False,True,,,,,,,,,,,84.74976287030658,153.4019270571499,71.67292127681195,-0.6619550949228394,0.1764833371521483,-0.2559365400720124,,,3.1330749233874298,0.34356888880543446,0.9512195121951219,0.43902439024390244,41.0
8,-1,60.0,True,True,69.164265129683,129.32932466672048,136.46429694347813,,,,2.8054688037163027,0.5796181720825648,38.0,0.23684210526315788,69.75237095897228,92.78540402505293,76.96283831168667,-0.48345977678532337,0.012518379936817715,-0.2814781615667328,0.04585174048611849,-0.1584982579058883,2.8054688037163027,0.5170170500009194,1.0,0.717948717948718,39.0
8,-1,90.0,True,True,65.1349267540478,130.7705664556683,115.94392249731116,,,,3.2787749111679614,1.0442617031758183,30.0,0.06666666666666667,66.17930054481717,99.02158758497575,77.92307030758089,-0.40501919012181825,-0.0050188864942994635,-0.254210283874091,0.021966545667222455,-0.09599363370216166,3.2787749111679614,0.8965183303639755,0.9705882352941176,0.7352941176470589,34.0
8,-1,120.0,True,True,65.21227955584584,150.73562606877698,150.53006928123196,,,,3.2767575234282793,1.057410970615205,36.0,0.027777777777777776,65.0610669203504,132.6333956969286,78.03476789424639,-0.4363980434427799,-0.037965222072290875,-0.2358093489713977,0.023542468221807604,-0.13654056485181074,3.2767575234282793,1.057410970615205,0.975,0.7,40.0
8,-1,150.0,True,True,63.48061316501352,142.82210866783404,151.04982997793687,,,,2.2921989986102527,0.1396455877555913,59.0,0.01694915254237288,64.47480632373285,105.73181050370744,97.34704654430087,-0.4036964757820688,-0.09928334506446873,-0.226634855697684,0.019926977819823454,-0.11819208190276564,2.2921989986102527,0.14777334246325297,1.0,0.8448275862068966,58.0
8,-1,180.0,True,True,64.33956995252724,99.59247547597968,130.7936406154313,,,,2.3361336925897156,0.16342620389192009,61.0,0.0,65.15751657372924,110.45772518546804,84.00372971434449,-0.49878698506193553,-0.0826042531943418,-0.15934621446049058,0.05461664136008416,-0.3175568612461061,2.3361336925897156,0.16342620389192009,0.984375,0.921875,64.0
8,-1,210.0,True,True,66.77205184950996,76.36162277387726,91.00137361600648,,,,2.5863888102013246,0.42216012117593865,58.0,0.0,67.53680631827133,86.33506790844224,74.98222912709629,-0.5478172040892371,-0.05551174962763443,-0.13028732891885123,0.06691048982924687,-0.420839968078875,2.5863888102013246,0.42216012117593865,0.9841269841269841,0.7619047619047619,63.0
8,-1,240.0,True,True,66.29482071713149,87.45436889250372,80.93890764541695,,,,2.5908285688843438,0.48140354140188946,56.0,0.0,67.59011109280186,110.33747811536475,86.49138761810605,-0.5520125573477606,-0.0431562724897098,-0.13051848481771167,0.060975906395983825,-0.3952630823817046,2.5908285688843438,0.42486995308058,0.9523809523809523,0.6666666666666666,63.0
8,-1,270.0,True,True,64.73142857142857,98.96762519563863,94.51845547789029,,,,2.329516348814322,0.1855066657978341,61.0,0.01639344262295082,65.25827452295242,89.93627965136581,69.76349097097234,-0.549050475043166,-0.05388878407541562,-0.12513451209041923,0.07057588880770983,-0.4346778306577861,2.329516348814322,0.1855066657978341,0.9841269841269841,0.8571428571428571,63.0
8,-1,300.0,True,True,66.6323907455013,92.17906982442769,87.97600389105143,,,,2.4159479860105844,0.15580363771317787,58.0,0.017241379310344827,67.87370319137378,88.67257750298575,58.59528560119373,-0.5589378860173453,-0.037088101995201996,-0.124850334125152,0.05759525225573439,-0.4234385244369617,2.4159479860105844,0.15580363771317787,0.984375,0.75,64.0
8,-1,330.0,True,True,68.21705426356588,56.79016038821507,62.30822292930399,,,,2.442348590678008,0.18307849297701018,59.0,0.0,69.41592296607759,66.248561570813,40.87018505819762,-0.57717227108169,0.012626363319469536,-0.12219794651714222,0.07353622618386997,-0.4548067017975358,2.442348590678008,0.1693278549017927,1.0,0.5846153846153846,65.0
8,-1,360.0,True,True,68.95027624309392,35.79317539346846,46.548340968019474,,,,2.306193373170529,0.201192175610691,66.0,0.0,69.7509079961186,60.93361706326973,46.44606947477879,-0.5774899942382841,0.049960353266358566,-0.11141914953892187,0.08735897860767576,-0.5255799065363056,2.306193373170529,0.18566333085946035,0.9855072463768116,0.5797101449275363,69.0
8,-1,390.0,True,True,69.47562097516101,42.129640686997874,40.923331048716044,,,,2.4558104069534195,0.25131949214108046,62.0,0.03225806451612903,70.09734501984231,75.13146251190582,40.257052233214296,-0.5832408871706511,0.04145169170886941,-0.10754394860211017,0.0807719890460446,-0.5462343039554349,2.4558104069534195,0.25131949214108046,1.0,0.6060606060606061,66.0
8,-1,420.0,True,True,69.32496075353218,99.93912322733912,46.943480679317695,,,,2.5026199539302754,0.3502141580459398,54.0,0.09259259259259259,72.42796438416484,146.68042196740984,44.43745713436298,-0.5989979254945026,0.04013444365929729,-0.10885589855735231,0.06636027800401981,-0.5687934570433926,2.5026199539302754,0.3017617000109511,0.9827586206896551,0.5172413793103449,58.0
8,-1,450.0,True,True,70.51046639735586,112.10647228785021,100.38378502963016,,,,2.3816498469882226,0.2787368088857915,58.0,0.1724137931034483,73.66182160448953,135.1023509741853,51.706408124433594,-0.6372833131937531,0.042169710731170804,-0.10664740275522419,0.07816226215094939,-0.6880520644535865,2.3816498469882226,0.24160510732557564,0.9516129032258065,0.5645161290322581,62.0
8,-1,480.0,True,True,71.65611462845717,99.88348973129129,112.78397407731947,,,,2.2571795541511124,0.18342128069520885,61.0,0.08196721311475409,74.39425568472606,113.05061951601894,53.3345976837196,-0.6348894391291834,0.03237498926918718,-0.09792845105505886,0.0652619026970043,-0.6301121029892615,2.2571795541511124,0.17966427368462834,0.9857142857142858,0.6142857142857143,70.0
8,-1,510.0,True,True,68.66225165562913,85.94965886604423,87.55578578826187,,,,2.224508988223165,0.20927709815348025,59.0,0.01694915254237288,70.80537135918448,111.09734860831836,54.78714827567406,-0.5830180161884908,0.0058288767869742455,-0.10523054551239375,0.04823821319087811,-0.499122952795102,2.224508988223165,0.16326741115257604,0.9848484848484849,0.6666666666666666,66.0
8,-1,540.0,True,True,68.68824531516184,115.01722700212781,84.48609888381202,,,,2.5539054234927505,0.5845642514976792,52.0,0.07692307692307693,69.53752750538858,116.46971223695776,72.27197750403056,-0.581100676106921,-0.012435064316163,-0.1214179329656265,0.07244374675905908,-0.5128138664538634,2.5539054234927505,0.5155713330702894,0.9821428571428571,0.75,56.0
8,-1,570.0,True,True,71.72893136403127,86.75201375714087,107.0579870185287,,,,2.63479631306068,0.3614540149237603,54.0,0.09259259259259259,75.84213112923052,122.68217070965873,74.75926318381165,-0.596234521416031,-0.033137964414978564,-0.1428662022529556,0.08087676444109132,-0.4902382885155534,2.63479631306068,0.3221534878211711,0.9821428571428571,0.6607142857142857,56.0
8,-1,600.0,True,True,73.37579617834395,93.73528603930356,106.548294507702,,,,2.390704274923307,0.14534837650232812,66.0,0.045454545454545456,76.365897647921,97.9298642116778,48.11292441786619,-0.5962988049874872,0.004562789005701312,-0.14532514588154682,0.047893157562890774,-0.44993760135407895,2.390704274923307,0.11685558476060162,1.0,0.6567164179104478,67.0
8,-1,630.0,True,True,72.40315392526568,110.27915131259212,108.57138786801501,,,,2.647252530694364,0.36884997348934234,62.0,0.08064516129032258,73.27227832556677,65.72969588031607,63.25217305028481,-0.615655390818553,0.01479409318849631,-0.09780758229239576,0.0675075676462753,-0.5694497019281635,2.647252530694364,0.36884997348934234,1.0,0.7142857142857143,63.0
8,-1,660.0,True,True,69.01322482197355,131.9113353529317,133.712536863732,,,,2.6731082211238233,0.44159088857436846,60.0,0.11666666666666667,69.97684300403652,79.12285829534615,71.33984666074508,-0.5962173272170791,0.008554037747891577,-0.12500174476960557,0.07031729390384936,-0.527014141836271,2.6731082211238233,0.39590509771784776,1.0,0.639344262295082,61.0
8,-1,690.0,True,True,68.08510638297872,119.38528773666421,120.70678623393354,,,,2.279180055631676,0.23951698922378978,64.0,0.0625,68.77943277401396,84.90027442544324,64.20912138302869,-0.5511966172213306,-0.049953494308240844,-0.1538343957166749,0.025995701871195955,-0.3456931897717224,2.279180055631676,0.23951698922378978,0.9848484848484849,0.6515151515151515,66.0
8,-1,720.0,True,True,68.34260289210233,72.59041596232476,87.8969251774211,,,,2.161385073260645,0.15571942110033948,66.0,0.030303030303030304,68.05431423720596,51.92556867363201,55.37772991514876,-0.5415043612901352,-0.07196377336759217,-0.15136303007414476,0.0792246786853372,-0.3750569646413481,2.161385073260645,0.15571942110033948,1.0,0.6363636363636364,66.0
8,-1,750.0,True,True,69.57594448727833,43.90963426347015,60.0752471995493,,,,2.8759257102817877,0.42567749548672507,52.0,0.038461538461538464,69.50912713478894,35.57759409175243,43.28839218676454,-0.5432422973479256,0.014468679167644655,-0.14770924242814565,0.10415173101527313,-0.4754005347556024,2.8759257102817877,0.42567749548672507,0.9814814814814815,0.5370370370370371,54.0
8,-1,780.0,True,True,71.11111111111111,68.61797387919373,95.53587475595026,,,,3.3811096550427715,0.30026708792162665,35.0,0.05714285714285714,70.88974985307497,32.05477043910115,38.67842555803957,-0.5890719600518033,0.034705215150622915,-0.13604020186637608,,,3.3811096550427715,0.30026708792162665,0.975609756097561,0.4878048780487805,41.0
8,-1,810.0,True,True,71.4116652578191,103.52742768736394,113.92103249504387,,,,3.3198787977462123,0.25226758627407686,49.0,0.02040816326530612,71.55768736605667,32.407820885675285,39.55253363390132,-0.5842815954971798,0.022064236175843563,-0.1465816092673112,0.07510416718080701,-0.44700317838124815,3.3198787977462123,0.25226758627407686,0.9795918367346939,0.5306122448979592,49.0
8,-1,840.0,True,True,71.00377358490566,142.8440632963271,111.58481919598204,,,,2.858578462048188,0.2069484935917096,57.0,0.14035087719298245,73.6835950649087,74.81916148126294,68.74611217360788,-0.5902045514412885,0.014677957402745538,-0.15837157622124784,0.07510416718080701,-0.47932261214617655,2.858578462048188,0.20209133683625094,0.9807692307692307,0.5769230769230769,52.0
8,-1,870.0,True,True,75.15703231679564,155.79599045644093,115.19444877862719,,,,2.976556229847758,0.19051877363027075,55.0,0.18181818181818182,79.4792304163759,133.33560168062616,96.00691262049973,-0.6358884811945384,0.017948729188730396,-0.15976152427202733,0.06124224548190615,-0.5397503167968639,2.976556229847758,0.16446567380100924,0.9622641509433962,0.5849056603773585,53.0
8,-1,900.0,True,True,76.9479768786127,92.94278788635842,95.98778511510903,,,,2.9899631782595977,0.13810905908567853,60.0,0.11666666666666667,78.00786245216513,106.81026601090664,65.14611840665623,-0.5847378494337481,0.022987010820212914,-0.11523026320667087,0.060435562997660716,-0.5670775862945149,2.9899631782595977,0.13810905908567853,0.967741935483871,0.6612903225806451,62.0
8,-1,930.0,True,True,74.76896251089799,66.94102808408547,80.132926829747,,,,2.76989815439024,0.07400141621403106,69.0,0.07246376811594203,75.08269310503111,43.53020896196344,44.16069178003616,-0.5791020096350941,-0.0025105977815123837,-0.10317624680414866,0.07800660436153474,-0.525210125515567,2.76989815439024,0.06541237985125199,1.0,0.7323943661971831,71.0
8,-1,960.0,True,True,75.63802455038538,72.65525811389246,87.40551216995588,,,,2.0708350392994244,0.1928064354833438,71.0,0.028169014084507043,76.46685036712888,55.63876017932566,38.62754428104435,-0.5715850989607459,-0.02592369184555044,-0.1423792772713383,0.07363207267710455,-0.48015592856768646,2.0708350392994244,0.1928064354833438,0.9864864864864865,0.6891891891891891,74.0
8,-1,990.0,True,True,75.59055118110236,104.6043863168211,102.56443203810103,,,,2.129946495423781,0.19693853973477018,69.0,0.057971014492753624,76.81351641369244,84.8383018951908,59.74383600383648,-0.5801019001495278,0.022277575676485396,-0.15075631727106406,0.07076233514521216,-0.48015592856768646,2.129946495423781,0.21117843831417984,0.9859154929577465,0.5774647887323944,71.0
8,-1,1020.0,True,True,71.59857417055113,114.05257738239388,107.26895085542205,,,,2.051602833406407,0.15529591663737297,70.0,0.02857142857142857,72.23360857715922,100.34428894483521,66.45631687648803,-0.6162084150482363,-0.004209200696447647,-0.14985954182974492,0.06948886222148971,-0.5004231442129304,2.051602833406407,0.16314822372271265,1.0,0.6515151515151515,66.0
8,-1,1050.0,True,True,69.64933494558646,94.21084940430282,123.15533414401911,,,,2.2052964596362163,0.14179600019040067,63.0,0.047619047619047616,69.95812904698133,79.27440350964899,75.7536335690841,-0.5937734077826787,-0.027352343812365145,-0.1592689662838499,0.05871918805412849,-0.48171811159527406,2.2052964596362163,0.14179600019040067,0.984375,0.765625,64.0
8,-1,1080.0,True,True,71.37026239067055,116.00527028046241,141.33344277082668,,,,2.251399572554712,0.14472246478631257,58.0,0.08620689655172414,71.52074200448489,91.62121075590815,62.579715667178476,-0.5937734077826787,0.011822894104177344,-0.16993368698489444,0.03742418718026197,-0.4566491948934194,2.251399572554712,0.14472246478631257,1.0,0.6721311475409836,61.0
8,-1,1110.0,True,True,71.91720059142435,130.30039123635737,138.67279195706226,,,,2.2858715311502054,0.18875601960601193,47.0,0.0851063829787234,75.42475154591297,147.13903946019144,72.36870790663686,-0.5941273270735148,0.025394167977948145,-0.19908658530977236,0.02181219820837539,-0.42539071115817984,2.2858715311502054,0.16067613019903396,0.9830508474576272,0.559322033898305,59.0
8,-1,1140.0,True,True,73.58083832335329,121.44889713132567,136.4394468482264,,,,2.242641165076286,0.2770306905155721,44.0,0.13636363636363635,75.47756435363044,129.0894747608692,77.88212814530543,-0.5514293561292611,0.03113457098030327,-0.20019671355198038,0.027030903732997484,-0.41928738162405976,2.242641165076286,0.22042928412201787,0.9824561403508771,0.5964912280701754,57.0
8,-1,1170.0,True,True,71.55279503105591,114.49843195350459,119.15245731515205,,,,1.8772846473181626,0.216425725534654,61.0,0.09836065573770492,72.18267183814272,61.174174240461944,56.85047031999116,-0.5629587222716862,0.030438194306320287,-0.12270311398371019,0.03545580264094208,-0.5257937422241803,1.8772846473181626,0.23049679204848583,1.0,0.6935483870967742,62.0
8,-1,1200.0,True,True,71.17488789237669,150.17459686223674,121.25241621303883,,,,1.9629755940117135,0.17747886467369725,65.0,0.06153846153846154,73.5095746327842,104.68925618220705,60.9057214945232,-0.5882529845713801,0.04908357129381474,-0.1279400087366129,0.027435512860722377,-0.5322767101039327,1.9629755940117135,0.19317071912782652,0.9701492537313433,0.5970149253731343,67.0
8,-1,1230.0,True,True,72.0257234726688,163.8663668571888,111.8223856117953,,,,2.3831931288772856,0.3066316753824785,43.0,0.09302325581395349,74.50913829467467,126.22113684418571,65.6299615576878,-0.6284530982370201,0.05225687356983691,-0.19441352095231634,0.019799263723550408,-0.5016652798009457,2.3831931288772856,0.31404514401722167,0.9649122807017544,0.5087719298245614,57.0
8,-1,1260.0,True,True,69.57491289198606,121.43504169292133,148.35524036497665,,,,3.00292099441053,0.3402545258858625,34.0,0.11764705882352941,71.8489015677078,118.76653031826982,97.63482485713192,-0.618750646623923,-0.02578435468233834,-0.19248981547866253,0.050666557696492816,-0.41721594281401453,3.00292099441053,0.3032942112426363,1.0,0.6875,48.0
8,-1,1290.0,False,True,,,,,,,,,,,74.06247309527228,142.35689797224452,112.90771964733398,-0.6219741652930278,0.00942732969091048,-0.11544923998791096,0.050666557696492816,-0.5622269513750044,3.1025637508539905,0.28592290007792087,1.0,0.7209302325581395,43.0
8,-1,1380.0,True,True,74.3507972665148,173.43397454704083,155.46678704790938,,,,1.994597809582962,0.26563740849444256,45.0,0.17777777777777778,76.00704271472362,165.0388448250061,107.01103156045477,-0.572051419079552,0.007418954119274513,-0.26772942648996406,0.09592498005118101,-0.34645953295742055,1.994597809582962,0.22461054175775189,0.9830508474576272,0.6101694915254238,59.0
8,-1,1440.0,True,True,66.61224489795919,152.70032100411365,152.17486781173335,,,,3.0829981080038262,0.2748751335175932,42.0,0.16666666666666666,70.30416996240507,100.78396215938446,85.06919594327161,-0.5224667241596406,0.01647006113973401,-0.23509058861999055,0.04501812378649382,-0.3332929646685062,3.0829981080038262,0.29367629735440626,1.0,0.7083333333333334,48.0
8,-1,1470.0,True,True,67.46543778801843,122.84254966499483,155.7863491262122,,,,2.125684329343709,0.13530554408843715,64.0,0.078125,69.54738756675536,90.060629639573,80.57212081118745,-0.48521486167550965,-0.041793686617857574,-0.17590387870603708,0.03236693075657387,-0.31575337492198885,2.125684329343709,0.13063200853381426,1.0,0.8070175438596491,57.0
8,-1,1500.0,True,True,69.27058823529411,128.1568462248487,146.50972916544342,,,,2.4814473391704834,0.3041715013219402,53.0,0.03773584905660377,72.69425072833494,141.36021288328507,92.15550939508302,-0.5182509224302375,-0.02408007901862271,-0.15380716394822982,0.0396083459644735,-0.33758345877114165,2.4814473391704834,0.28029847431639243,0.9830508474576272,0.7627118644067796,59.0
8,-1,1530.0,True,True,68.62978723404255,174.70823010071538,137.8131230926566,,,,2.6086286857305123,0.37242361744898583,50.0,0.1,73.55855244056991,170.0955726581028,115.82260973560189,-0.542891079417611,-0.016152494734470398,-0.16618934635865124,0.0647847980257377,-0.3760372636837145,2.6086286857305123,0.3490608418322783,0.9821428571428571,0.75,56.0
8,-1,1560.0,True,True,69.1304347826087,171.50763946952287,162.03101296228868,,,,2.388711388850382,0.3693652029261215,59.0,0.13559322033898305,72.39407244356167,167.67884633784118,104.01597904911554,-0.5822894401113716,0.02547874899622911,-0.15590856359914285,0.06119020064422972,-0.4776257946986364,2.388711388850382,0.3358910144052173,0.967741935483871,0.7580645161290323,62.0
8,-1,1590.0,True,True,74.35684647302904,158.58850009976678,163.17513452274264,,,,2.725116877011948,0.6033586671808234,52.0,0.17307692307692307,75.71198765659946,177.68030309424827,97.25910786932803,-0.6273517889176566,0.05626321965059936,-0.15590856359914285,0.0577416155243571,-0.47369482719797884,2.725116877011948,0.5270481545489698,0.9649122807017544,0.631578947368421,57.0
8,-1,1620.0,True,True,74.5114345114345,196.0106569586691,138.82632373496284,,,,2.914255232810505,0.5927315339624951,40.0,0.15,82.09133134879573,207.4798777465549,119.36618769237961,-0.6000575274303517,0.03954905182785212,-0.20034140716968168,0.05572996914794903,-0.4040049772064794,2.914255232810505,0.6022301933595345,0.9591836734693877,0.5102040816326531,49.0
8,-1,1650.0,True,True,65.58382711746252,186.14039461017995,151.89236011893422,,,,2.6871980297014875,0.5018146981622855,52.0,0.038461538461538464,66.11884579938811,132.7358146940989,93.54863601489411,-0.5324894321210215,0.006931887296662515,-0.1521540317458059,0.058872603230763036,-0.40762157906747026,2.6871980297014875,0.5018146981622855,1.0,0.8518518518518519,54.0
8,-1,1680.0,True,True,65.82219639744335,162.99065332161683,150.04531076265846,,,,2.2880628677257357,0.19145622269196153,61.0,0.01639344262295082,66.2709177953672,128.78739310201286,79.63599462795693,-0.5464469317999382,0.02466091923738306,-0.1398999360757294,0.03204079812484392,-0.4198191994073275,2.2880628677257357,0.19145622269196153,0.9838709677419355,0.9193548387096774,62.0
8,-1,1710.0,True,True,66.74846625766871,136.1206718914378,147.3323258355447,,,,2.496863081307887,0.18586976397479196,56.0,0.05357142857142857,67.9581733766117,116.96263472555489,77.94142008990694,-0.5155639481046466,0.01743098297313849,-0.14593379361638836,0.025428236375320896,-0.4021906766424758,2.496863081307887,0.18586976397479196,0.9833333333333333,0.8833333333333333,60.0
8,-1,1740.0,True,True,66.32358124779697,138.226246194843,140.17968108040793,,,,2.5581464279794504,0.21540721783452493,55.0,0.05454545454545454,66.648687564958,105.04059606080722,79.16403944093902,-0.5528524958920433,0.0141169681173066,-0.1298888810286453,0.03760239702931301,-0.46051457826633635,2.5581464279794504,0.1886495031529799,1.0,0.8275862068965517,58.0
8,-1,1770.0,True,True,69.23220391669257,141.37578326077204,125.4205547895778,,,,2.3407635072182087,0.17816731103863537,62.0,0.0,68.48276077827488,116.34147371731646,68.2253706457335,-0.5704401332578696,0.013620605060049269,-0.11745192087929537,0.03804546363866834,-0.4896371837178617,2.3407635072182087,0.17816731103863537,1.0,0.9076923076923077,65.0
8,-1,1800.0,True,True,70.63748810656517,135.79668787855445,143.75128178263643,,,,2.3499092871113034,0.25383222965351443,62.0,0.0,69.95297316072148,109.89248700469429,69.28546553611493,-0.5746754050541998,0.017005292145706247,-0.10615735076948062,0.028592369521492134,-0.507862811194758,2.3499092871113034,0.2790121179760823,1.0,0.8870967741935484,62.0
8,-1,1830.0,True,True,69.22448979591837,163.5782624129899,158.7269700429695,,,,2.3668579548741167,0.3025585011404996,59.0,0.01694915254237288,70.63194126367908,122.69491734918559,92.91958343747564,-0.5906218212476637,0.02801297645932043,-0.11509139205604095,0.037988036392545,-0.5414296914821448,2.3668579548741167,0.24957568906753239,0.9827586206896551,0.896551724137931,58.0
8,-1,1860.0,True,True,70.49532386560443,164.72233878740138,161.79400590634447,,,,2.4834197539637035,0.3537981751734925,61.0,0.04918032786885246,71.03916609824883,133.86484057693835,102.25479513801844,-0.5965034107419821,0.037648711224412,-0.1239454012915982,0.04592248202506666,-0.5645674172430354,2.4834197539637035,0.30936198694530037,0.9672131147540983,0.8360655737704918,61.0
8,-1,1890.0,True,True,69.56521739130434,165.01459847035758,138.61204644115406,,,,2.535873020121024,0.29299878834180687,61.0,0.04918032786885246,69.29344494438205,116.29967496169071,79.06624499987034,-0.6033187134323106,0.036739753889171195,-0.13605127040735937,0.05764397516632741,-0.5672321063740535,2.535873020121024,0.3251193893641702,0.967741935483871,0.8387096774193549,62.0
8,-1,1920.0,True,True,69.26079243051448,141.5342304762929,148.03470807954346,,,,2.390862037941091,0.20070131844092307,64.0,0.140625,70.02939037440751,86.54801028014647,60.08502626997545,-0.6303884293451001,0.03971890759584706,-0.11643411234579744,0.039684819702196034,-0.5987733943098081,2.390862037941091,0.182304562503797,1.0,0.873015873015873,63.0
8,-1,1950.0,True,True,70.28901734104046,137.44645552631803,153.4551172537548,,,,2.3020540385241754,0.2383510523830208,63.0,0.12698412698412698,71.41574770862859,98.66153755839782,67.38609997384094,-0.6504095594113444,0.06900530214474526,-0.09336697703453406,0.024253143680692556,-0.6608462772485889,2.3020540385241754,0.20676537432690076,0.984375,0.796875,64.0
8,-1,1980.0,True,True,69.37768855749928,129.1876275978468,134.01241371047973,,,,2.0111841979372516,0.2360891976570541,66.0,0.015151515151515152,69.20888507753642,109.66738506029712,68.37715527473526,-0.6349220602718655,0.061555986390455245,-0.10162820493238342,0.017743854105914898,-0.6360871988734011,2.0111841979372516,0.2360891976570541,0.9848484848484849,0.8484848484848485,66.0
8,-1,2010.0,True,True,68.35913312693499,158.1243257227227,126.44331433438805,,,,2.525063253655379,0.3827889226953442,51.0,0.0784313725490196,68.6677507240289,137.8048025553931,77.85344280464729,-0.635864809314365,0.05685492159419148,-0.10685698857015517,0.048686202759388425,-0.650311290126975,2.525063253655379,0.3827889226953442,0.9636363636363636,0.7636363636363637,55.0
8,-1,2070.0,True,True,76.66666666666666,156.24382398861397,197.0650537682079,,,,2.535498675669678,0.5776997113344319,34.0,0.11764705882352941,79.87893011287794,136.71544169673234,89.00344526204961,-0.6666401086735779,0.09271335276565905,-0.24403520445844049,0.10023047886266956,-0.49697777903774276,2.535498675669678,0.4626831531350576,0.9555555555555556,0.5333333333333333,45.0
8,-1,2100.0,True,True,77.86552828175026,171.05166986681172,186.84782411095935,,,,2.6484552318005123,0.38075767685362627,49.0,0.1836734693877551,80.12600084772849,99.16250271539083,48.65734894043663,-0.5739320333827713,0.04447623614841546,-0.17774477838113875,0.09421142472157504,-0.49190532490594907,2.6484552318005123,0.29988495275129684,0.9636363636363636,0.5818181818181818,55.0
8,-1,2130.0,True,True,76.1823056300268,177.1392168049053,161.5919229846085,,,,2.840533292947164,0.42919366872534287,46.0,0.1956521739130435,76.53858492182914,128.64397906498388,88.50280846565231,-0.5647882040097203,0.052282911409907706,-0.1841265537336425,0.09237000011130043,-0.48653331717859505,2.840533292947164,0.470550645484327,0.9830508474576272,0.5932203389830508,59.0
8,-1,2160.0,True,True,71.89427312775331,141.96633268756293,142.17891457596656,,,,2.507194534204556,0.43851365725046804,43.0,0.23255813953488372,70.55680971405465,115.34862768853974,102.71960552986188,-0.559817974018252,-0.0326126683619579,-0.20004813288237905,0.12707108837648592,-0.4373334214143043,2.507194534204556,0.4888000948396663,0.98,0.74,50.0
8,-1,2190.0,True,True,71.37546468401487,142.1398833855707,128.7355431632205,,,,2.4981296747918322,0.19047750538535163,56.0,0.14285714285714285,71.75570284573638,128.7383115492717,81.97811844269452,-0.5785428204696921,-0.03945509070447777,-0.17331297572774582,0.0938686153283971,-0.4373334214143043,2.4981296747918322,0.19047750538535163,0.9830508474576272,0.7627118644067796,59.0
8,-1,2220.0,True,True,71.77570093457943,141.79103139586203,149.1522365840697,,,,2.686682422671291,0.2531014436769372,56.0,0.16071428571428573,74.36960504946802,148.52603222645848,92.3883857662375,-0.5472193598563847,-0.03957214327076805,-0.1776693956331257,0.07959541461348879,-0.3816045799313172,2.686682422671291,0.24527788100915981,0.9642857142857143,0.7142857142857143,56.0
8,-1,2250.0,True,True,72.34363225320271,140.2570417498411,172.39504657423697,,,,2.87408712113267,0.5326606183174217,38.0,0.2631578947368421,81.28167277919763,180.1646850350357,126.1020443250771,-0.5468879163123779,0.011827033076811534,-0.2244052950266323,0.09945724250481829,-0.44661595844054824,2.87408712113267,0.49551478969322316,0.9387755102040817,0.6938775510204082,49.0
8,-1,2280.0,True,True,63.702720637027205,186.60376079186258,171.34150155829147,,,,3.0160985341960034,0.5383023239610465,40.0,0.3,69.2615923471244,207.61279420038932,79.79541565711503,-0.663965505855476,0.054580064561110225,-0.1796639274222196,0.07395371332491808,-0.6296551845134863,3.0160985341960034,0.5047454532583151,0.9791666666666666,0.625,48.0
8,-1,2310.0,True,True,62.30943396226416,175.62280411288842,156.3232250294042,,,,2.4144074093188452,0.40728624652436995,51.0,0.2549019607843137,63.518517255946925,127.66414425077741,85.57112922870579,-0.6675187585745823,0.07811820140272949,-0.08945387686014072,0.05209652260423542,-0.671376504911354,2.4144074093188452,0.36916514225438213,1.0,0.7090909090909091,55.0
8,-1,2340.0,True,True,64.45756916381723,165.73793130168204,129.90291561438892,,,,2.493234006813522,0.23013122716831727,60.0,0.21666666666666667,65.88383329278365,148.6902092678052,88.29604131069662,-0.6572896194106689,0.06198442674728,-0.11578723114009819,0.04020107415169957,-0.622199715947498,2.493234006813522,0.21190536910490487,1.0,0.7,60.0
8,-1,2370.0,True,True,65.91299200947024,162.78968845974808,133.64544952589023,,,,2.4659861935774554,0.23269137980540544,62.0,0.16129032258064516,66.08451669690216,137.38693408231984,92.2524240194352,-0.6593771394303547,0.047440218290285274,-0.08710627086224289,0.03641065726601374,-0.6214464038897028,2.4659861935774554,0.23269137980540544,0.9841269841269841,0.746031746031746,63.0
8,-1,2400.0,True,True,65.58303886925795,151.49487022595582,133.29208198283266,,,,2.5075277333500643,0.22661923061660433,62.0,0.1935483870967742,64.73476293635798,116.05692151944979,95.88133059420052,-0.6740298586064503,0.06325370494291312,-0.07851406435074526,0.03473508011237743,-0.654562438786018,2.5075277333500643,0.24715061787906048,1.0,0.8253968253968254,63.0
8,-1,2430.0,True,True,67.29100833093938,143.7123153859099,119.13717198065858,,,,2.5131783526511375,0.2148101668723708,64.0,0.28125,66.49335142270232,122.35236561002196,95.9118100730273,-0.6999687203616232,0.07650431926635884,-0.09594166879856092,0.04877181526991017,-0.7009197655992466,2.5131783526511375,0.23693620909977156,1.0,0.6818181818181818,66.0
8,-1,2460.0,True,True,67.14404662781016,135.16672772111525,102.01776522398583,,,,2.411936429458005,0.2279951571597595,65.0,0.35384615384615387,67.81329870627532,120.22471967091471,91.5700228420445,-0.6853100039788061,0.09492058834421213,-0.09919823514367214,0.03844583789410691,-0.6756063510444865,2.411936429458005,0.2279951571597595,0.9848484848484849,0.6212121212121212,66.0
8,-1,2490.0,True,True,67.1944922547332,154.6489868294995,115.7970393702839,,,,2.4683740389654467,0.2613439340851295,64.0,0.3125,67.16688771881125,127.14136800671719,83.84404736638977,-0.6862234212707725,0.11468433354441758,-0.0789823031544738,0.03816162361588362,-0.7388787254203929,2.4683740389654467,0.2613439340851295,1.0,0.6307692307692307,65.0
8,-1,2520.0,True,True,68.06499261447563,160.69657244636517,141.96326722147558,,,,2.5683950556395025,0.31445251746477504,64.0,0.296875,68.95463729191599,141.02370517867735,87.97830846456893,-0.6997843226011237,0.12679838635475774,-0.06750644278002595,0.03816162361588362,-0.7668101272625746,2.5683950556395025,0.31445251746477504,0.9848484848484849,0.6212121212121212,66.0
8,-1,2550.0,True,True,69.45736434108528,162.02601690941472,134.34644630182285,,,,2.58812040474617,0.2865399086566239,66.0,0.3333333333333333,70.77486945423843,140.80037673829992,83.03424087005851,-0.6984173518923931,0.1317669466408784,-0.07918942277843755,0.026658469012324104,-0.7474266822311204,2.58812040474617,0.2608024668331212,0.9850746268656716,0.6119402985074627,67.0
8,-1,2580.0,True,True,69.79835274069866,158.96676306938406,118.96045524576938,,,,2.464463065408077,0.28529447653556145,66.0,0.3484848484848485,69.86628810120654,137.92135116130052,80.59980621146089,-0.6980703942820672,0.13799723697505495,-0.09581057664360366,0.026658469012324104,-0.7191575996323197,2.464463065408077,0.28529447653556145,0.9848484848484849,0.5909090909090909,66.0
8,-1,2610.0,True,True,69.0805254140491,129.20214148525295,102.88315890170374,,,,2.4067761530575007,0.2994977195980174,65.0,0.38461538461538464,70.34668267700741,133.02272647559613,57.97591147574539,-0.6988048755212126,0.12908116484814877,-0.10885241049369977,0.03990073711677099,-0.721470500994115,2.4067761530575007,0.2715817942256932,0.984375,0.546875,64.0
8,-1,2640.0,True,True,69.14899796688934,147.1129084995734,105.99447345978872,,,,2.4791222155598858,0.31315782648985435,65.0,0.35384615384615387,69.77267527278624,138.24879980312758,73.00618645356515,-0.697213657406423,0.11439729587347869,-0.09788463137798561,0.03996754615977743,-0.721470500994115,2.4791222155598858,0.2880882306759839,0.9848484848484849,0.5606060606060606,66.0
8,-1,2670.0,True,True,68.23693379790942,183.6074710663282,120.51239429820976,,,,2.4732828670179594,0.26902415190880763,57.0,0.3508771929824561,69.66573631980336,152.7993799706436,81.86797134385552,-0.6970579154162229,0.12574709606701806,-0.09027747883733128,0.02704888738356513,-0.7045726685470564,2.4732828670179594,0.24728082066811427,0.9830508474576272,0.6101694915254238,59.0
8,-1,2700.0,False,True,,,,,,,,,,,74.62716136043763,171.28636362598843,102.83699235593235,-0.6958226847458668,0.12260426153279744,-0.1208223601782163,-0.004326665761069891,-0.705331962577629,3.081717193150272,0.5513483906893787,0.9795918367346939,0.5510204081632653,49.0
8,-1,2730.0,True,True,71.52740819584886,166.90557544146145,143.46468613731486,,,,2.906000308752341,0.38788768026315856,43.0,0.13953488372093023,75.41995468724141,127.36764247017754,78.4266424209882,-0.584789409405694,0.044444103599743975,-0.09697064321710602,-0.012257555554231926,-0.5017060609898079,2.906000308752341,0.37440834321326694,0.9821428571428571,0.6428571428571429,56.0
8,-1,2760.0,True,True,72.86015460295151,124.69115847463698,153.05843717422897,,,,2.520404446581659,0.2186746463211546,58.0,0.06896551724137931,72.89586535611501,80.1474510862511,65.37581166034744,-0.578045885790831,0.05415859523130982,-0.0998746992481456,-0.01793636857537556,-0.5398200470799145,2.520404446581659,0.2186746463211546,1.0,0.7258064516129032,62.0
8,-1,2790.0,True,True,71.40864714086472,139.10267084012358,166.14195561044326,,,,3.1085377479088656,0.1430374019778614,48.0,0.125,74.22837257632378,114.0773980857239,58.11709253544457,-0.6009628426508821,0.07621779044821789,-0.2046367319586611,-0.022334391943408232,-0.58324558069789,3.1085377479088656,0.146185409391329,0.9814814814814815,0.6296296296296297,54.0
8,-1,2850.0,True,False,81.1764705882353,125.92297586144622,150.27643798180736,,,,3.0036353486381784,0.2120468481423115,39.0,0.28205128205128205,,,,,,,,,,,,,
8,-1,2880.0,False,True,,,,,,,,,,,82.76704075589397,55.74152835871401,29.96401244783539,-0.6863383342394496,0.16570663718043627,-0.227711041136208,-0.02299280093339335,-0.6376158983216305,2.6493215508951087,0.154673615008958,0.9814814814814815,0.6666666666666666,54.0
8,-1,2910.0,False,True,,,,,,,,,,,86.0944990341094,85.32445584971943,26.47512696556421,-0.708909549701427,0.11800269109532566,-0.2500835666910076,-0.01907042904232667,-0.6244609799074887,2.5198695493146794,0.2603694699643429,1.0,0.5882352941176471,51.0
8,-1,3030.0,True,True,79.21076233183857,111.40181250097514,127.13028504254994,,,,2.1808547313542768,0.37435778150498034,54.0,0.07407407407407407,81.58092929152606,102.12446581962743,43.76116460884562,-0.5445460624440583,0.004565581099046736,-0.2976844113477556,0.00744666417940411,-0.15868985358300547,2.1808547313542768,0.35350906427971907,0.967741935483871,0.6935483870967742,62.0
8,-1,3060.0,True,True,74.9075975359343,107.6838496599932,141.49039278339714,,,,2.061534164469393,0.13319807664383274,48.0,0.125,78.9225381060004,99.71657519158663,43.19172260248536,-0.5494207223993899,0.014062104334142211,-0.30582709413307524,0.06309100296417272,-0.20613305151902056,2.061534164469393,0.11341931974067544,0.9629629629629629,0.7407407407407407,54.0
8,-1,3090.0,True,True,77.10236220472441,114.77813209772643,148.15513995196403,,,,1.9615172773362681,0.15328302695843,58.0,0.15517241379310345,80.70231374866503,93.16614647681757,71.98561106753728,-0.5401724621049211,0.04420754514748533,-0.29585247300777806,0.05499042504054812,-0.30811179100734076,1.9615172773362681,0.11181393551418489,0.9655172413793104,0.7413793103448276,58.0
8,-1,3120.0,True,True,79.71119133574007,111.94744491247145,122.38768485600077,,,,2.7508865869600494,0.15053962878104787,33.0,0.12121212121212122,80.5838786336966,83.74611112486198,62.944117552212006,-0.534367438417352,0.012101148487897269,-0.23394322932075307,0.019542457019785114,-0.3651547385838055,2.7508865869600494,0.15053962878104787,0.9672131147540983,0.7213114754098361,61.0
8,-1,3150.0,True,True,79.66804979253112,145.9077191241094,113.33362055723408,,,,2.9328611545924,0.1566284442407999,44.0,0.06818181818181818,84.16212674036953,123.59027730789401,61.09581916208201,-0.5252504358558697,0.008876856567014839,-0.21921763520620516,-0.028522373765587753,-0.23400423845785379,2.9328611545924,0.16134991094593507,0.9848484848484849,0.5909090909090909,66.0
8,-1,3180.0,False,True,,,,,,,,,,,81.76896699266842,152.60817127535066,86.14654871017022,-0.4903550814690597,0.011833031970581123,-0.2193981306255315,-0.04680952544174584,-0.20323644428296467,3.260358955705408,0.1729814336476994,0.98,0.58,50.0
8,-1,3990.0,True,True,75.63636363636364,184.5765684353911,152.19933294377282,,,,2.997773487873741,0.2750581804029829,38.0,0.07894736842105263,80.29178004233414,186.09380373508975,89.67455991101374,-0.5901393208119887,-0.004871857190742472,-0.23375346778267841,,,2.997773487873741,0.2257304039675196,0.96,0.48,50.0
8,-1,4020.0,True,True,73.84615384615385,141.8852671578636,152.69390848196926,,,,2.3182404076380245,0.1320029330546252,57.0,0.07017543859649122,77.47167319921255,120.93434874934587,71.12099241044268,-0.4314357568513364,-0.03824449232210775,-0.19431132750707758,0.011384446875511996,-0.1658199008776855,2.3182404076380245,0.12301700451274906,0.9672131147540983,0.5573770491803278,61.0
8,-1,4050.0,True,True,79.13446676970634,145.02929823229925,159.66529539138853,,,,2.756042197848462,0.17478188489405388,50.0,0.1,78.27907649130834,138.77797387938566,61.018163605670054,-0.4381442559459486,-0.013649732272454121,-0.2497252668653397,0.019800906446932286,-0.19932715295521206,2.756042197848462,0.17478188489405388,0.9464285714285714,0.5178571428571429,56.0
8,-1,4170.0,True,True,77.13865752082313,129.86209045795374,134.12722432335465,,,,2.500716943175242,0.1715726475532183,53.0,0.1320754716981132,79.41454744278988,90.65635526313834,36.141861915027086,-0.4851105230113858,0.009213474318391394,-0.1954868759212447,-0.03060203615234236,-0.25872558254456945,2.500716943175242,0.15575667946037147,1.0,0.6470588235294118,51.0
8,-1,4200.0,True,True,77.54674644727001,140.2485861244251,146.79449081247816,,,,3.279704635798398,0.3867507268636086,34.0,0.14705882352941177,79.83835288082992,81.58656542074498,39.30116696789216,-0.4717392718779215,0.01603019208688213,-0.21344544959243061,-0.021518443459799957,-0.27438828743098254,3.279704635798398,0.3001583421085082,1.0,0.627906976744186,43.0
8,-1,4260.0,True,True,63.59473940574769,151.19741378426093,176.465681419221,,,,2.1588785757477624,0.21440436759118783,45.0,0.15555555555555556,67.9778771643508,163.38268101077716,58.768310595086795,-0.48464115274525466,-0.08469365391929704,-0.2291279611272042,0.06084060602138029,-0.18058657126368746,2.1588785757477624,0.17651242457357705,0.9795918367346939,0.7755102040816326,49.0
8,-1,4290.0,True,True,64.60567823343848,116.52210249496477,132.8635522794177,,,,2.0393030643923815,0.2193009509238608,53.0,0.1509433962264151,65.35819195528961,84.04249301363845,68.18935199642421,-0.4685536868102053,-0.0660143493238114,-0.2180773006595137,0.07350781080706988,-0.270509813574231,2.0393030643923815,0.2193009509238608,0.9629629629629629,0.8333333333333334,54.0
8,-1,4320.0,True,True,66.01362309438858,111.27875503896732,145.98755711493484,,,,1.7652569302476042,0.16495382101036316,58.0,0.1724137931034483,67.09706677902344,117.69214961024217,58.86900989920446,-0.5277974260600928,-0.024366576666891144,-0.1778739688232473,0.04531701497633455,-0.3785513229300091,1.7652569302476042,0.1454242656493349,0.9807692307692307,0.8846153846153846,52.0
8,-1,4350.0,True,True,67.14501055170334,125.56263510166399,157.85026120737115,,,,1.6253702076665566,0.13524059753131987,62.0,0.12903225806451613,68.98997462087917,141.75447956816038,75.60610622460939,-0.5254885630948183,-0.029462910785682344,-0.16887032485382628,0.03789513312725294,-0.376894662813815,1.6253702076665566,0.14140302497711174,0.9827586206896551,0.7931034482758621,58.0
8,-1,4380.0,True,True,65.23955147808358,133.40709488464705,155.83930400215152,,,,1.9585361334322322,0.1425900982214234,56.0,0.08928571428571429,67.09394661300301,140.52025926634084,76.72031640255395,-0.5482393301555919,-0.03373926675670888,-0.17606829188163448,0.04670730978092533,-0.36684964169324785,1.9585361334322322,0.11529991151420205,0.9836065573770492,0.7704918032786885,61.0
8,-1,4410.0,True,True,66.1498708010336,132.48569331929718,171.0206036564016,,,,2.331863553849348,0.11796157393412993,49.0,0.04081632653061224,64.8057410794673,96.77820121747398,83.20322276379194,-0.49454231713155955,-0.059881710421862966,-0.2187467068125018,0.03178420093110673,-0.1614124458073305,2.331863553849348,0.1310098576032426,0.9649122807017544,0.8245614035087719,57.0
8,-1,4440.0,True,True,67.6808905380334,111.24037989636636,158.31962659969443,,,,2.4963939819322256,0.21392175636319943,48.0,0.041666666666666664,68.16146296264807,100.8428993443915,71.11732605243728,-0.4002453302746887,-0.08636868092417194,-0.22512973565652541,0.0691119003341309,-0.07039822972043215,2.4963939819322256,0.2390991166012441,0.9423076923076923,0.8076923076923077,52.0
8,-1,4470.0,True,True,67.9646017699115,163.04424656910072,145.0151221542398,,,,2.5000034571320193,0.2782676730615543,48.0,0.16666666666666666,71.38592644641908,130.7254568116544,75.95218149009538,-0.5503737768689888,-0.026098285722563744,-0.2079033876235864,0.10180785724673863,-0.3063817765228223,2.5000034571320193,0.2652553378166758,0.9423076923076923,0.6730769230769231,52.0
8,-1,4500.0,True,True,70.36649214659687,186.68442414607063,156.38015412502529,,,,2.202688031736023,0.24320569500907657,57.0,0.24561403508771928,74.57619509169695,129.79393660854478,88.4454645291208,-0.5822208450752228,0.06327952888991907,-0.19241382697754333,0.08023384931078345,-0.47970637255716514,2.202688031736023,0.22044394000369888,0.9508196721311475,0.7049180327868853,61.0
8,-1,4530.0,True,True,71.27320091175513,146.75592911184185,135.26898154573743,,,,1.9540113709402138,0.17755325442984124,62.0,0.1774193548387097,73.07616743080868,109.51306880500577,79.62832792218258,-0.5525748651901442,-0.0026368082107777143,-0.1836259558768195,0.07239958143540726,-0.4281638722367145,1.9540113709402138,0.18738646970560327,0.9833333333333333,0.7166666666666667,60.0
8,-1,4560.0,True,True,70.68195534097767,126.1896937067929,168.2042625461057,,,,1.8875959439483356,0.15695659047913996,65.0,0.07692307692307693,71.25729587238479,80.27879943342734,62.73094523136982,-0.49341890727699533,-0.031049955276832665,-0.17614401209809505,0.05683064781694975,-0.2806838665662933,1.8875959439483356,0.15695659047913996,1.0,0.71875,64.0
8,-1,4590.0,True,True,68.57142857142857,130.76336109084068,171.05704788262642,,,,2.196520890900979,0.5638206619618251,58.0,0.06896551724137931,69.23491862140949,52.90503985674898,48.941999349093365,-0.5042356450015641,0.01688879538425999,-0.16413951646946076,0.04210315353055034,-0.337523248571266,2.196520890900979,0.5638206619618251,1.0,0.7966101694915254,59.0
8,-1,4620.0,True,True,66.62662662662663,129.10793032294973,128.9351513584017,,,,2.2772246586045943,0.44743349971112245,57.0,0.10526315789473684,67.37929814916127,71.63141177596958,47.35912353622544,-0.5743041885191226,0.0595605879632711,-0.06542906715144511,0.049279239019933856,-0.6435009682092705,2.2772246586045943,0.44743349971112245,1.0,0.7017543859649122,57.0
8,-1,4650.0,True,True,67.75119617224881,133.92317904036702,127.81657491466694,,,,2.1030975841292365,0.16201960637381604,64.0,0.109375,68.25559966989357,94.15009456500971,60.00557072663286,-0.5750246272238251,0.08302311001316284,-0.15195814030264249,0.02585146363650482,-0.6007511396931366,2.1030975841292365,0.16968644076742284,1.0,0.5396825396825397,63.0
8,-1,4680.0,True,True,69.0100517819068,135.46454311843087,129.2608758419867,,,,1.8754644343491937,0.15528333650650947,63.0,0.14285714285714285,70.0958014720047,83.09490119946145,61.25979775498411,-0.6110346202455783,0.06245066840031384,-0.09706445285105124,0.01971000496772479,-0.6024260797909037,1.8754644343491937,0.1409006382584293,1.0,0.6666666666666666,63.0
8,-1,4710.0,True,True,70.4895104895105,123.95153607330116,110.58768857077142,,,,1.6844622300921992,0.19241813247091036,66.0,0.13636363636363635,70.88719629453846,104.28148750506072,54.483342213708326,-0.591324110364799,0.06551148383878612,-0.1344347250234928,0.055713392983049934,-0.5893193969889747,1.6844622300921992,0.17223936548808771,0.9850746268656716,0.6119402985074627,67.0
8,-1,4740.0,True,True,70.1827676240209,135.00848694307697,111.7991171064616,,,,1.6174499592178084,0.20209691706759447,66.0,0.13636363636363635,70.15700147413952,72.39074615646813,49.45181618287804,-0.5941097422888525,0.08178750466690035,-0.1582456670946527,0.07011347982951538,-0.6434425828569428,1.6174499592178084,0.20209691706759447,1.0,0.582089552238806,67.0
8,-1,4770.0,True,True,70.88549177963657,115.1081961526701,127.71181236496435,,,,1.6482472975959417,0.1786171571876619,66.0,0.12121212121212122,71.861330038267,81.8124453040094,43.613031528400946,-0.5831133660911438,0.07187524746623655,-0.13849039806830077,0.05855413336745646,-0.5850908291965634,1.6482472975959417,0.1786171571876619,0.9850746268656716,0.5522388059701493,67.0
8,-1,4800.0,True,True,72.45283018867924,121.40836146812542,128.48214762999328,,,,2.7406021358722916,0.7187440771484792,41.0,0.12195121951219512,74.70502627799723,116.3111895821139,45.36221772694272,-0.5755813150078413,0.0996007434757613,-0.17576288646656757,,,2.7406021358722916,0.6162145743507326,0.9791666666666666,0.4791666666666667,48.0
8,-1,4860.0,True,False,68.89036544850498,170.20564929518144,145.05816115333707,,,,3.206835592200738,0.6882025613475883,42.0,0.16666666666666666,,,,,,,,,,,,,
8,-1,4890.0,True,True,67.64894298526586,140.07620656193237,134.36591539058557,,,,2.7292786437299985,0.20007280462084936,61.0,0.08196721311475409,67.79999291705994,89.9192804421448,75.16781799029543,-0.5582783583286751,0.012374930146018818,-0.1038137407275958,-0.026657338756899674,-0.4227604540196678,2.7292786437299985,0.20007280462084936,0.9629629629629629,0.7777777777777778,54.0
8,-1,4920.0,True,True,66.6919945725916,175.0319886327521,142.42196785286788,,,,2.178575898066206,0.15463956244088778,65.0,0.03076923076923077,67.33255390903804,123.39874366864227,85.23542572606145,-0.5569159234862988,0.02638098707129074,-0.11897107897923818,-0.020752934272536286,-0.4425074349605273,2.178575898066206,0.15463956244088778,0.9846153846153847,0.8153846153846154,65.0
8,-1,4950.0,True,True,67.1215111361714,184.6421787920801,145.1680917349076,,,,2.1393132623342797,0.22093136723045634,64.0,0.078125,68.01569286261581,142.40723033402392,86.98496314843348,-0.5740793151074266,0.06822028915125057,-0.12926747659873275,-0.01008013738291973,-0.5094023589393708,2.1393132623342797,0.22093136723045634,0.9846153846153847,0.7384615384615385,65.0
8,-1,4980.0,True,True,70.63357664233577,180.98783501155822,146.5569843193349,,,,2.137686830447117,0.2134853904766908,67.0,0.22388059701492538,70.90207728291219,138.00617050863693,80.7073911211866,-0.6090140915320348,0.1068415496719802,-0.14012606436370176,-0.015643279522491612,-0.5353364246706235,2.137686830447117,0.2134853904766908,1.0,0.6716417910447762,67.0
8,-1,5010.0,True,True,72.02813599062134,168.14529643081175,152.4420237396888,,,,2.019302511889737,0.21309853188617625,67.0,0.26865671641791045,72.66159569466211,146.9900055230297,84.40539616206807,-0.6252909386357081,0.10961651605067349,-0.1277713435814844,-0.02481951837907849,-0.5449184384659802,2.019302511889737,0.23142646850356458,0.9857142857142858,0.7142857142857143,70.0
8,-1,5040.0,True,True,72.472647702407,144.39127148466056,129.3959874670797,,,,1.9425882376647816,0.21040135589842465,70.0,0.15714285714285714,72.16613237221001,106.55551717248211,63.750625326288876,-0.5945923107067098,0.08654963006596757,-0.1246534546190441,-0.029607735346196064,-0.5154893532660545,1.9425882376647816,0.21040135589842465,1.0,0.75,72.0
8,-1,5070.0,True,True,72.05811138014528,139.1914377605489,109.3531140568094,,,,2.0536234634427126,0.153906186831476,67.0,0.05970149253731343,72.64291271825842,86.72883585900011,64.16643734672076,-0.5699282305304283,0.07525327349086368,-0.1249579141748542,-0.029607735346196064,-0.4749170412627999,2.0536234634427126,0.16493424055136727,0.9850746268656716,0.746268656716418,67.0
8,-1,5100.0,True,True,71.61414790996784,161.8732532834073,144.92034578355037,,,,2.062924908548699,0.18131733881401196,65.0,0.23076923076923078,72.72557522758181,92.43110373183741,63.62414697839673,-0.5952445601833456,0.11592730166934148,-0.13099759687490836,-0.02650782779272696,-0.5479874148684506,2.062924908548699,0.19617630264455685,0.9848484848484849,0.6212121212121212,66.0
8,-1,5130.0,True,True,73.45497351383166,145.83208132475383,133.0930451997983,,,,1.9922345004608066,0.24409439253124132,69.0,0.2898550724637681,75.05141953475363,104.07370092645031,60.11287559073744,-0.6388916618830621,0.12454231232749119,-0.12226599908010963,-0.03242265915413177,-0.6357875664665182,1.9922345004608066,0.19989274358503611,1.0,0.5362318840579711,69.0
8,-1,5160.0,True,True,75.96330275229359,151.85775686305908,125.92431692786744,,,,2.067863041285783,0.3025700506273726,72.0,0.20833333333333334,76.27460703001734,124.61314335343721,55.6557563493813,-0.6405732757665263,0.12774044754453595,-0.10592420636824072,,,2.067863041285783,0.3025700506273726,1.0,0.4931506849315068,73.0
8,-1,5190.0,True,True,76.19899385131359,156.92885728088672,114.29607353644069,,,,2.107762989197087,0.316497565080714,73.0,0.2054794520547945,76.27778546116215,123.34185027555596,51.004626870864485,-0.6566947062161617,0.13650229472657255,-0.11404143922832904,-0.02298720365757876,-0.6785116719746223,2.107762989197087,0.316497565080714,1.0,0.5333333333333333,75.0
8,-1,5220.0,True,True,75.54447215295096,146.9316455046503,139.1756764269472,,,,2.0798432859914016,0.20880118557919367,72.0,0.20833333333333334,76.5834094228291,100.85063271033128,55.30782658649699,-0.6567857646985077,0.13501387840521734,-0.11401740970824814,-0.02654710806279952,-0.6641899525174311,2.0798432859914016,0.22221355375387453,1.0,0.5616438356164384,73.0
8,-1,5250.0,True,True,73.4765969973506,157.133171095519,136.49105352479222,,,,2.0534630717782876,0.2627405501527432,68.0,0.27941176470588236,76.06491834327484,109.91711817259812,70.66921622306656,-0.6621719541454676,0.13155641374460014,-0.10389063751035674,-0.020798196417648608,-0.7094673520672453,2.0534630717782876,0.21090654040995785,0.9859154929577465,0.5211267605633803,71.0
8,-1,5280.0,True,True,75.85185185185185,159.72449032786673,108.61632032214395,,,,2.818165218127368,0.23383149130681005,50.0,0.34,77.0928380218265,152.35461084020616,76.95826221867743,-0.66774655956196,0.1455775666428316,-0.15510447607631042,-0.01689080236360663,-0.683813842740336,2.818165218127368,0.26758992496565304,1.0,0.5333333333333333,60.0
8,-1,5310.0,True,True,77.41935483870968,197.2415512154122,154.63575874274503,,,,2.9522049834083686,0.2533753141227364,44.0,0.20454545454545456,81.32267862197456,125.90554871774603,89.6670140585907,-0.6834419450320991,0.1017325833442679,-0.24562402867337088,0.001281804767104736,-0.6018389187114045,2.9522049834083686,0.2094391917403869,0.9649122807017544,0.5263157894736842,57.0
8,-1,5340.0,True,True,76.50145772594752,145.9169013247801,143.02902029501467,,,,2.751632031977794,0.2638036822407622,52.0,0.19230769230769232,79.52618245405213,104.63191710653282,62.74216896430221,-0.597156219302901,0.10199153823453593,-0.17652697634719505,,,2.751632031977794,0.20316991957249347,0.9411764705882353,0.47058823529411764,51.0
8,-1,5370.0,True,True,78.40637450199203,169.17220782205993,175.27789715146264,,,,2.945300018026753,0.22267708755811533,50.0,0.22,77.62313217554188,61.391092362574454,35.32859934349264,-0.5899478260304621,0.13338638882302573,-0.17889382462170392,-0.024110856494355768,-0.5787061192510857,2.945300018026753,0.25030251217355937,0.9807692307692307,0.5192307692307693,52.0
8,-1,5400.0,True,True,80.04168837936426,194.11048389495272,174.6179263446135,,,,3.057866205271061,0.2777019267649061,50.0,0.26,80.58126496161147,99.86698275522438,50.19706879676826,-0.6247978703010184,0.12695033014365678,-0.18391417752302322,,,3.057866205271061,0.2777019267649061,0.9803921568627451,0.43137254901960786,51.0
9,-1,0.0,True,True,92.7917737789203,106.35151358072527,58.25933532438406,0.38649271851696515,0.7225080992040197,1.2834703533315581,2.1830511804863026,0.5290131588505088,53.0,0.6226415094339622,93.38422645656424,45.272985387729165,22.40716078639737,-0.8255412566723785,0.39304594902241397,-0.20741949259249104,,,2.1830511804863026,0.49034530689155453,1.0,0.12857142857142856,70.0
9,-1,30.0,False,True,,,,,,,,,,,99.16203025289347,144.39296152366393,78.30368755249769,-0.8558962824747386,0.25694082221948183,-0.3264135801295208,,,2.6973162182114176,0.3510795028395016,0.9591836734693877,0.1836734693877551,49.0
9,-1,90.0,True,True,73.9986235375086,129.43096320156315,119.69963629722315,0.2887277269115526,0.8236283414652387,1.1348902671422998,2.507922473022934,0.22926795816191037,42.0,0.5714285714285714,77.98201792851052,148.627191878443,92.43860054831171,-0.7134419180617655,0.2945693746471203,-0.22918077120022573,,,2.507922473022934,0.22113476234025972,1.0,0.2692307692307692,52.0
9,-1,120.0,True,True,76.20727673649394,80.21477808380817,75.69125885243729,0.28125454712733994,0.825538453501387,1.210140593533187,2.311145991839714,0.20488367194298973,63.0,0.7777777777777778,76.94576768260927,106.28578859424987,46.598684408023246,-0.7367399779268049,0.3179050931206794,-0.201697963803118,,,2.311145991839714,0.22457211305557176,0.9846153846153847,0.2,65.0
9,-1,150.0,True,True,75.47272111148763,88.82714488896015,63.82422376615209,0.2428403879107596,0.8468865455141155,1.2040968729402466,2.194277840757363,0.22321411069118607,64.0,0.875,75.23562519693121,81.43955428394175,53.46153985658183,-0.7197014028575618,0.3068887015163748,-0.19471169980539166,,,2.194277840757363,0.22321411069118607,0.9852941176470589,0.1323529411764706,68.0
9,-1,180.0,True,True,74.97625329815303,97.30911463143036,73.80642042066869,0.25748305674060834,0.8348547960812144,1.2091973772012348,2.2778066925586833,0.3087026408868331,51.0,0.7647058823529411,75.61738820434661,117.09529921847161,71.39059551640099,-0.7485984317127716,0.3237735519682208,-0.20296450118734535,,,2.2778066925586833,0.3087026408868331,0.9655172413793104,0.15517241379310345,58.0
9,-1,210.0,True,True,74.25870219166309,137.21489611061352,108.25317547305482,0.2614060766864909,0.8374935474672428,1.1728375041228385,2.0878771673851846,0.4166171907833611,57.0,0.7368421052631579,77.20964555021095,122.1455278457153,58.86365440648011,-0.7504794733531047,0.3502923843941819,-0.18709407322248933,,,2.0878771673851846,0.4232678044761113,0.9827586206896551,0.25862068965517243,58.0
9,-1,240.0,True,True,74.31542461005199,117.22341809722043,97.28575553063597,0.23544374656035097,0.8539567141745386,1.183740767096287,1.9034555693721014,0.38552991118512664,70.0,0.8714285714285714,75.31011760561314,74.14983116396704,42.95107808930595,-0.7110658288029126,0.3383796411667857,-0.18237433441301332,,,1.9034555693721014,0.3527436312088581,1.0,0.3484848484848485,66.0
9,-1,270.0,True,True,74.9512036434613,100.70291663494812,73.16650919773211,0.23063388116040992,0.8511917251438508,1.1676270275064369,2.1595092538980345,0.19635228276641925,66.0,0.8484848484848485,76.92152697540672,52.956171661159416,33.67566999028286,-0.7044736273853538,0.30901580549997576,-0.19151709404536427,,,2.1595092538980345,0.21470990565082887,1.0,0.28125,64.0
9,-1,300.0,True,True,76.20362381363243,167.72056958691854,108.70329456828803,0.270373224446927,0.7968509775245667,1.1910187184256713,2.41947323108431,0.25422059509770595,55.0,0.6181818181818182,81.28590256671804,90.34492544394466,35.48199802386765,-0.7005901538368131,0.26153997167454096,-0.16839980870015142,,,2.41947323108431,0.26059614365891126,1.0,0.27586206896551724,58.0
9,-1,330.0,True,True,76.87321258341278,147.10074362381926,99.9378357916924,0.26556429403551907,0.8267914749923956,1.1943456783533708,2.2161680146493627,0.4634100455240997,50.0,0.62,80.07146014640229,90.753258989191,35.564949798742234,-0.751483521718469,0.29780749211773416,-0.22359686825895855,,,2.2161680146493627,0.37493238801321693,1.0,0.25,56.0
9,-1,360.0,True,True,73.81936887921654,72.80508213427892,76.94420157653207,0.23264497106216514,0.8724669290850477,1.1539974897522365,1.9053643077777611,0.3300676883018631,59.0,0.8305084745762712,73.92516800636841,36.84651035551559,31.169155048407095,-0.751483521718469,0.31271992819919164,-0.2567515491685054,,,1.9053643077777611,0.3300676883018631,1.0,0.16129032258064516,62.0
9,-1,390.0,True,True,74.48275862068965,122.06040837346882,92.67853623976511,0.24041120435871893,0.8699478309514057,1.1149853605400557,2.2504307998509674,0.32521376982097705,56.0,0.6785714285714286,74.93244696297806,82.01442643012588,55.65335525186138,-0.7465121399822007,0.3326332588899566,-0.2556955153424847,,,2.2504307998509674,0.29306596452620476,1.0,0.22033898305084745,59.0
9,-1,420.0,True,True,73.47214406302757,158.9868650700972,146.93197982886016,0.2729810062644005,0.8564096375520308,1.0720091150374846,2.4522167122110314,0.2846045238426324,47.0,0.5531914893617021,74.70989864329484,95.46860559413189,83.23344144405229,-0.7146377315466805,0.3321233328872404,-0.19156325066840524,,,2.4522167122110314,0.2559942983831023,1.0,0.3269230769230769,52.0
9,-1,450.0,True,True,80.45714285714286,123.6924543738521,112.93581409836565,,,,2.358049523636137,0.23981049857079403,57.0,0.47368421052631576,78.56008394246516,96.7151120599447,60.428026489390945,-0.7103828588826013,0.27721888987577764,-0.19151235628705238,,,2.358049523636137,0.27684406730656036,0.9824561403508771,0.2631578947368421,57.0
9,-1,480.0,True,True,79.60646521433591,78.68008531035518,53.44141343388403,0.23689652476005735,0.833511443048928,1.2250248567228463,1.9604496769559117,0.4973495485851816,65.0,0.5230769230769231,80.48951461206656,91.01370741014946,71.46902799393679,-0.7009027784652163,0.24489607546448966,-0.15600026547740578,,,1.9604496769559117,0.4973495485851816,0.9850746268656716,0.2537313432835821,67.0
9,-1,510.0,True,True,75.10204081632654,40.983381363108194,30.362874552970162,0.20270243705906313,0.8820698501344517,1.1102792475331664,1.592585699760309,0.40502077999178576,71.0,0.8450704225352113,75.28573473906816,55.76411833694549,28.914424171363223,-0.7028558278111214,0.3031130590713796,-0.19227827995332375,,,1.592585699760309,0.40502077999178576,0.9861111111111112,0.19444444444444445,72.0
9,-1,540.0,True,True,74.88903833221252,88.9098271799988,82.21361453160816,0.1933068974242133,0.9084862056310784,1.0585129852831687,2.261923234045875,0.48116233126440294,62.0,0.8548387096774194,74.5633664575916,63.77713390539387,25.95009136652602,-0.7088603407731741,0.3218152448558387,-0.1972819261488458,,,2.261923234045875,0.48116233126440294,1.0,0.2537313432835821,67.0
9,-1,570.0,True,True,74.26415094339622,155.86843654888926,152.4420237396888,,,,2.778943565093821,0.24456823593645619,51.0,0.45098039215686275,75.69508916373603,108.53882281107131,27.57034669849106,-0.7051929920893768,0.3242140026362339,-0.18558439223225143,,,2.778943565093821,0.21191284051630577,0.9629629629629629,0.46296296296296297,54.0
9,-1,600.0,True,True,74.21209117938552,153.45853296381472,132.41501348206157,0.30978002531066134,0.7890430006809769,1.0768109302002922,2.747440640397211,0.1933041206330197,48.0,0.5,79.8573930847449,103.57147142543444,57.88232342051407,-0.7153720079040929,0.3557222186556561,-0.25166327340913686,,,2.747440640397211,0.14241685392800457,0.9444444444444444,0.3148148148148148,54.0
9,-1,630.0,True,True,77.09983268265476,105.10275082816257,59.30795434909279,0.2807675975570918,0.8219814952435271,1.1314489401689838,2.7283111026512485,0.2216983285049105,45.0,0.7111111111111111,78.86678247404207,74.35456729576569,76.92922802699633,-0.7324156912550406,0.34037101844807566,-0.2445915156493892,,,2.7283111026512485,0.19976487825484524,1.0,0.21052631578947367,57.0
9,-1,660.0,True,True,78.19004524886877,98.947789586744,38.626033786956576,0.25610445338632565,0.8333235478136172,1.2155646438368226,2.785124106458376,0.2668680437404515,44.0,0.5909090909090909,81.19373944732641,105.08603814236974,74.3245672403075,-0.7845854203866219,0.3062711777609737,-0.23907886460615857,,,2.785124106458376,0.26714528679744054,1.0,0.18867924528301888,53.0
9,-1,690.0,False,True,,,,,,,,,,,91.99007564569885,164.9772420653655,88.70726882554807,-0.9849307561696088,0.26151908536655544,-0.23378315143035083,,,2.580091782545761,0.2898167775706585,0.9814814814814815,0.18518518518518517,54.0
9,-1,720.0,True,True,80.35874439461884,91.04479944484682,69.08653427948171,0.33476246745234484,0.7590875595926821,1.194682027142922,2.4928615293615883,0.29571344526442556,42.0,0.5714285714285714,85.50512718929932,125.14259890162177,107.02793338340851,-0.8197489315341532,0.2931988958983042,-0.23785829471803455,,,2.4928615293615883,0.25717212157647806,0.9830508474576272,0.1864406779661017,59.0
9,-1,750.0,True,True,78.54157403290353,96.27548932363227,68.99813176818631,0.27241525377478715,0.8095046313414205,1.1990004125260545,2.3345145592564838,0.3517468172614554,58.0,0.6896551724137931,81.47205194412382,113.11489944940004,92.13932810806442,-0.7104230858665208,0.2886114399247628,-0.1922268226533549,,,2.3345145592564838,0.3401029717527731,1.0,0.23529411764705882,68.0
9,-1,780.0,True,True,78.53172522286314,107.1072993720721,79.08418529624358,0.2801349918151399,0.8051345523813586,1.1600629642625648,2.533872206380967,0.3062865649401197,53.0,0.660377358490566,81.23920726566868,124.9757805770493,81.38252850368401,-0.7083393709357414,0.3026579995822114,-0.193725649100745,,,2.533872206380967,0.30698131026442793,1.0,0.18333333333333332,60.0
9,-1,810.0,True,True,78.97720956086715,110.75220191904727,95.18576501300555,0.3224566538068873,0.783597667861598,1.2362796639911788,2.525302683222224,0.32896922695419295,50.0,0.58,82.99226858305914,129.3450455523677,63.96605493393324,-0.7596543371880436,0.3113354351830081,-0.2309486248100435,,,2.525302683222224,0.3001733721991659,1.0,0.14545454545454545,55.0
9,-1,840.0,True,True,80.23323615160349,112.39358161937159,89.53917078485097,,,,2.437877570972539,0.3483143000359325,57.0,0.49122807017543857,81.60944089940199,105.697016156592,55.060154849170154,-0.6985857133272254,0.27563133421148717,-0.1635839940150915,,,2.437877570972539,0.3865155828151351,1.0,0.31746031746031744,63.0
9,-1,870.0,True,True,76.31604459524962,123.05315085137487,89.39539394361061,0.28019728532934546,0.8033772949439645,1.2284873562588763,2.4254968618577717,0.35162709659775315,54.0,0.5370370370370371,77.08395265493215,73.89893670706404,34.04006308765955,-0.6720413428896912,0.23423038263361873,-0.21906935251297843,,,2.4254968618577717,0.38296382951762603,1.0,0.2459016393442623,61.0
9,-1,900.0,True,True,75.95604395604396,150.7720294388555,100.95974986968817,0.29918762935839793,0.8066385416743439,1.1635948392931585,2.6221240747847254,0.24771424069603984,49.0,0.5918367346938775,74.69721587083583,85.29877133651271,55.1251843760962,-0.732217820172261,0.31052281156882117,-0.23372920978696504,,,2.6221240747847254,0.2824636363981155,1.0,0.21818181818181817,55.0
9,-1,930.0,True,True,75.91128254580521,150.5189432182225,99.3140536379419,0.33064388864816313,0.7993591138910799,1.1910947613492302,2.662803398009553,0.17735585470769327,51.0,0.5686274509803921,73.8257533404818,96.95686107728308,58.93205316527527,-0.7383359563607447,0.3285339462705025,-0.19331913120881405,,,2.662803398009553,0.20629661093785046,0.9807692307692307,0.25,52.0
9,-1,960.0,True,True,74.62897526501766,140.38070452885222,111.58481919598204,0.24808336812614595,0.8583763519947454,1.0814310107644904,2.580650713592585,0.24337187450712167,51.0,0.6470588235294118,74.75325811351557,77.89282640220861,61.490669894702805,-0.7076382589746797,0.32778583583662996,-0.2173041894360629,,,2.580650713592585,0.24337187450712167,0.9824561403508771,0.12280701754385964,57.0
9,-1,990.0,True,True,75.03663898387885,98.11470911045971,106.34592339527697,0.23183744627100836,0.855161820846694,1.2009645519837084,2.4829591951151984,0.33686937828330205,50.0,0.72,75.17485826530594,90.16106190696023,59.74656383724843,-0.7117579760729157,0.26858254394525843,-0.22721153697451382,,,2.4829591951151984,0.33686937828330205,0.9830508474576272,0.1694915254237288,59.0
9,-1,1020.0,True,True,73.32908975175047,129.98436197112417,96.76152628369397,0.3270711465620591,0.7448913185619986,1.2940213261046467,2.655538402122429,0.38201572546985213,45.0,0.6888888888888889,78.1065683173781,141.9866945318592,65.42880303398503,-0.7185770312939678,0.2658356921252272,-0.2331591700100291,,,2.655538402122429,0.33405522220221195,1.0,0.21428571428571427,56.0
9,-1,1050.0,True,True,76.03960396039604,123.8309696423039,52.24334395097128,0.3156896580311153,0.7585188062514056,1.241995627015252,2.5346889852051606,0.3194177689607812,57.0,0.7543859649122807,77.97375696792957,119.05326229142274,58.305073464252715,-0.6345960492319337,0.2649597405355842,-0.21838029016416452,,,2.5346889852051606,0.3752098720911161,1.0,0.15873015873015872,63.0
9,-1,1080.0,True,True,75.37190082644628,85.70489282220365,59.34019729005859,0.254766099122515,0.827178641087406,1.2230608100192193,2.2920220046301836,0.3202224869257023,62.0,0.8064516129032258,74.71842589677524,67.92938354265047,45.507271084990606,-0.6343263767896193,0.2649597405355842,-0.2091091471429769,,,2.2920220046301836,0.36525316162127114,1.0,0.12121212121212122,66.0
9,-1,1110.0,True,True,70.30985915492958,150.6656430878819,96.61423236683783,0.265679260621944,0.8373466003734213,1.2926278042930455,2.6042673779039673,0.3608161499988581,50.0,0.64,79.19439681553648,161.2722086987695,70.88870895553389,-0.6897058861118033,0.21779606846016572,-0.21442437595188676,,,2.6042673779039673,0.27949127894435905,0.9206349206349206,0.19047619047619047,63.0
9,-1,1140.0,True,True,72.90136194799835,167.0261210958371,90.64688582712729,0.2987667735621657,0.781228301994676,1.4555228606526254,2.7497317427186845,0.2831325187892985,56.0,0.6071428571428571,81.5980073107501,160.8651828622657,67.8315950839398,-0.7337379262701305,0.2185603985982513,-0.1630239769958933,,,2.7497317427186845,0.2240033793516968,0.9411764705882353,0.29411764705882354,68.0
9,-1,1170.0,True,True,77.4484052532833,129.4875537573905,78.21963964705509,0.3498093067279534,0.7535735870116588,1.3739895958173483,2.7922365895500145,0.22741885832393338,51.0,0.6470588235294118,77.77074697076341,93.35359251088154,61.07621718078809,-0.74441309122573,0.2755063212234218,-0.16993610571415227,,,2.7922365895500145,0.22741885832393338,0.9827586206896551,0.27586206896551724,58.0
9,-1,1200.0,True,True,78.48748083801738,126.46316634462009,87.74148225516443,0.35244572886466446,0.7612569800621899,1.229881478106213,2.6932543113727476,0.26452238549296225,50.0,0.76,80.26305959329821,105.31069191343003,86.52121889075275,-0.8115337051309129,0.3400458391923522,-0.22243365867904327,,,2.6932543113727476,0.22783688516855788,0.9833333333333333,0.15,60.0
9,-1,1230.0,True,True,80.0,84.7054998296385,59.90715472712754,0.32750320605803207,0.7717242424325181,1.2120147041989142,2.5252635063710143,0.41508214149435896,48.0,0.7291666666666666,81.40984744278836,81.19453585849621,67.89753650742932,-0.7719175026852813,0.3417296893925942,-0.22443377262110684,,,2.5252635063710143,0.48024190649366705,0.9821428571428571,0.125,56.0
9,-1,1260.0,True,True,81.01265822784809,128.6909130550451,85.2386356061616,0.3165721773094489,0.7705983161134522,1.3312916932982666,2.363256094822881,0.427242101340144,48.0,0.6458333333333334,82.26499761361259,86.52671186554129,40.996916025203035,-0.7648806097903809,0.3499874555246999,,,,2.363256094822881,0.4906717310877613,0.9649122807017544,0.17543859649122806,57.0
9,-1,1290.0,True,True,83.74599101988454,106.22340762351304,70.55484366068039,0.30357194362452616,0.7765624244878607,1.2835001276845601,1.4888012645748838,0.3250216202833597,74.0,0.7297297297297297,84.20591943869913,70.18315839919171,37.903654681660676,-0.7297141569114343,0.31422925109195643,,,,1.4888012645748838,0.3250216202833597,1.0,0.18055555555555555,72.0
9,-1,1320.0,True,True,83.94127243066885,88.23517936643397,84.90083565838327,0.2808161190596288,0.8075212212954511,1.2128481796709834,1.6767363071493038,0.4160625067076408,71.0,0.7464788732394366,83.79366371944928,49.145294038768995,33.60311931561958,-0.7143015394290583,0.3128677955865874,,,,1.6767363071493038,0.4160625067076408,0.9733333333333334,0.25333333333333335,75.0
9,-1,1350.0,True,True,81.32799084144247,122.26473115660664,123.03137303143455,0.291130773939488,0.8033505004992947,1.1582657236760106,2.4949611217372034,0.27649143188801606,50.0,0.58,83.35974008640359,98.26836627371142,49.32735320641722,-0.7186241818245428,0.3261402090012213,-0.21149811241218341,,,2.4949611217372034,0.25117956300475297,0.9682539682539683,0.2698412698412698,63.0
9,-1,1380.0,True,True,72.65442404006679,162.88617579133603,172.01698680653607,,,,2.491182437697621,0.41494698328238233,47.0,0.48936170212765956,75.87766680888245,107.40013391152549,57.45732742061492,-0.7032720641664916,0.3118937844152941,-0.25477326964983915,,,2.491182437697621,0.3172563223249418,0.9818181818181818,0.23636363636363636,55.0
9,-1,1410.0,True,True,75.04885993485343,145.95781360033007,164.51574297768587,0.2746578702242347,0.8441633108194158,1.186225027770612,2.3722762992110877,0.436969947263522,67.0,0.6417910447761194,75.07020481945648,56.83885934232282,38.66200450678434,-0.7099832840675537,0.35416715865830356,-0.2641871463235678,,,2.3722762992110877,0.436969947263522,1.0,0.16176470588235295,68.0
9,-1,1440.0,True,True,74.65535524920466,153.55793261153684,133.31705629813464,0.25707352270262335,0.8407493545957618,1.1916970183222417,2.545937040633831,0.2585898306733772,62.0,0.7258064516129032,76.84158582057546,74.84954557661987,41.18518236244316,-0.7371285641208963,0.3382858431637328,-0.2654395412792496,,,2.545937040633831,0.26269363453764955,0.9848484848484849,0.16666666666666666,66.0
9,-1,1470.0,True,True,77.67634854771784,204.2854903614051,117.21117185156959,0.3105338550862922,0.7902037580055222,1.2287173100365882,2.6408139941615794,0.4270397177931856,52.0,0.5769230769230769,86.65222823624767,139.2804450678107,62.41112189411261,-0.7610713137839694,0.34652938353274937,,,,2.6408139941615794,0.38844241521246387,0.9464285714285714,0.16071428571428573,56.0
9,-1,1500.0,True,True,88.27586206896552,131.31474373160196,136.6070972659821,0.4316901339295009,0.6767123997564257,1.3448535934126749,2.3087199592813596,0.6945827591718791,41.0,0.5121951219512195,91.6866665443541,122.48121520721291,95.7317117029925,-0.8077405414103059,0.37560586898827364,,,,2.3087199592813596,0.7017765688274836,0.98,0.2,50.0
9,-1,1530.0,False,True,,,,,,,,,,,87.31866556160229,82.45564688435495,57.513369138115735,-0.8751073961728817,0.3992092137194105,-0.2033445514979376,,,2.288152273007415,0.35018936700519626,0.9824561403508771,0.3157894736842105,57.0
9,-1,1620.0,True,True,86.43929058663029,102.53666686415083,56.85439187081329,,,,3.135734282861977,0.40341887210957866,46.0,0.30434782608695654,90.28043688184874,89.15750499767253,25.282875988138414,-0.7124587861345328,0.20167079943143854,-0.12200750945504381,,,3.135734282861977,0.31273491711328943,1.0,0.375,56.0
9,-1,1650.0,True,True,86.016,66.72033486438437,63.76425651298575,,,,2.7565556426568047,0.24808588692622371,64.0,0.21875,86.27716556292735,42.74469234552329,30.46883065282938,-0.6665732740773357,0.19551273317833365,-0.10087999533511693,,,2.7565556426568047,0.27535729408794185,1.0,0.4626865671641791,67.0
9,-1,1680.0,True,True,84.54229432213211,62.03709263316209,27.063293868263706,,,,3.039281155271329,0.2755117161178212,49.0,0.3673469387755102,84.00517754595711,96.07753597946189,43.75329111077991,-0.6823712132380574,0.23015021698471255,-0.13136208714123437,,,3.039281155271329,0.31530351258683387,1.0,0.4727272727272727,55.0
9,-1,1740.0,False,True,,,,,,,,,,,85.55379071886205,97.87072527738634,39.4531732590835,-0.7951052199394988,0.3153433768148374,-0.22979650709662797,,,3.0051988892918167,0.3675394336466875,1.0,0.3157894736842105,38.0
9,-1,1830.0,False,True,,,,,,,,,,,98.8546122655061,108.60079199838347,58.7345528843832,-0.8427127017262368,0.23215201747388553,-0.24465766657308577,,,3.0704528808557994,0.37546915680466203,1.0,0.24489795918367346,49.0
9,-1,1860.0,True,True,98.25159914712154,109.70608533037033,54.71686241822293,,,,2.7612423162013484,0.5246885492219893,34.0,0.38235294117647056,94.19137556314966,115.04779046618988,56.6146284899888,-0.8320093401716195,0.2109280144216735,-0.14810440102058442,,,2.7612423162013484,0.5595363822893984,1.0,0.3382352941176471,68.0
9,-1,1890.0,False,True,,,,,,,,,,,92.11906929543855,134.40917409232085,36.48390838242889,-0.7708463246322126,0.18084118799444557,-0.17977494577665745,,,2.790085019539494,0.31321600138314754,0.9824561403508771,0.43859649122807015,57.0
9,-1,1920.0,False,True,,,,,,,,,,,85.99720233969394,91.79031559284005,41.515758702734566,-0.7577042718337339,0.22010925361255518,-0.20546632825012673,,,2.6320022257319766,0.20601615115946356,0.9795918367346939,0.4897959183673469,49.0
9,-1,2160.0,False,True,,,,,,,,,,,74.46025247736073,103.7531293650487,70.43134891590499,-0.7624060178560208,0.17893129948477937,-0.17410123800367588,0.09743383964037952,-0.7805663946704805,2.5858165960514574,0.35995870877169783,0.9387755102040817,0.5306122448979592,49.0
9,-1,2220.0,False,True,,,,,,,,,,,80.7870960782783,107.99935420541011,81.68488902960583,-0.7890848159523118,0.19583508947614403,-0.18310169850915847,,,2.1151628801281106,0.34944720940561463,1.0,0.34782608695652173,46.0
9,-1,2250.0,True,True,73.88080713280151,137.13053188254705,126.52069782911674,,,,1.9613147277647813,0.2721469821000575,50.0,0.34,76.09612571378149,110.68265645872705,79.61811991750997,-0.7183661263933832,0.15271827753826,-0.143790521654907,,,1.9613147277647813,0.23222610126374504,1.0,0.4838709677419355,62.0
9,-1,2280.0,True,True,75.71164510166359,125.8794936989491,123.25581476198805,,,,1.8180394909929922,0.19698424687654353,69.0,0.2608695652173913,77.56333398501661,99.54768358711685,70.12084600176371,-0.6702616782049493,0.10538731238483807,-0.13386720086318657,0.041534603383331925,-0.7344322720726992,1.8180394909929922,0.2097384044659373,1.0,0.6666666666666666,72.0
9,-1,2310.0,True,True,77.21325403568395,113.7504214841728,110.45090246561479,,,,1.805739594928199,0.2499885735296068,73.0,0.2328767123287671,78.64928630500731,76.19226554203783,39.983035889353815,-0.6807062877791528,0.1320471913206992,-0.13265060128180667,0.043698063595801945,-0.7381727400761261,1.805739594928199,0.2284226122297498,1.0,0.6714285714285714,70.0
9,-1,2340.0,True,True,73.82124789207421,131.6748553971473,123.49621601449155,,,,1.8709681137991614,0.27709530999140164,63.0,0.2698412698412698,77.58377210213091,110.00507484332981,47.33595808428775,-0.7122335736681824,0.1478621235536931,-0.13273599811258704,0.048795138613782825,-0.7749229349831566,1.8709681137991614,0.267886503359081,1.0,0.5645161290322581,62.0
9,-1,2370.0,True,True,74.81402763018066,132.37962358747518,127.89613706050703,,,,1.8641338337124718,0.2421862012869799,61.0,0.36065573770491804,76.40264147423362,89.9930082953708,48.43405594412955,-0.7029257357056218,0.1404472517717719,-0.18004383479762592,,,1.8641338337124718,0.21493240235577646,1.0,0.45,60.0
9,-1,2400.0,True,True,77.75028121484814,131.27023747093665,93.65229283431879,,,,1.945806832083739,0.2808633040276497,63.0,0.3333333333333333,78.52450670492432,122.85247637488857,56.052735827088085,-0.6809457175868634,0.1404472517717719,-0.17011735653719579,,,1.945806832083739,0.2574322618558535,0.9841269841269841,0.3968253968253968,63.0
9,-1,2430.0,True,True,82.63291139240506,160.18876906172787,113.54712743530558,,,,2.69191721686727,0.48794832899866775,49.0,0.32653061224489793,79.63219041076104,134.7029357105484,65.44028048684726,-0.6836646625531009,0.19395048897686884,-0.12791548716984608,,,2.69191721686727,0.4181072029184623,0.9821428571428571,0.42857142857142855,56.0
9,-1,2460.0,True,True,77.27966689798751,139.57341489894026,103.5884248164455,,,,2.6656139118716777,0.5355281067643352,46.0,0.3695652173913043,79.15029371830659,108.96655783823216,54.01827232368414,-0.7344827147298256,0.18568580213918232,-0.14034195314886622,,,2.6656139118716777,0.48274319342265076,0.9811320754716981,0.4528301886792453,53.0
9,-1,2490.0,True,True,74.69326683291771,177.1657990486993,150.93324983307164,,,,2.6436626459185812,0.8232555956958658,52.0,0.36538461538461536,77.58074044221952,137.89253613707766,43.69141372720923,-0.7454474226763736,0.16204060778320178,-0.15192940321637516,0.05350992244126945,-0.8225732242146888,2.6436626459185812,0.7826428254082679,1.0,0.5,54.0
9,-1,2550.0,True,False,81.08108108108108,183.1016232235076,201.71788261496962,,,,2.8664776835064014,0.3307017082421456,45.0,0.2222222222222222,,,,,,,,,,,,,
9,-1,2580.0,True,True,75.9047136340598,175.01314083349916,195.61796764690186,,,,2.419262803877473,0.27728047712640597,55.0,0.2727272727272727,88.24728161011416,176.24828659123472,102.22680986463986,-0.7937761734018551,0.18102148320560438,-0.1909850976285772,,,2.419262803877473,0.22681507185869568,0.9696969696969697,0.42424242424242425,66.0
9,-1,2610.0,True,True,76.6248574686431,181.18071335784376,186.08406338489425,,,,2.7969390974809234,0.2672412627943591,51.0,0.27450980392156865,81.04144816368674,156.5059366161621,76.03957047131564,-0.776409651136711,0.22933167880589933,-0.22557777100155782,,,2.7969390974809234,0.2082887709892806,0.9841269841269841,0.36507936507936506,63.0
9,-1,2640.0,False,True,,,,,,,,,,,78.65399012796676,151.63252374725346,116.20690213331524,-0.7316943609243798,0.24959206395721215,-0.22849918091007887,,,3.100681131059834,0.2336781071611299,0.9259259259259259,0.2962962962962963,54.0
9,-1,2670.0,False,True,,,,,,,,,,,76.93292274224206,127.20054181544282,94.61619753145617,-0.7612802155977985,0.24963998047959787,-0.23826596988372126,,,2.98599361685509,0.28282970101826793,0.9636363636363636,0.32727272727272727,55.0
9,-1,2700.0,False,True,,,,,,,,,,,89.25499181282376,158.17086591281,91.85463573682537,-0.813888268605436,0.31379168315072437,-0.28147132243392614,,,2.994075935883074,0.29748807214217454,0.9491525423728814,0.2033898305084746,59.0
9,-1,2730.0,True,True,88.73483535528597,114.21784841711585,90.3011454799993,0.4270370316516324,0.6673779344231668,1.3449643279232726,3.0017424423141907,0.28477690074150397,50.0,0.5,92.23313774161227,137.11180576085252,89.5632971492872,-0.8167266956013264,0.2798196892532392,,,,3.0017424423141907,0.27207145586008075,0.9552238805970149,0.19402985074626866,67.0
9,-1,2760.0,True,True,83.9422008151167,82.40400327869959,76.30081850049942,0.38835227191043153,0.7150342215020069,1.3697889301169284,2.2572707681249966,0.408561261236756,66.0,0.5606060606060606,89.26580120519746,108.87365029901149,61.927075901215034,-0.7923964961017826,0.24288235660057034,,,,2.2572707681249966,0.34981955128730735,0.9866666666666667,0.28,75.0
9,-1,2790.0,True,True,81.9885277246654,99.32883995155517,86.11777849283493,0.36864682376128943,0.7347922697488668,1.4565252282402816,1.5185406727553588,0.5001345582337186,72.0,0.6527777777777778,83.49128934228825,83.69176322195415,39.354191697470434,-0.8097978926566842,0.2929756915307713,-0.16596841431909654,,,1.5185406727553588,0.4620668199715207,1.0,0.2676056338028169,71.0
9,-1,2880.0,True,False,79.3727726300784,211.01659368263242,183.1971558640217,,,,3.1130694697484413,0.2721400330467219,44.0,0.3409090909090909,,,,,,,,,,,,,
9,-1,2910.0,True,True,81.90127970749542,176.72678411531032,158.81054134873497,,,,2.9764232977416456,0.25551880462612997,46.0,0.3695652173913043,85.86206569899387,141.41078178997836,96.57949571759727,-0.8168389716787435,0.2877639554112242,-0.34209464561181635,,,2.9764232977416456,0.19344611947695572,0.9090909090909091,0.2,55.0
9,-1,2940.0,False,True,,,,,,,,,,,90.29454525396513,155.99271324292462,68.65290387926608,-0.7624270791980681,0.2674085471688119,-0.15617334518226333,,,3.423138266919691,0.2763782912907641,0.9387755102040817,0.30612244897959184,49.0
9,-1,3000.0,True,True,73.31742243436754,105.56259369130291,94.33071242135857,0.2154708911944027,0.8773397790783675,1.1423959002389428,2.5320583759424657,0.25824149769228155,56.0,0.7142857142857143,75.8775577296447,101.34169336519263,43.16351076837602,-0.7383333247949934,0.27065221574096865,-0.20247212334641224,,,2.5320583759424657,0.1952812016289513,0.9830508474576272,0.3220338983050847,59.0
9,-1,3030.0,True,True,73.728,125.66993629160203,119.9787766688823,0.21025662862330372,0.89352738212345,1.134339867142602,2.040090670508701,0.17420381900868045,67.0,0.7014925373134329,73.44295172400402,44.64448538244214,28.764782739630736,-0.7405312559662691,0.3069038112524545,-0.21616025534991531,,,2.040090670508701,0.19453275481415694,1.0,0.3939393939393939,66.0
9,-1,3060.0,True,True,75.97512719050312,127.46550911385975,143.26861830401222,0.2642119524976472,0.8480271042598332,1.166724366899361,2.683607093287285,0.2070641259002447,53.0,0.5094339622641509,78.3357328622865,103.84641367426839,60.64332638879813,-0.724786052457834,0.25855364739632036,-0.23002635419477013,,,2.683607093287285,0.21986138325845703,1.0,0.3620689655172414,58.0
9,-1,3090.0,True,True,72.60504201680673,122.86087909653642,140.39019435949683,0.229684440071493,0.8745046374377643,1.162177476171428,2.6868106903484406,0.307070628489908,57.0,0.6140350877192983,75.57920009481175,113.15171000157027,65.34051479347745,-0.6947443925459861,0.2518380770809833,-0.2300086729765783,,,2.6868106903484406,0.23834327824714618,1.0,0.2903225806451613,62.0
9,-1,3120.0,True,True,73.44262295081967,114.79341507425387,122.3941018272914,0.21628194015657762,0.8910260123421213,1.2049687968369138,2.3182979082758712,0.320580599645042,71.0,0.7464788732394366,73.59367159647213,72.55425771558517,53.05801934805617,-0.6931904866985832,0.2743042604467941,-0.2300086729765783,,,2.3182979082758712,0.320580599645042,0.9863013698630136,0.273972602739726,73.0
9,-1,3150.0,True,True,74.94145199063232,119.31257717201726,113.53200108289454,0.2752133937159327,0.8360322112148484,1.2535117643528861,2.986007865651507,0.39280120309905603,56.0,0.6964285714285714,79.64294777838475,122.75855351730587,50.06252321192947,-0.7226007887949738,0.2673923771358509,-0.2282096698179932,,,2.986007865651507,0.35177912549136564,0.9558823529411765,0.2647058823529412,68.0
9,-1,3180.0,True,True,75.77339274347548,144.64098293669218,82.55660147993416,0.39697450976694665,0.7515025934027575,1.2507550791798245,3.0562571375332155,0.4328872841280805,43.0,0.6744186046511628,86.57353109159526,127.33012078262173,28.47100740184544,-0.8014769098687161,0.4055411776354507,-0.28024447199987723,,,3.0562571375332155,0.4231778766310202,0.9642857142857143,0.21428571428571427,56.0
9,-1,3210.0,True,True,75.04043126684637,131.92778896981125,87.20653913984891,0.3403678772965577,0.788884255763375,1.2399610657842626,3.0011243830804295,0.22807387072004234,44.0,0.6363636363636364,81.98346731208586,112.88739012952955,41.56412764337219,-0.8122387272464651,0.3622106108989445,-0.2895381839215766,,,3.0011243830804295,0.22857762715247376,1.0,0.20754716981132076,53.0
9,-1,3240.0,True,True,70.79136690647482,95.28563195872917,98.03194777260579,0.24993458714246328,0.855393516827161,1.2137208815239096,2.839229252322553,0.26305120461206366,53.0,0.660377358490566,75.23497520125939,115.46194625822582,43.02055444168939,-0.7770210023586271,0.3161576104988829,-0.24249591577676743,,,2.839229252322553,0.2170146612221436,1.0,0.32786885245901637,61.0
9,-1,3270.0,True,True,70.97744360902256,122.67829444632137,111.56154083561692,0.2770772622132966,0.840916289855627,1.218382921160653,1.5654773879960182,0.39772776835270757,64.0,0.765625,73.42478373897491,81.22172026602799,53.41312910065303,-0.7445708986917479,0.3658715046831591,-0.2720750255726194,,,1.5654773879960182,0.4136686944261723,1.0,0.23880597014925373,67.0
9,-1,3300.0,True,True,71.22923588039868,166.20136597653146,163.0839683714985,0.2710524771971197,0.8564375476412692,1.2084778710742632,1.544572324777598,0.33800180251098166,69.0,0.6956521739130435,72.7781915319308,53.780272442979346,33.86127628358722,-0.7366482586124387,0.36735452555784,-0.2927883980760344,,,1.544572324777598,0.3528263436595213,1.0,0.17647058823529413,68.0
9,-1,3330.0,True,True,72.69230769230771,158.44078270074235,165.20559121831096,0.2844844030937009,0.8293596611719997,1.1790195349364432,1.5706463599965845,0.2738147785557046,66.0,0.6363636363636364,74.94404300866181,83.4205471677794,50.29001804634171,-0.7035814905091533,0.3408737181852953,-0.29911884056473614,,,1.5706463599965845,0.22723121638888116,1.0,0.2727272727272727,66.0
9,-1,3360.0,True,True,71.41813351046164,164.44398481748797,168.48089993614315,0.3621839224451894,0.7207979985936225,1.0873126292391757,1.4088346269016085,0.23884891657512106,63.0,0.6666666666666666,80.48488989142153,147.9507654701313,39.81579354163415,-0.7164604911150632,0.3000931857019669,-0.3434139215299506,,,1.4088346269016085,0.19071268715363462,1.0,0.3939393939393939,66.0
9,-1,3390.0,True,True,72.39470517448856,174.50913320588998,169.73094517500337,0.3491536532309139,0.7569876485370806,1.074279866855218,1.8685327666418077,0.9360989968359449,56.0,0.6428571428571429,73.87804071425559,85.989817790092,51.10796694808744,-0.7292111475674699,0.316323207006278,-0.3586707636864535,0.14676069020485027,-0.7783864929981565,1.8685327666418077,0.8489922148936508,1.0,0.5,64.0
9,-1,3450.0,True,True,87.07482993197279,160.62569183401257,39.651804813904754,0.4598802722078417,0.6632536073339804,1.2429515564503177,3.0917822874625327,0.41919493651682127,38.0,0.5789473684210527,87.48075535439497,129.97075111338714,40.73636677950294,-0.897123804900495,0.4104493529659489,-0.21259148117111085,,,3.0917822874625327,0.41919493651682127,0.9591836734693877,0.2857142857142857,49.0
9,-1,3480.0,True,True,82.22698072805139,113.99881406422983,53.96231850265348,0.42425162890011564,0.6996469330579587,1.3039545223957978,2.4288824944235876,0.4870930082114486,67.0,0.8059701492537313,83.7785096892079,111.52428624110767,35.26758068580332,-0.840597899360203,0.40044944129778914,-0.21259148117111085,,,2.4288824944235876,0.4410933268318028,0.9859154929577465,0.323943661971831,71.0
9,-1,3510.0,True,True,74.46880269814503,89.65786640508472,57.50648431817375,0.3576864742770655,0.7761819625919136,1.288553990198859,1.877937732926278,0.5014600518632036,72.0,0.9166666666666666,75.68310145852804,75.686881310033,37.09550277262356,-0.8020286222165558,0.40540605918393147,-0.24313027852272534,,,1.877937732926278,0.4658192715956868,1.0,0.2571428571428571,70.0
9,-1,3540.0,True,True,70.04628369180507,84.79681026919285,52.21337931188391,0.3210467798545776,0.8277762571028944,1.2619474841984957,1.946441648005894,0.4337524109403066,68.0,0.9705882352941176,71.45703879766029,92.1863016750561,49.66194884738479,-0.768119466757347,0.3914775389765517,-0.2676266818689299,,,1.946441648005894,0.4050753116311065,1.0,0.12307692307692308,65.0
9,-1,3570.0,True,True,69.35960591133005,87.60452049117963,57.8173724557966,0.306156367508284,0.8409495955897224,1.2444717060892339,1.9710192231808157,0.4720009879622175,67.0,0.9850746268656716,71.72782297878472,104.1440818284043,54.39209296968553,-0.753629563093621,0.3831401846018304,-0.2595721362599154,,,1.9710192231808157,0.40147296593996995,1.0,0.0967741935483871,62.0
9,-1,3600.0,True,True,68.81346728210698,75.27092976615411,45.57491982777032,0.28533982264727425,0.8620043017120549,1.2189563515772521,1.947024894480281,0.4467812630144996,67.0,1.0,71.50955441542912,96.10385069358722,42.84069346607144,-0.7458071876081152,0.3847216579876235,-0.24031504034467424,,,1.947024894480281,0.3796949424640342,1.0,0.2033898305084746,59.0
9,-1,3630.0,True,True,70.86024423337857,73.74658839726725,42.8971375771558,0.2881677124456784,0.8410007198579997,1.198901568944547,1.9285529332122495,0.37451722173338153,69.0,0.9855072463768116,72.62000859582221,94.60016049382364,39.604309003485795,-0.763746398610309,0.38969497693361443,-0.2544846060206349,,,1.9285529332122495,0.39486955166084803,0.9850746268656716,0.26865671641791045,67.0
9,-1,3660.0,True,True,72.01957053547159,68.60638166006396,38.832040761539716,0.29497236201370597,0.8267634841853414,1.2021986059083798,2.0269163927318865,0.3764813919695595,70.0,0.9857142857142858,72.17476813999747,69.85004412966599,35.69614472003287,-0.764422158510312,0.3933395914651991,-0.27767002900682425,,,2.0269163927318865,0.3925621121614421,1.0,0.11428571428571428,70.0
9,-1,3690.0,True,True,71.1886586695747,88.42471596779913,44.152928669281124,0.2974595933420054,0.8241035436191323,1.2353439723934152,2.05391880763667,0.38096322923103754,69.0,0.9420289855072463,71.76749602541051,97.3520734760093,37.667548501088326,-0.7452608219928168,0.368516451652094,-0.2587716863045263,,,2.05391880763667,0.38096322923103754,1.0,0.05714285714285714,70.0
9,-1,3720.0,True,True,71.65751920965972,87.11081216678244,43.94612224585647,0.30830319017896,0.8064550328172871,1.2756076131820413,2.0862692648022048,0.39142018135876017,69.0,0.9420289855072463,71.86287979286733,86.44121874923614,37.41980668706796,-0.7578358052843859,0.37565627187320305,-0.258664505941663,,,2.0862692648022048,0.39142018135876017,1.0,0.07142857142857142,70.0
9,-1,3750.0,True,True,73.76509330406148,53.129376570423865,33.91073172978246,0.3294876692708898,0.7915470266056339,1.2344784076140407,2.0927807271249312,0.41020308834747055,71.0,1.0,73.71341270851433,52.77788066163423,33.183934491134416,-0.792591337182573,0.40847629986003914,-0.289960276622818,,,2.0927807271249312,0.41020308834747055,1.0,0.027777777777777776,72.0
9,-1,3780.0,True,True,74.02660874287265,44.34619109050305,29.469358329579265,0.32808134341613926,0.7909679547521592,1.2036192066607967,2.0769972714350913,0.415792034554335,72.0,1.0,74.59226563591876,61.384196014070774,42.56492209820625,-0.8183768020804696,0.43119706644732136,-0.27655102459195835,,,2.0769972714350913,0.415792034554335,1.0,0.05405405405405406,74.0
9,-1,3810.0,True,True,71.8048780487805,28.936502409157743,19.963057563394738,0.30042176511695634,0.819804332219708,1.2212047445491934,2.0536363103884367,0.37495504352253983,70.0,1.0,72.15383651212295,44.36450667616027,38.092653042856966,-0.803033090452221,0.3860216972326887,-0.2710981758880133,,,2.0536363103884367,0.38433292170056665,1.0,0.056338028169014086,71.0
9,-1,3840.0,True,True,70.50698821594958,45.864128413191985,28.33204514674099,0.2942783203766282,0.831210435530293,1.2413783608087756,2.098665332387488,0.3934506855250532,68.0,1.0,70.4815404949282,46.35837138467943,25.668346792318378,-0.7990105331409922,0.39461532142938305,-0.27610088629196344,,,2.098665332387488,0.3934506855250532,1.0,0.02857142857142857,70.0
9,-1,3870.0,True,True,70.77352694777996,67.15314450688074,38.66990209613932,0.3060875399702436,0.8150810488906701,1.2600912839335265,2.074709546272981,0.3892593513482936,68.0,0.9705882352941176,71.19333697681554,69.32551043855507,37.13753499325402,-0.8136659181878976,0.41092959849301003,-0.2676930546092637,,,2.074709546272981,0.3892593513482936,1.0,0.056338028169014086,71.0
9,-1,3900.0,True,True,74.63556851311954,113.05895242198386,42.13749140395263,0.33273554891663676,0.784341125761793,1.2482363056638972,2.7973257499433606,0.6687883601822326,53.0,0.7358490566037735,76.82546704021931,115.56031965353354,39.26387661450352,-0.8059702710454884,0.3599523733678087,-0.2575384660583201,,,2.7973257499433606,0.6302905606528121,0.9833333333333333,0.15,60.0
9,-1,3930.0,False,True,,,,,,,,,,,94.69492962906013,117.81771594538827,90.72448029005496,-0.7742290028691693,0.2576461888479067,,,,2.8834598503645004,0.27551315407593957,0.9661016949152542,0.22033898305084745,59.0
9,-1,3960.0,True,True,85.26799387442573,116.43978413644273,82.76171136495158,0.4689989028216765,0.603734236319983,1.3615934077680243,3.162809538894467,0.35480185097608796,46.0,0.5,93.34170950638075,128.7564733253509,103.23994883830548,-0.7823251028358129,0.2863581896123391,,,,3.162809538894467,0.2903790406873985,0.9841269841269841,0.2222222222222222,63.0
9,-1,3990.0,False,True,,,,,,,,,,,96.55546763002938,130.3086064974701,76.87780815905263,-0.8900735704992299,0.37559801432116713,,,,3.1682679620893204,0.25802938113642065,0.9827586206896551,0.1724137931034483,58.0
9,-1,4020.0,True,True,87.84313725490196,94.69595508114462,50.44008626709097,0.43413782268579276,0.6757487657902358,1.2679812391556486,2.767802088165967,0.2946478763839026,40.0,0.65,87.59871478001368,73.32643043378127,23.103271589607072,-0.8881398149450387,0.47807333239979594,,,,2.767802088165967,0.2946478763839026,1.0,0.21428571428571427,56.0
9,-1,4050.0,True,True,81.86340307935255,104.05564379604247,90.36439970498644,0.3653316610197053,0.7844734031785927,1.2435175683376936,2.3375163902052476,0.2864573998631717,59.0,0.8983050847457628,83.14231560157972,65.01762210876826,32.462716922682034,-0.8347351017028405,0.48020021292853876,-0.3136472358639255,,,2.3375163902052476,0.2663170064785201,0.9545454545454546,0.18181818181818182,66.0
9,-1,4080.0,True,True,81.70212765957447,70.13355497255387,49.44978764378946,0.35215500680018735,0.821093105363148,1.1723899740814805,1.5698186574908615,0.4933833988410338,72.0,0.9305555555555556,82.7111512460854,56.46694057627157,27.904667645180428,-0.826264418614697,0.5569137680560935,-0.326410683685793,,,1.5698186574908615,0.4933833988410338,0.961038961038961,0.35064935064935066,77.0
9,-1,4110.0,True,True,83.17299578059072,68.59669085955537,43.34197129451364,0.3339474507559241,0.823982825535904,1.1267270522857886,1.3360337531804,0.44983546120277823,80.0,0.95,84.45577473091346,61.04282733201394,36.71932149289999,-0.8112559287936368,0.5706916528029135,-0.3214084050753772,,,1.3360337531804,0.4096341634265551,0.9876543209876543,0.41975308641975306,81.0
9,-1,4140.0,True,True,83.47826086956522,59.34758138851714,29.175211907797088,0.33634674662242614,0.8084562322689697,1.1496011002355406,1.4282010589317682,0.468849842393449,79.0,0.9240506329113924,84.48619924955327,66.51066247159477,25.224577267200708,-0.8130185311662258,0.5373507699106241,-0.2637878001545271,,,1.4282010589317682,0.426644775757308,1.0,0.345679012345679,81.0
9,-1,4170.0,True,True,84.28265524625267,42.10544152615689,33.93197966265983,0.3488355762081696,0.78749221155595,1.1500583269549802,1.384593562570578,0.46647598227520853,83.0,0.9156626506024096,84.46897172795579,42.39130996720498,34.112629879414264,-0.8362938416354834,0.5493616371587151,-0.28260068904113556,,,1.384593562570578,0.42310988437160557,0.9880952380952381,0.36904761904761907,84.0
9,-1,4200.0,True,True,85.40633019674935,50.767890206423665,52.41560677253802,0.35051594105485384,0.7760690850905565,1.1644344793579944,1.3933751490814665,0.412377257241246,80.0,0.8875,85.43543666084575,29.080675482089173,17.343969357286117,-0.8347316557945679,0.5386093659968156,-0.2979021802938305,,,1.3933751490814665,0.412377257241246,1.0,0.3048780487804878,82.0
9,-1,4230.0,True,True,86.87285223367698,36.8890322296433,22.240111621461455,0.3661711617516577,0.7485482117639678,1.172526962818608,1.432743994365061,0.4364816267981613,81.0,0.8518518518518519,86.79782406968043,35.790253907798196,19.68863027770793,-0.8436618512696078,0.525207536378542,-0.2775225739829042,,,1.432743994365061,0.4364816267981613,1.0,0.27380952380952384,84.0
9,-1,4260.0,True,True,87.7016478751084,34.184246932703566,23.07965455862489,0.36586013354398794,0.7498148228159791,1.1861985597907532,1.4777539521526604,0.43373358727877515,82.0,0.8658536585365854,87.58375117901294,33.63599483716124,19.13664575378728,-0.8574396400887735,0.5174709358385301,-0.24431832392573627,,,1.4777539521526604,0.43373358727877515,1.0,0.29411764705882354,85.0
9,-1,4290.0,True,True,88.22515795519817,33.16660198070044,22.378589813732276,0.37238048898119835,0.7669568860348486,1.201408651527219,1.4259268626868946,0.42115479672927253,83.0,0.9156626506024096,88.58204049172785,40.98217378557848,34.14895294627522,-0.8714027918819044,0.534238983832032,-0.288785122431928,,,1.4259268626868946,0.42115479672927253,1.0,0.20930232558139536,86.0
9,-1,4320.0,True,True,87.80814277746794,44.19750057141254,30.658463859919664,0.39125403590777064,0.75957885349493,1.1771484653791076,1.3025699892456468,0.4740670687007653,84.0,0.9285714285714286,88.23540521656358,49.96179804824694,36.789180123231674,-0.8697585866918638,0.5645388681537897,-0.2981100696381392,,,1.3025699892456468,0.4376698110215827,1.0,0.19318181818181818,88.0
9,-1,4350.0,True,True,86.79223413503333,40.06908425155328,30.935921676911455,0.3951871763429403,0.7637950988796655,1.167802666141093,1.636822831220611,0.38789573997083604,81.0,0.9629629629629629,87.50356393838725,46.603495363034384,32.461049762221094,-0.9042764644058291,0.5889251058376653,-0.32349627521644553,,,1.636822831220611,0.38789573997083604,1.0,0.20238095238095238,84.0
9,-1,4380.0,True,True,86.68171557562077,63.9743450547261,55.34306743971067,0.4126166246112644,0.7441836304809722,1.1928046301711226,1.7304528114854,0.4467112166054043,74.0,0.9594594594594594,86.92347223136024,60.430973230923094,34.826920489454935,-0.9450123551844154,0.5766203721826263,-0.2948270880627561,,,1.7304528114854,0.4467112166054043,0.9873417721518988,0.10126582278481013,79.0
9,-1,4410.0,False,True,,,,,,,,,,,86.12817455591872,113.22689966740181,66.35960607132267,-0.9296925272843739,0.5324288011658014,-0.2896981037245377,,,3.2253464977102366,0.2802952537361545,1.0,0.2222222222222222,54.0
9,-1,4440.0,False,True,,,,,,,,,,,90.75092041888347,154.67661869437867,102.36282260710686,-0.8160226212258137,0.23770716083517646,-0.41546478905784684,,,3.380003487622938,0.2826604840823996,0.9818181818181818,0.32727272727272727,55.0
9,-1,4470.0,True,True,77.15068493150685,198.55559330424208,128.30906494021897,,,,2.6757229789871886,0.7616396258756595,53.0,0.4339622641509434,84.38167525549855,156.0153883424394,75.67968671788913,-0.7319321245888684,0.24379551711124295,-0.23890518522197404,,,2.6757229789871886,0.534607744304731,0.984375,0.296875,64.0
9,-1,4500.0,True,True,79.60975609756098,187.9055051356775,161.6026530737313,0.334068928673858,0.7989693686171926,1.3406056557576176,1.8838577770397356,0.3063962185594122,63.0,0.5714285714285714,84.3117459892266,195.25547927294733,99.92965719042525,-0.7641984988082999,0.29026166797569164,-0.22716124767438925,,,1.8838577770397356,0.2667003798694567,0.9859154929577465,0.23943661971830985,71.0
9,-1,4530.0,True,True,74.17789757412399,181.28454390718076,167.55945773068137,0.320365168789822,0.8095659926715162,1.2628037944243968,2.57983640080744,0.4243079117326454,51.0,0.5882352941176471,78.86972596341599,200.005540886787,102.20215967674895,-0.772492274794557,0.289844218260741,-0.22720149733744627,,,2.57983640080744,0.38426608291805414,0.9821428571428571,0.25,56.0
9,-1,4560.0,False,True,,,,,,,,,,,78.42575999995117,179.71289176987852,124.96219401963717,-0.7527534004991,0.2638116261797539,-0.23334277066496434,,,2.7216040040371925,0.36519096892127545,0.9583333333333334,0.2708333333333333,48.0
9,-1,4590.0,True,True,69.1891891891892,203.62750901419383,145.27049123961825,0.2665543073717823,0.8439023848127862,1.3050852759719593,2.476282588872863,0.41722248228935427,54.0,0.5,71.17115784499438,129.17431854534766,74.98468511984683,-0.7083619213878999,0.24398701442144693,-0.2308662225348012,,,2.476282588872863,0.30963057625324114,0.9821428571428571,0.23214285714285715,56.0
9,-1,4620.0,True,True,74.35948361469711,174.12135433588404,121.28261481453144,0.3266130376082535,0.7903677562522361,1.3519368113136525,2.958017057192924,0.4975832162876174,50.0,0.58,75.48861858692922,137.3430230278204,76.75414123029097,-0.7315053685464199,0.2620802710241672,-0.22511604445928363,,,2.958017057192924,0.4183099397462905,1.0,0.25862068965517243,58.0
9,-1,4650.0,False,True,,,,,,,,,,,85.14616430051956,86.22938830150402,66.56055701536498,-0.7714726260600122,0.353392349675669,-0.23770048194745308,,,2.9488338778395025,0.33025211243421576,1.0,0.2692307692307692,52.0
9,-1,4680.0,True,True,73.25914149443562,156.67605918634513,75.43098103104292,0.3370993180789338,0.7921579705210116,1.3335760634097005,2.277799574988301,0.5050366936472805,56.0,0.7321428571428571,73.10705569185986,124.04558954877513,65.80527573672582,-0.7354284478424281,0.34054140213449763,-0.2225811942048557,,,2.277799574988301,0.5050366936472805,1.0,0.1864406779661017,59.0
9,-1,4710.0,True,True,69.03840915281938,117.14390700450828,75.15542687364182,0.307216909587854,0.8327082882394596,1.3218318979097035,1.6880326556978247,0.5175220395828978,67.0,0.8805970149253731,70.99761499104194,99.95529819507317,50.54649906490095,-0.7431889195581888,0.36814414443499466,-0.2225811942048557,,,1.6880326556978247,0.44037769048420083,1.0,0.203125,64.0
9,-1,4740.0,True,True,72.21586263287,91.53936706415656,52.14248534936833,0.3244020119786131,0.8151267028506672,1.2895094392977264,1.6286809208211632,0.539562696830936,70.0,0.9571428571428572,72.93120981501721,89.05980049350339,39.870251492531196,-0.7436900472411053,0.3870818129576503,-0.24500147854629742,,,1.6286809208211632,0.539562696830936,1.0,0.21739130434782608,69.0
9,-1,4770.0,True,True,72.72727272727273,87.72938359738322,56.04922296714369,0.3197318084697516,0.8212549914331059,1.2630737425122909,1.723253707879054,0.5210198685076335,71.0,0.9436619718309859,73.18224994170751,81.12467806790954,37.091313795558484,-0.7491948691203427,0.38335791132992114,-0.22504118611417634,,,1.723253707879054,0.5210198685076335,1.0,0.2608695652173913,69.0
9,-1,4800.0,True,True,72.43302351011482,81.65256402039073,53.99177659883501,0.31990403163026576,0.8237953526407694,1.268186669344238,1.783058697639151,0.5155352948774523,70.0,0.9571428571428572,72.56761485023934,61.19823602261481,33.346311371952645,-0.7421249789372341,0.4089821882819382,-0.23201634101494611,,,1.783058697639151,0.5155352948774523,1.0,0.2318840579710145,69.0
9,-1,4830.0,True,True,72.45283018867924,58.46339666834283,32.04413747198588,0.3133915381626144,0.8329276571416717,1.2430962500792335,1.8037895453128052,0.48605877022691657,70.0,1.0,72.68149343021456,56.88137510870666,30.508101301535707,-0.7370996839233566,0.3972531596432754,-0.2548199564786534,,,1.8037895453128052,0.48605877022691657,1.0,0.15492957746478872,71.0
9,-1,4860.0,True,True,73.11343523732903,84.83913163771923,69.4907040572165,0.3129392697905595,0.8251914093772865,1.2482792820579103,1.770434194188865,0.4896772072954754,72.0,0.9583333333333334,73.47088275358162,64.98232111974879,29.368697224259574,-0.7350927605437944,0.3915200725800415,-0.2514519706038687,,,1.770434194188865,0.4896772072954754,1.0,0.1506849315068493,73.0
9,-1,4890.0,True,True,73.6640175390518,86.40135145503046,71.90743914300158,0.32103618388098276,0.8192311521669773,1.239063913385429,1.8130322669079308,0.4410483867549289,71.0,0.9436619718309859,74.08399673204052,65.8489353361768,44.495106862331774,-0.7464324333537171,0.4145006425813642,-0.2662855794423693,,,1.8130322669079308,0.4410483867549289,1.0,0.136986301369863,73.0
9,-1,4920.0,True,True,74.59370725034199,57.97570802782806,37.06970388914068,0.3174760313058303,0.8131091449363212,1.215478910985097,1.8762608139937509,0.46375186966550414,72.0,0.9861111111111112,74.84388532494637,64.54509216918937,33.966131096174195,-0.7570718661655227,0.41455903764987967,-0.2675502340893573,,,1.8762608139937509,0.46375186966550414,1.0,0.05405405405405406,74.0
9,-1,4950.0,True,True,74.38256658595643,65.3739276212776,50.90558268219985,0.3011955860785127,0.8079662242551735,1.205623638849656,1.9147530414815233,0.44321525509103515,73.0,0.9863013698630136,74.6377074408699,51.296953782568615,32.931625618478726,-0.7477027049110012,0.38016523086676635,-0.22999786827610683,,,1.9147530414815233,0.44321525509103515,1.0,0.06944444444444445,72.0
9,-1,4980.0,True,True,72.0,102.27292068955767,89.20872616844595,0.28034938097742884,0.8304413531250282,1.1998498990904456,1.9212336526319689,0.40072555674823435,70.0,0.9142857142857143,72.18176517699727,48.37676828042593,29.46908991533631,-0.7207261247180725,0.3598760209026908,-0.22619534128001417,,,1.9212336526319689,0.4135169711495325,1.0,0.11428571428571428,70.0
9,-1,5010.0,True,True,69.00081677103185,109.0307916299598,104.77551948217017,0.2466209223157461,0.873277418584974,1.1716159407244364,1.907280925029886,0.38275555692945246,67.0,0.8955223880597015,69.10939671817674,45.082863168075754,27.269303285723034,-0.7149599955712174,0.34726420560446253,-0.22635710618313654,,,1.907280925029886,0.38275555692945246,1.0,0.14925373134328357,67.0
9,-1,5040.0,True,True,71.3312693498452,86.93287508463196,68.85831778101742,0.2960764262265805,0.8383778322283238,1.2122284328127324,2.0538925164313846,0.4559238015489192,63.0,0.9365079365079365,71.39255526688034,92.32912111164768,38.21252941708885,-0.7404975121264352,0.3722856545089556,-0.2628087311828103,,,2.0538925164313846,0.4559238015489192,1.0,0.15384615384615385,65.0
9,-1,5070.0,True,True,75.9047136340598,128.78310748548017,84.55023758559906,0.378074277687623,0.7620462547709383,1.2041393027067746,2.7453380561844867,0.3853991822325882,53.0,0.6226415094339622,77.86716653126877,159.93219569494806,62.96354560418918,-0.778552579301885,0.3810989637757951,-0.27889558244783813,,,2.7453380561844867,0.4388646787696864,1.0,0.21153846153846154,52.0
9,-1,5100.0,True,True,72.36749116607773,185.59760289155878,129.13095944621492,0.3505358669330607,0.7625673920792752,1.212568691623866,2.987250025700845,0.30955451248319915,47.0,0.5106382978723404,74.6602698279239,174.7107602681608,64.24852300351411,-0.7539974498437774,0.2934465726209159,-0.1991228955809069,,,2.987250025700845,0.27922674114747553,1.0,0.32653061224489793,49.0
9,-1,5130.0,True,True,73.07086614173228,189.8378345867304,101.26157341262282,0.2951998733286301,0.8073518028755649,1.3111777593793674,3.0502771077883954,0.38341202530438806,40.0,0.6,76.12369187448273,143.41142216192844,55.32486292420297,-0.8079988653739884,0.330778255081542,-0.21626579950928596,,,3.0502771077883954,0.2940691069251812,0.9811320754716981,0.22641509433962265,53.0
9,-1,5160.0,False,True,,,,,,,,,,,87.39664446793715,139.5517445774618,73.93448737694699,-0.8176070707429013,0.36050169751256533,,,,2.830361523131401,0.5160739313146946,0.9607843137254902,0.1568627450980392,51.0
10,-1,0.0,True,True,93.49565217391304,91.81739252171984,75.97857892620236,0.3536624607837633,0.7615785431650268,1.2193889188389762,1.9501669473479897,0.5708762087708338,75.0,0.7066666666666667,93.28065234475568,53.99755522786865,32.89418657903768,-0.8282358592446899,0.3932157009241871,-0.26077808946894004,,,1.9501669473479897,0.5708762087708338,1.0,0.15384615384615385,78.0
10,-1,30.0,True,True,95.09433962264151,109.56279505957289,96.2036857283923,0.43718670760702155,0.7147977045425874,1.210065536089366,2.5108535894892796,0.3668877465549862,52.0,0.5769230769230769,95.76940955248419,57.64404554349297,38.00986926533259,-0.8497376194913373,0.4334176912609983,-0.2683147096451505,,,2.5108535894892796,0.3668877465549862,1.0,0.11940298507462686,67.0
10,-1,60.0,False,True,,,,,,,,,,,91.4792956736926,65.01040975201643,27.32781105864839,-0.7805966429728624,0.3497145778582421,-0.3031753949260847,,,2.7881210311371145,0.26723676187435513,0.9622641509433962,0.20754716981132076,53.0
10,-1,90.0,True,True,85.82375478927203,148.00599321771176,107.16517624676403,,,,2.776527482084774,0.2193033157129037,45.0,0.4666666666666667,89.35075265529763,53.095328769412355,46.524880536438005,-0.8037027653318559,0.3365859493386873,,,,2.776527482084774,0.23552648092688466,0.9649122807017544,0.17543859649122806,57.0
10,-1,120.0,True,True,92.24199288256229,62.37430582302509,48.663785944991986,0.32585586966380115,0.7636790335685273,1.2611117950515616,2.564103377017557,0.2750148078069919,59.0,0.7457627118644068,93.3848389818325,92.46444768231677,59.27764897540876,-0.8168041295012214,0.36335905013740166,,,,2.564103377017557,0.2526991456216544,1.0,0.05555555555555555,72.0
10,-1,150.0,True,True,97.43760399334442,26.512982211576386,18.350631859834483,0.34207546835557817,0.7400414882281359,1.2515921146919917,2.563412591848215,0.1663571415646452,65.0,0.8923076923076924,95.01891940292968,95.04665391618076,31.200375026666862,-0.8384761213239205,0.4456686285623012,,,,2.563412591848215,0.12759197465692299,1.0,0.037037037037037035,81.0
10,-1,180.0,True,True,101.20481927710844,18.599508205502165,15.976167442048283,0.3574896240485655,0.7154916555147712,1.248599525711903,2.6785575583434658,0.163737081082066,76.0,0.8947368421052632,100.49149416977974,62.368781715593805,11.392389751770624,-0.8429671699408747,0.45645095214755993,,,,2.6785575583434658,0.1918375230411933,1.0,0.023529411764705882,85.0
10,-1,210.0,True,True,102.64884568651277,19.193211707608565,14.871539389838881,0.37604733558195896,0.6852524958997525,1.2613455200794463,2.180734266233414,0.3159256453892131,93.0,0.8709677419354839,103.17386132022023,27.312201187315868,10.607332106241556,-0.8697523609422717,0.4502714298744288,,,,2.180734266233414,0.36006865885411143,0.9894736842105263,0.010526315789473684,95.0
10,-1,240.0,True,True,101.47991543340379,55.98662062662104,38.273277230987155,0.3895888461944114,0.6693337394026098,1.2732451026262153,2.022706346095527,0.2404312059767803,80.0,0.7125,101.47611983931291,54.622955262542135,37.042952890860285,-0.8700978449699595,0.4293247530604066,,,,2.022706346095527,0.2404312059767803,1.0,0.06741573033707865,89.0
10,-1,270.0,True,True,96.22911694510739,82.23629259457445,74.66287076474713,,,,2.002032563420911,0.19505584617304944,72.0,0.4444444444444444,97.51308370096754,58.77935225896615,44.0473788867071,-0.7929744154683528,0.321424451801278,-0.20284034844692853,,,2.002032563420911,0.2263499028438287,0.9873417721518988,0.10126582278481013,79.0
10,-1,300.0,True,True,95.23082792827165,58.925343773474204,43.24686779017313,0.30471658600030477,0.7686084637700309,1.2319552598945087,1.7112733685456396,0.32941116144363775,75.0,0.5866666666666667,95.92146246011177,30.306475380475295,24.590801292963313,-0.7900523644927605,0.3318434113892611,,,,1.7112733685456396,0.32941116144363775,1.0,0.06097560975609756,82.0
10,-1,330.0,True,True,97.4485596707819,52.531852556644466,25.223902655051518,0.3272975444314634,0.7493015203970826,1.2307378251947247,2.2500541518528503,0.2165208927446346,46.0,0.5869565217391305,97.61897544796116,32.19306776065659,23.96322339071081,-0.8060014300764696,0.33854621044826494,,,,2.2500541518528503,0.2165208927446346,0.9878048780487805,0.10975609756097561,82.0
10,-1,360.0,False,True,,,,,,,,,,,101.26081984370809,41.36523703941641,37.754774498110315,-0.9004810887269521,0.3800227240205505,,,,2.486599720324087,0.14279205912986956,1.0,0.08571428571428572,70.0
10,-1,390.0,False,True,,,,,,,,,,,103.4847582329788,21.406971559354083,16.645286196887117,-0.9133638046834095,0.47291727697911856,,,,2.7489400751526385,0.19252287805047513,1.0,0.0,64.0
10,-1,420.0,True,True,106.40198511166253,16.707604629777066,19.23924867337935,0.32589216777480395,0.759138805007592,1.17237849941541,2.2898878606136073,0.16894959553550093,73.0,0.7123287671232876,106.38992847177542,15.347245693322279,11.751699065634494,-0.8584434454871619,0.41771147054134794,,,,2.2898878606136073,0.16894959553550093,1.0,0.011764705882352941,85.0
10,-1,450.0,True,True,106.66666666666666,35.70653437708877,23.4375,0.32281099114719186,0.7578551069664874,1.1757995724358905,1.9629757389706497,0.28779461857192995,61.0,0.5737704918032787,106.27400744708278,39.312253673378244,14.114880118027767,-0.8381721896706095,0.3923113698276347,,,,1.9629757389706497,0.28779461857192995,0.9852941176470589,0.058823529411764705,68.0
10,-1,480.0,False,True,,,,,,,,,,,98.17695474785509,82.05228757301926,30.316831968374608,-0.792807445912551,0.3318087395325429,,,,2.5039526542445274,0.19864051214474032,0.9642857142857143,0.16071428571428573,56.0
10,-1,510.0,True,True,101.13848768054375,20.198438805899425,16.13743060919757,0.28639574128483364,0.7647079794318768,1.1822491404535798,2.4645957983594666,0.1623792402483259,67.0,0.6268656716417911,98.8751455448917,51.26850594095231,24.552958487867624,-0.7581318410327811,0.34921011859251483,-0.23661113889306862,,,2.4645957983594666,0.20019121259076078,0.9770114942528736,0.06896551724137931,87.0
10,-1,540.0,True,True,101.38155515370704,41.98650078414981,27.195633502782155,0.29764909200874606,0.7564764484135708,1.2013615390097891,2.1809796347484602,0.15429481228771885,80.0,0.6625,101.64413922990686,52.21621323381392,42.30170486475175,-0.7556882187061227,0.33755939102229837,,,,2.1809796347484602,0.15429481228771885,1.0,0.053763440860215055,93.0
10,-1,570.0,True,True,100.17391304347825,47.60038158202501,55.1736206711935,,,,2.731297155756488,0.1509685532649738,53.0,0.4716981132075472,102.78693974988514,54.93309561601167,32.152637709897526,-0.7950278752493588,0.3508729617965459,,,,2.731297155756488,0.12249950227561598,1.0,0.08860759493670886,79.0
10,-1,600.0,True,True,99.08118313404655,38.71414795038618,51.05258202830447,0.33520780344020473,0.7462127227062267,1.1373934792656641,2.6367640949893483,0.15860499521385288,52.0,0.5576923076923077,99.37890468017096,48.81859224751906,26.264025749466978,-0.7838234929532336,0.3669755661369957,,,,2.6367640949893483,0.15860499521385288,1.0,0.06666666666666667,75.0
10,-1,630.0,True,True,100.50808314087762,66.37818722604754,24.881134832151734,0.35392543163187823,0.714666820412487,1.162569489764232,2.5950277345592094,0.19873659731764962,45.0,0.5111111111111111,99.36358492559756,43.636107837959116,25.420067406253317,-0.8272116651166554,0.3831972925135132,,,,2.5950277345592094,0.19873659731764962,1.0,0.07575757575757576,66.0
10,-1,660.0,True,True,100.27649769585253,96.43519711519782,53.388592385218395,,,,2.570023383077701,0.20606905185422725,63.0,0.42857142857142855,101.44901191936229,59.68935672903676,49.04284442985361,-0.8600171100803706,0.36168079736551684,,,,2.570023383077701,0.17440497555615195,0.9857142857142858,0.08571428571428572,70.0
10,-1,690.0,True,True,96.23587223587225,115.46673721016275,66.46640307775981,,,,2.7110049376739855,0.14178712518679906,63.0,0.36507936507936506,101.53510586555458,67.77355187070908,52.62335500475902,-0.823683302779185,0.3540092463351697,,,,2.7110049376739855,0.12687886827527545,0.972972972972973,0.0945945945945946,74.0
10,-1,720.0,True,True,88.72913992297818,104.55656197856632,55.96190591637407,0.3593895732877381,0.7115233576931234,1.2403951053241677,2.6798792482856446,0.20571119515606898,46.0,0.6521739130434783,97.74622863342013,83.59158446425943,72.56524393949734,-0.8148121686807426,0.3299050021710055,,,,2.6798792482856446,0.180397869006962,0.967741935483871,0.11290322580645161,62.0
10,-1,750.0,True,True,95.54502369668246,32.416875852117734,18.948095705963514,0.3027918135190445,0.761308563915875,1.2768551785240585,2.2153137514648686,0.19734503222606642,53.0,0.7547169811320755,97.48199278390294,57.58214124700888,59.66630673931441,-0.8154546574464442,0.34851209297564584,,,,2.2153137514648686,0.2202379173045029,0.9594594594594594,0.0945945945945946,74.0
10,-1,780.0,True,True,89.52539550374686,86.77144667173995,70.3125,0.30002268408758537,0.7712640408384884,1.2589916271921795,2.479406341856266,0.33242817144198344,39.0,0.6410256410256411,95.54083331304643,77.83789677806469,62.95935081004421,-0.8217883524483659,0.35071308324238715,-0.23923002918054304,,,2.479406341856266,0.28417362736373,0.9701492537313433,0.11940298507462686,67.0
10,-1,810.0,True,True,88.99570815450645,104.15998910220797,60.12991267921087,0.2997172095677755,0.780633153803159,1.2192427886552102,2.691422277054699,0.25484815151893564,40.0,0.55,93.93290905932797,68.30197018254503,38.93235575162719,-0.8373202458014057,0.35612003615120785,-0.259710978347942,,,2.691422277054699,0.21617819600940313,1.0,0.1,60.0
10,-1,840.0,False,True,,,,,,,,,,,97.79602616080976,31.363427530937724,31.413911936557724,-0.8523837539211437,0.35648716222782345,-0.309735597121923,,,2.759164322325789,0.1548472015826605,1.0,0.08196721311475409,61.0
10,-1,870.0,True,True,95.67010309278349,71.69087172271006,64.84322707285797,0.26453261408825224,0.8154062121738707,1.1635659960315854,2.469273019300489,0.12012468942795235,41.0,0.5365853658536586,95.51138694715935,23.497766592762577,20.453646841483394,-0.8205351017014341,0.3881565519144264,-0.326033955446288,,,2.469273019300489,0.12012468942795235,1.0,0.03125,64.0
10,-1,900.0,True,True,94.28571428571428,46.24867862805853,50.37635903220979,,,,2.346074574513393,0.22952389792452876,55.0,0.4727272727272727,95.13387453705063,44.84751737586374,21.961721227988647,-0.7809248062356089,0.3276823949603404,,,,2.346074574513393,0.1801258396364023,0.972972972972973,0.08108108108108109,74.0
10,-1,930.0,True,True,89.36727272727272,63.237755726938644,50.550356493962205,,,,2.3721942189141867,0.2850947515148355,73.0,0.4657534246575342,89.28166136354179,44.38219346624269,26.078779212970662,-0.6822193682399356,0.23075033010596133,,,,2.3721942189141867,0.2850947515148355,0.9868421052631579,0.32894736842105265,76.0
10,-1,960.0,True,True,91.06251924853711,59.24948847913629,32.66283954785265,,,,1.9228568323085133,0.23768900324251988,81.0,0.43209876543209874,90.41581560289598,48.1638766884078,30.041830642898965,-0.6827959279659065,0.21949887200668433,-0.1436221395977607,,,1.9228568323085133,0.23768900324251988,0.9880952380952381,0.2619047619047619,84.0
10,-1,990.0,True,True,93.13929313929314,52.34342408584917,21.58113046871485,0.17569738976923716,0.8757117069045138,1.0883445950992237,2.247847887557338,0.35247908371007725,77.0,0.5454545454545454,93.0764592616846,40.93919847175872,27.728479869702248,-0.7163805227178408,0.2646802832226045,-0.18518270851933838,,,2.247847887557338,0.35247908371007725,0.9878048780487805,0.10975609756097561,82.0
10,-1,1020.0,True,True,95.85563909774437,38.91736739902058,30.861786171234684,,,,2.1110044465691096,0.2469687453010688,87.0,0.42528735632183906,95.92851505515236,36.53607218450734,19.2108731587576,-0.6647611388154705,0.2365707589671424,-0.18282110266210516,,,2.1110044465691096,0.2469687453010688,1.0,0.1348314606741573,89.0
10,-1,1050.0,True,True,100.59342421812349,38.92698854468595,55.345134600695225,,,,1.0727216484702031,0.23754526686960478,99.0,0.15151515151515152,100.6005014129752,23.236060892149226,17.889440368865873,-0.5918513260324844,0.17530619869593117,-0.1573997079871451,,,1.0727216484702031,0.23754526686960478,1.0,0.12121212121212122,99.0
10,-1,1080.0,True,True,102.54022595001712,34.03270358210945,52.20284711221814,,,,2.0753828690840455,0.1843796944699106,84.0,0.08333333333333333,102.48263736695418,20.897049280186422,19.866362028465637,-0.5833318754395718,0.1254110738695431,-0.18707260131790118,,,2.0753828690840455,0.1843796944699106,0.9894736842105263,0.08421052631578947,95.0
10,-1,1110.0,True,True,100.19285309132161,26.363500452311595,19.958324176828285,,,,2.4703865145170223,0.2005592447013787,57.0,0.45614035087719296,100.44737509337973,46.00300800558242,34.18015903604499,-0.7910323928174308,0.3114185651202336,,,,2.4703865145170223,0.2005592447013787,0.9880952380952381,0.03571428571428571,84.0
10,-1,1140.0,True,True,96.39434048379736,56.07641332050629,55.726732812896906,0.3616618752310168,0.7184647093408321,1.2492265816245154,2.636275462628591,0.13844330568531565,64.0,0.703125,97.42829216072876,39.01713183498105,19.806902339879784,-0.8449416543920241,0.40815483426610955,,,,2.636275462628591,0.15947076532546794,0.9866666666666667,0.06666666666666667,75.0
10,-1,1170.0,True,True,96.7741935483871,48.02376378164359,44.44456774761937,0.30091728411334945,0.7779771204067812,1.1886735713678032,2.5861031713191185,0.1422333380551368,64.0,0.6875,96.15973023093699,70.56769314237982,53.514540670025845,-0.8202000890094883,0.38152070627611917,-0.23777388363090746,,,2.5861031713191185,0.1422333380551368,0.9594594594594594,0.06756756756756757,74.0
10,-1,1200.0,True,True,100.14903129657229,27.24386054454472,18.746053877679124,0.29476400922701834,0.7671922459943203,1.2480475399752764,2.256158727384546,0.28751127071336946,78.0,0.6282051282051282,99.37864616993808,42.59626500835099,34.57620125034831,-0.7979966463025913,0.3575852593253244,,,,2.256158727384546,0.28751127071336946,0.9883720930232558,0.011627906976744186,86.0
10,-1,1230.0,True,True,101.12554112554113,25.24465288033698,18.997461214822774,0.30356996266878633,0.7442374954847166,1.2505857944346481,2.3040827931699104,0.24219960508279673,77.0,0.5974025974025974,100.94533945305868,26.477072078569844,17.401580007698392,-0.7972641427320755,0.3581832231420814,,,,2.3040827931699104,0.24219960508279673,1.0,0.022988505747126436,87.0
10,-1,1260.0,True,True,95.37254901960783,112.4204515659794,58.59795011828073,0.3272799360923461,0.7246698794178302,1.2411494210182654,2.940325709004798,0.2636622738732701,48.0,0.5,97.78110570427286,59.870759154330266,59.25218410043744,-0.7947670202274894,0.3370691482868058,-0.2295121455116713,,,2.940325709004798,0.30994737324059235,0.9855072463768116,0.08695652173913043,69.0
10,-1,1290.0,True,True,85.62607204116638,128.97273854903838,117.26559897567999,,,,2.5941861189021482,0.18777234543357166,60.0,0.38333333333333336,87.48247758795534,81.81381916058585,60.29856401206632,-0.7187129405253205,0.27848459153206273,-0.22827180055252078,,,2.5941861189021482,0.22072852508427648,0.9855072463768116,0.18840579710144928,69.0
10,-1,1320.0,True,True,82.06027397260273,128.3134051488481,129.8050346285743,,,,1.5868442310647202,0.2415469096513834,79.0,0.4810126582278481,82.66144469357718,77.11037206222463,52.016670294877805,-0.6886722786630575,0.2837838648193325,-0.22915253775580044,,,1.5868442310647202,0.2415469096513834,1.0,0.23170731707317074,82.0
10,-1,1350.0,True,True,80.56899004267426,135.24210789148333,154.66413345996403,,,,2.6719535382197623,0.3013865186839379,64.0,0.484375,80.52088321344961,70.95130874472245,43.56448898665111,-0.6241526923188824,0.2731176012915528,-0.2418935408916303,,,2.6719535382197623,0.3013865186839379,0.9846153846153847,0.2153846153846154,65.0
10,-1,1380.0,True,True,77.46397694524495,108.06507250649182,113.92231422762299,,,,2.725807449011911,0.3916527539639982,58.0,0.4482758620689655,77.47422571991271,65.79350725419378,37.86699732569559,-0.6604921904129688,0.21923607761391806,-0.21724328579862198,,,2.725807449011911,0.3916527539639982,0.9841269841269841,0.15873015873015872,63.0
10,-1,1410.0,True,True,74.6874131703251,64.36818731665261,50.648775972008316,0.13137099425640134,0.9104489182235393,1.0105966857969473,2.0409387363942155,0.2111492406528076,72.0,0.6944444444444444,74.54186855172449,49.52722060097618,40.84306799962975,-0.6401828940810139,0.20510568137461774,-0.2058492230743886,,,2.0409387363942155,0.2111492406528076,1.0,0.18309859154929578,71.0
10,-1,1440.0,True,True,76.09419873635841,79.5179004629297,60.64130740726572,0.11361057618701109,0.9263224376277784,0.9616860631069016,2.1842279212611264,0.1907624837668246,72.0,0.7083333333333334,75.57093061689571,48.83855509533016,38.12849175016126,-0.6363746279969604,0.2064343880681671,-0.21659195304565645,,,2.1842279212611264,0.1907624837668246,1.0,0.2054794520547945,73.0
10,-1,1470.0,True,True,76.82259488084732,69.16916860421539,46.875,0.11765061514124397,0.9238774054529769,0.9595525521755681,2.23133485714659,0.20152399309698038,71.0,0.6619718309859155,76.28607585894183,39.304244646225655,32.28598799044211,-0.6495068495105416,0.20781034052357852,-0.2184916533063217,,,2.23133485714659,0.19437860034849241,1.0,0.16901408450704225,71.0
10,-1,1500.0,True,True,77.89976133651551,64.82353733519221,44.893861235092544,0.1765204031157499,0.8830870529533339,1.0711276075375498,2.6529316351745496,0.41469278479795646,55.0,0.7090909090909091,77.207888111013,64.03224274822215,46.33674374460328,-0.7007363291824489,0.2581970198963973,-0.21870754597840816,,,2.6529316351745496,0.41469278479795646,1.0,0.11475409836065574,61.0
10,-1,1530.0,True,True,77.40989615149662,203.42298582609908,86.60254037844386,,,,2.936708687296946,0.4789335686498643,47.0,0.3617021276595745,78.62191358015474,203.5914439716216,129.09835194406955,-0.8444378854541222,0.33626699386092934,-0.256104280755656,,,2.936708687296946,0.42150201428890327,0.9482758620689655,0.22413793103448276,58.0
10,-1,1560.0,True,True,69.13502935420743,231.6790904974635,120.93613734697438,,,,2.786972149992197,0.46437525916722705,57.0,0.22807017543859648,70.49517178674952,192.89834768483553,101.53536295487275,-0.6211251019226576,0.18268437786468847,-0.22487003698041494,,,2.786972149992197,0.42386447994432236,0.9444444444444444,0.3888888888888889,54.0
10,-1,1590.0,True,True,67.72113529898044,164.953050855994,135.49285412530708,,,,1.6493333250597622,0.20272561561826252,66.0,0.30303030303030304,68.37490960276199,109.60938078260784,53.27204269915924,-0.6081169738364832,0.2038752796246381,-0.2087313837584711,,,1.6493333250597622,0.21113297274769863,0.9848484848484849,0.42424242424242425,66.0
10,-1,1620.0,True,True,70.41050903119869,152.85923999671886,164.56142042011632,,,,1.6063069322967638,0.20830699889043824,68.0,0.3382352941176471,70.87706112997107,49.540037658147156,40.254049694728344,-0.6305472878411496,0.2419267883266243,-0.22586684353747288,,,1.6063069322967638,0.19107733668967472,1.0,0.3188405797101449,69.0
10,-1,1650.0,True,True,75.33514986376022,141.63545961683627,155.37199434632734,0.1645448724272318,0.9071665743424799,1.0419919932976414,1.601779845851543,0.19959786319388265,73.0,0.5068493150684932,75.53986732298347,62.80055774408237,38.248628530638875,-0.6892999871445379,0.2726523116442584,-0.23501083810225243,,,1.601779845851543,0.19959786319388265,1.0,0.21621621621621623,74.0
10,-1,1680.0,True,True,77.23837999456374,116.166939362842,120.99969206890252,0.1675824786030536,0.9134520442377764,1.0515915550007358,1.5771872383581735,0.251078040497945,75.0,0.7733333333333333,77.26236966938042,50.62244075981861,46.74649043538624,-0.71362725467407,0.28894524173344166,-0.23734863002186524,,,1.5771872383581735,0.251078040497945,0.9868421052631579,0.2236842105263158,76.0
10,-1,1710.0,True,True,78.4527376736584,93.18145924403011,91.69175459612218,0.18135161684704829,0.9051457441953971,1.107185802001717,1.6312032212611707,0.26625741877200937,76.0,0.9078947368421053,78.49510468325671,51.20298190855687,33.37975170211855,-0.7573068477871818,0.30753467784358457,-0.25898293299585096,,,1.6312032212611707,0.26625741877200937,1.0,0.16666666666666666,78.0
10,-1,1740.0,True,True,78.7243735763098,126.21063781555452,75.75820642124478,0.21241431932487848,0.8831641910108932,1.1284250012013632,1.6870451599962404,0.34000397865952503,75.0,0.8533333333333334,78.83167863944011,78.18762975179462,48.618328513707844,-0.7582620880442072,0.31624699305196935,-0.2500724710679848,,,1.6870451599962404,0.34000397865952503,1.0,0.08108108108108109,74.0
10,-1,1770.0,True,True,76.64448944171247,155.19276807639582,112.77563847938951,0.22093037880382732,0.883811312472452,1.125664313216014,1.8080106339794098,0.31117123226742954,72.0,0.8055555555555556,77.06979388147967,92.89443037509369,63.0709602205861,-0.7411189759452621,0.32316351596428494,-0.2602280395905312,,,1.8080106339794098,0.31117123226742954,1.0,0.0684931506849315,73.0
10,-1,1800.0,True,True,76.88311688311688,107.50579550085544,90.19047473516561,0.1953450027141275,0.8928351127711348,1.1058963299249547,1.675847614413209,0.3029560768850472,75.0,0.8933333333333333,77.06713973692975,61.30368940828716,40.99961063682379,-0.7377359139494728,0.32406975259622095,-0.25928876377825594,,,1.675847614413209,0.3029560768850472,1.0,0.07894736842105263,76.0
10,-1,1830.0,True,True,77.58679567444507,120.5940363038418,73.26043573902719,0.19061053820958784,0.8882153408793289,1.0930731768919337,1.7981612015254613,0.28008688402642856,74.0,0.7972972972972973,78.3804804414816,66.32095373059096,38.147702097622975,-0.7428305734608981,0.32459997273863617,-0.24128078203157946,,,1.7981612015254613,0.2562006524506543,0.9866666666666667,0.13333333333333333,75.0
10,-1,1860.0,True,True,77.506678539626,149.29565430366188,120.03639362899297,0.18541515725002103,0.8991503676262658,1.1048523508981036,1.7966320071850632,0.2626824799685159,72.0,0.625,77.78748167903964,66.60407328667112,37.53910978514733,-0.7535240492755604,0.31448714110190723,-0.24593788264418348,,,1.7966320071850632,0.2626824799685159,1.0,0.18309859154929578,71.0
10,-1,1890.0,True,True,75.34506089309879,127.4420688973372,115.32901304528708,0.1849312746183945,0.9114883867056358,1.072449898418445,2.3175354429590342,0.4141053231604651,64.0,0.75,77.08079125690165,73.96967280583078,50.04874467557995,-0.7488401425133215,0.30688013256523894,-0.26840119730442275,,,2.3175354429590342,0.44504107379082847,0.9857142857142858,0.17142857142857143,70.0
10,-1,1920.0,True,True,78.3673469387755,107.06532412948826,61.51568651571728,0.19597687765688035,0.8927293773143026,1.119461454296032,2.317750301364144,0.41567470914703447,69.0,0.8405797101449275,78.93173170469036,86.92721220606879,49.86206815600915,-0.7513659755932698,0.30137012908251004,-0.2702991581253058,,,2.317750301364144,0.41567470914703447,0.9863013698630136,0.0821917808219178,73.0
10,-1,1950.0,True,True,79.35309973045821,112.4072853328187,70.0951501754936,0.2095650305548143,0.8698618177462198,1.1046407897450596,2.7710618367785007,0.17135588553763542,54.0,0.6111111111111112,80.15753219305364,90.21292852040534,44.071544729802234,-0.7604009308230424,0.29775304149741877,-0.2719325526901018,,,2.7710618367785007,0.14599413932179187,1.0,0.13559322033898305,59.0
10,-1,1980.0,True,True,77.252208047105,184.42279248291172,147.19877876106855,,,,2.7915635521808677,0.19169485954659427,53.0,0.41509433962264153,80.55692639270491,113.82114395860505,40.98832999398158,-0.7157914091872349,0.31542692204691436,-0.29372910700491023,,,2.7915635521808677,0.14933196020726186,0.9821428571428571,0.19642857142857142,56.0
10,-1,2010.0,True,True,77.72296015180265,169.42744014644845,148.35702910290138,0.22866728858880292,0.8680350385218506,1.146622329771801,1.9822623006270408,0.3291859810502607,69.0,0.6376811594202898,79.07796538543327,99.13526718226021,50.068474016598024,-0.7017810099372509,0.3024327448557994,-0.26524692420772217,,,1.9822623006270408,0.30430876214707386,1.0,0.10666666666666667,75.0
10,-1,2040.0,True,True,80.41884816753927,148.6469755167242,106.6688242911578,0.2704972750395232,0.8311396704165911,1.1008526758568156,2.4459486015635297,0.29132406044417936,59.0,0.6949152542372882,81.52850186505233,77.34942289184121,43.733914830052846,-0.7343847850714477,0.3105484325660858,-0.26111063164109116,,,2.4459486015635297,0.34235097027585537,1.0,0.10144927536231885,69.0
10,-1,2070.0,True,True,75.81881533101046,147.2675448950371,104.75271516509468,0.27822368749652604,0.8190650223446322,1.080030868997774,2.3889570546777525,0.31864528764753297,60.0,0.5666666666666667,80.26009868465263,105.47994085787359,66.03626460104465,-0.7610395493201083,0.34146841801982136,-0.26111063164109116,,,2.3889570546777525,0.2872629090013425,0.9692307692307692,0.18461538461538463,65.0
10,-1,2100.0,True,True,75.45263157894736,101.24748223180279,98.68967824998269,0.2485415548269265,0.846632236045366,1.1816304845272045,1.8175602338765364,0.32928812236047966,65.0,0.7076923076923077,77.75558269979548,94.42655930038745,63.33064194348402,-0.7630115202970282,0.342357106343518,-0.2427980104843454,,,1.8175602338765364,0.3470876165134065,0.9538461538461539,0.18461538461538463,65.0
10,-1,2130.0,True,True,80.34978138663335,81.53256670158797,77.85513736288122,0.26069193923172845,0.8272837050930842,1.1897975306481956,2.0814724585572546,0.23474444692085128,72.0,0.7361111111111112,80.65312976897468,75.23614437377995,60.41380071637769,-0.7678425875282601,0.3467067556044037,-0.21900277077479435,,,2.0814724585572546,0.23474444692085128,0.9861111111111112,0.25,72.0
10,-1,2160.0,True,True,83.27052968361181,146.1890665179818,99.10985972754055,0.2648171300547927,0.8088633815079509,1.1370680803858801,2.578041887217154,0.3129112177133981,68.0,0.6029411764705882,86.07340001357657,94.22398442051286,61.182570788102176,-0.7920395463287456,0.3457312539210482,-0.23855318146836044,,,2.578041887217154,0.2632923765356639,1.0,0.1780821917808219,73.0
10,-1,2190.0,True,True,79.75768065772392,174.79654251820517,133.05598225137712,,,,2.6430837314497975,0.25706770367225096,58.0,0.41379310344827586,84.32233186994894,118.16731503309713,74.50981784882103,-0.7971326621765407,0.30435926815107917,-0.2663675827904073,,,2.6430837314497975,0.22311538761389396,1.0,0.203125,64.0
10,-1,2220.0,True,True,73.89432485322897,132.04061005688155,148.57047062807285,,,,2.3548705670263916,0.19479984511178616,63.0,0.31746031746031744,74.15553812946402,81.70074972135475,70.85375758950782,-0.6911363780784459,0.2582993103697566,-0.26386211898289014,,,2.3548705670263916,0.19479984511178616,1.0,0.296875,64.0
10,-1,2250.0,True,True,73.50287120590649,137.4937136832329,151.0288377146185,,,,1.6412329095145795,0.2262567395029448,71.0,0.49295774647887325,73.81763131678586,73.91704385995835,54.99848660793238,-0.6713164591305073,0.2838435924846317,-0.2519089617000044,,,1.6412329095145795,0.20885379406811191,0.9861111111111112,0.2638888888888889,72.0
10,-1,2280.0,True,True,74.41048034934498,122.87475910884358,140.36170637828627,0.16514406341511778,0.9345268086755951,1.002695476512926,1.6622286409382552,0.2363405874824236,72.0,0.6527777777777778,74.5119212696688,73.69810981833083,51.82727126759032,-0.6969844676989515,0.313699972516159,-0.25089833046032817,,,1.6622286409382552,0.2363405874824236,1.0,0.24324324324324326,74.0
10,-1,2310.0,True,True,75.59486447931526,112.78748596522543,130.69939453099707,0.18934284525308903,0.9034744526057072,1.0427710290789822,1.720391850425346,0.23205639237093317,71.0,0.7323943661971831,76.60060469258156,88.1196941880882,59.05477774533151,-0.7107850172833774,0.32899314618854325,-0.2464900004986162,,,1.720391850425346,0.2457983628017721,0.9864864864864865,0.16216216216216217,74.0
10,-1,2340.0,True,True,74.69974626444883,113.22399163285421,104.58250331675944,0.19003833546059679,0.8962121645291513,1.0747585883427155,1.745068856834851,0.24989492876015115,71.0,0.8028169014084507,76.66298817428833,91.96940118625409,65.2954379256363,-0.7141741467355442,0.3209775156088608,-0.2464900004986162,,,1.745068856834851,0.2446982431551106,1.0,0.09722222222222222,72.0
10,-1,2370.0,True,True,76.54833424358273,95.07932324543007,82.78983602850573,0.2081046913842181,0.8746056590735513,1.105534522805019,1.740188675706779,0.29397453428331033,74.0,0.8918918918918919,76.82174499327519,69.63643983712454,43.40432071315988,-0.7696974130426304,0.3201580230050696,-0.24983595187292112,,,1.740188675706779,0.29397453428331033,1.0,0.0945945945945946,74.0
10,-1,2400.0,True,True,75.60295324036095,110.91835842102577,100.17433677425454,0.21939475823013163,0.8646978966944951,1.1419191064204783,1.7621288380547822,0.28746195800510976,73.0,0.8767123287671232,75.74512726015999,98.06144905843658,63.25240039606705,-0.7566969985473724,0.3164098724973216,-0.24406208951348946,,,1.7621288380547822,0.28746195800510976,1.0,0.12,75.0
10,-1,2430.0,True,True,73.86616093199675,128.31793394448292,110.12204898040079,0.2213473207303101,0.8808092861369309,1.1809390429494033,1.7115166560856019,0.31345215387122755,72.0,0.8611111111111112,74.04371775517156,100.76444035572081,59.40464354043831,-0.7644765421497487,0.340763744376943,-0.2483605308392553,,,1.7115166560856019,0.31345215387122755,1.0,0.1643835616438356,73.0
10,-1,2460.0,True,True,75.45625841184388,133.38727861340604,103.31969982233211,0.2507422884089185,0.8553453298615621,1.186138320612423,1.6429807140384762,0.33789720536381945,74.0,0.8378378378378378,76.17720657366256,101.71101830219,54.227588959610664,-0.782202598790585,0.36225542121270327,-0.26363206573482634,,,1.6429807140384762,0.33789720536381945,1.0,0.13513513513513514,74.0
10,-1,2490.0,True,True,75.21218715995647,136.187540420863,99.70732100569323,0.2366747353098126,0.8529619629640047,1.1683171606115579,1.6585166285721726,0.3114640757000876,73.0,0.8493150684931506,75.93391332630726,112.86680237318099,57.46866873070522,-0.747680264241407,0.3294257365883573,-0.2509177899822671,,,1.6585166285721726,0.3114640757000876,1.0,0.12162162162162163,74.0
10,-1,2520.0,True,True,76.57235246564268,120.10655052460646,93.50435813876285,0.2427367706656279,0.8440119330807978,1.1912581608343804,1.6864819572949035,0.36087883132763093,75.0,0.8933333333333333,76.7538380846602,101.64137662424899,56.59455705177314,-0.7535470618147169,0.3305644807488517,-0.2553274393241013,,,1.6864819572949035,0.36087883132763093,1.0,0.10526315789473684,76.0
10,-1,2550.0,True,True,79.45548597876395,95.24461919863955,55.22715375903364,0.26451027509514186,0.8250840439474736,1.218129273511744,1.6357016112717961,0.3826894365758905,77.0,0.948051948051948,79.8055523109357,84.04424644804104,48.78874676843109,-0.7897120384818715,0.3519617130234593,,,,1.6357016112717961,0.3520048634005654,0.9875,0.0625,80.0
10,-1,2580.0,True,True,77.8799351000541,111.76129155219357,71.05709807326923,0.24760982520360306,0.8462835380479774,1.1798656111002055,1.5643803439522839,0.3889044675603858,76.0,0.9210526315789473,78.38067948895315,82.50952127998042,48.839791606892085,-0.7734828483750057,0.3406111665966604,-0.2505612231545757,,,1.5643803439522839,0.354856105745417,1.0,0.05194805194805195,77.0
10,-1,2610.0,True,True,75.24324324324324,134.95087476660623,100.41418133162269,0.2533997554724757,0.8560996112274086,1.123877646096697,2.3237133138601895,0.6074100325376285,64.0,0.828125,76.45611611386259,103.86588533437278,49.15694712730783,-0.7769946366756855,0.3447197836734834,-0.2743150305781655,,,2.3237133138601895,0.6074100325376285,0.9850746268656716,0.08955223880597014,67.0
10,-1,2640.0,True,True,79.14262159934047,140.54490349336464,88.97336548442459,0.2662256083192732,0.8413736599690755,1.1457141781218945,2.5673727707914837,0.47905494916774904,62.0,0.6774193548387096,82.70177013269806,131.46453542318451,72.98702151169296,-0.7985974749178795,0.3626345451962149,-0.24302240337014064,,,2.5673727707914837,0.4297748168376177,1.0,0.14925373134328357,67.0
10,-1,2670.0,True,True,82.68524382520584,105.22796252586176,61.800910101767755,0.25147902363202135,0.82825504670823,1.156684217026012,2.281588428436311,0.3180550875018255,74.0,0.7702702702702703,84.67378729162705,80.89241172687046,64.24067293252817,-0.7907011016246938,0.3600944044646868,-0.21873250959280854,,,2.281588428436311,0.256635512882437,1.0,0.17333333333333334,75.0
10,-1,2700.0,True,True,82.09575429087624,76.60108280285219,59.40197783494355,0.2634643900579944,0.8089570805116962,1.1662085350544602,2.508411313539977,0.31967961563770775,76.0,0.8421052631578947,83.31784141754882,43.79197618005329,41.74469828629857,-0.8014735340723173,0.37413011628322357,-0.21406674788116356,,,2.508411313539977,0.2944228288684001,1.0,0.18421052631578946,76.0
10,-1,2730.0,True,True,82.47131509267432,74.20670138723561,83.17760802104699,0.2831004403627946,0.7907116087612461,1.1806342354969248,2.553869308455433,0.39287206167351985,78.0,0.7948717948717948,83.79031491210667,41.0373393432812,29.87583288311411,-0.8296872638107426,0.3870659384679147,-0.22059157596265944,,,2.553869308455433,0.35384272306476655,0.987012987012987,0.15584415584415584,77.0
10,-1,2760.0,True,True,82.29747106729533,118.47654134137393,71.17526233706484,0.3236845351013697,0.7707605169159631,1.1620534819962969,2.9160072275435214,0.24308121857209797,59.0,0.7457627118644068,86.33682848132462,63.85399064187497,45.90827991901433,-0.8133130655912589,0.3847116424251197,-0.29198030321253965,,,2.9160072275435214,0.2120001275816094,1.0,0.12903225806451613,62.0
10,-1,2790.0,True,True,92.327868852459,151.0891216064606,64.85517864001741,0.42926698268476454,0.6967953450658104,1.2480068688377643,2.9034495327946948,0.2049431209319786,54.0,0.9074074074074074,99.31857714068295,79.98028612426909,45.33599199854488,-0.9265713564812601,0.4892108332197713,-0.29739108727968183,,,2.9034495327946948,0.1662465000850024,1.0,0.09375,64.0
10,-1,2820.0,True,True,98.8735114258127,69.49768514992837,57.63932701360314,0.4070647851289747,0.7017478667722462,1.251887176291513,2.0672776996136553,0.43340082339822245,86.0,0.8488372093023255,98.92272473632232,63.71799676941202,35.11846866908773,-0.9063748304397646,0.47286450451673195,-0.26684455558495257,,,2.0672776996136553,0.40125558551440516,1.0,0.07692307692307693,91.0
10,-1,2850.0,True,True,100.42199108469538,77.74672495040532,84.83883140882372,0.3474124586062761,0.7406128660356301,1.2047587590832673,1.9231379405132005,0.3673135430250446,93.0,0.5913978494623656,100.24697082660518,47.83747748667685,30.76969369113846,-0.8565490425689245,0.4114450436889193,-0.24620994101817992,,,1.9231379405132005,0.3673135430250446,1.0,0.0625,96.0
10,-1,2880.0,True,True,108.92212480660133,89.36596396599988,82.1052417756675,,,,2.818214508092615,0.10299337340388198,67.0,0.3582089552238806,111.69572157418808,70.40864633943333,21.38792830538008,-0.8607714807658868,0.3711391100857054,,,,2.818214508092615,0.10713226459191902,1.0,0.024691358024691357,81.0
10,-1,2910.0,True,True,125.45019920318725,81.40595375279648,16.76698031214562,,,,2.9745937677701195,0.06423208684961046,54.0,0.05555555555555555,130.70388081066042,29.022011164282684,21.372512694352988,-0.8878823709682112,0.31067443431058805,,,,2.9745937677701195,0.06184621588520135,1.0,0.045454545454545456,88.0
10,-1,2940.0,True,True,122.17410517012814,68.82730073710339,22.93123080329196,,,,2.6914484837134007,0.08988293281702123,83.0,0.08433734939759036,125.4062462435048,36.29774927460709,24.374440475721816,-0.8595481867328327,0.2884157090990689,,,,2.6914484837134007,0.08926959854856523,1.0,0.010101010101010102,99.0
10,-1,2970.0,True,True,114.15877164325384,64.27667802961341,34.36508842307235,,,,2.242307921370259,0.23215721409031007,97.0,0.061855670103092786,115.66639948742277,39.630861049754756,22.74098778255818,-0.8619852888132423,0.28616676923176476,,,,2.242307921370259,0.23215721409031007,1.0,0.0,96.0
10,-1,3000.0,True,True,114.23935091277889,28.372535585236783,33.32054256082303,,,,2.717619789190748,0.10538730670201256,95.0,0.042105263157894736,114.00524853100804,28.038204779786835,16.946204113412033,-0.8375705037778154,0.28382375798667214,,,,2.717619789190748,0.10538730670201256,1.0,0.020202020202020204,99.0
10,-1,3030.0,True,True,113.48453608247422,27.474756862860705,25.004763265738184,,,,2.8012841632467165,0.09082459740561888,53.0,0.1320754716981132,113.48407967301098,34.077450465640055,21.375298738932255,-0.8136375959190685,0.2643650393998292,,,,2.8012841632467165,0.09082459740561888,0.9875,0.05,80.0
10,-1,3060.0,True,True,107.97891036906853,37.42800127896096,30.113253489357234,,,,2.2064382186839944,0.18866464004335964,49.0,0.30612244897959184,108.2609100380735,74.58077181252379,55.39885569738435,-0.8150817276870395,0.2941249547489046,,,,2.2064382186839944,0.18866464004335964,0.975609756097561,0.04878048780487805,82.0
10,-1,3090.0,False,True,,,,,,,,,,,104.901596597384,89.91833959465365,47.855562715949894,-0.8137836923520032,0.2974140546561738,-0.2125028207670672,,,2.551381831237088,0.249368382545947,0.9661016949152542,0.13559322033898305,59.0
10,-1,3210.0,True,True,114.17244796828543,118.25009150746138,132.36570608378452,,,,2.5900819361405674,0.19490507164189777,52.0,0.15384615384615385,118.98117651720636,85.83023454774171,84.50749590653835,-0.8509115094726724,0.2284281446664057,,,,2.5900819361405674,0.20847318507943838,0.9746835443037974,0.12658227848101267,79.0
10,-1,3240.0,True,True,108.35643564356435,88.97912489311742,86.93783324283125,,,,2.48888450833475,0.16615913825555576,68.0,0.08823529411764706,111.6794904781027,71.60950289606485,67.64970372231716,-0.7519728588991759,0.22153561386253448,-0.25293780832567825,,,2.48888450833475,0.17083847974733957,0.9879518072289156,0.07228915662650602,83.0
10,-1,3270.0,True,True,109.58199356913182,46.308829298808206,51.822262349303124,,,,2.5919242686560877,0.1956475406225176,79.0,0.02531645569620253,110.73524384076686,41.39219987184494,28.11106145363338,-0.7199588638621806,0.1815076449308052,-0.11539113816317921,,,2.5919242686560877,0.1956475406225176,0.9761904761904762,0.0,84.0
10,-1,3300.0,True,True,108.03858520900322,86.52812225008728,36.16484764736529,,,,2.845479822970111,0.19923477014176366,53.0,0.07547169811320754,110.88390428427688,58.45902373302985,29.71516204432952,-0.7490814354564164,0.1691992576708427,-0.11562710622860371,,,2.845479822970111,0.23296560438024325,0.9538461538461539,0.1076923076923077,65.0
10,-1,3330.0,False,True,,,,,,,,,,,104.38223897136739,111.48334118374359,95.20143833785482,-0.6892635979268491,0.05131899537713783,-0.43950122388600243,,,2.8417332798721584,0.2367001376336388,0.9655172413793104,0.25862068965517243,58.0
10,-1,3360.0,True,True,94.09271523178808,124.44744615440831,90.1106893913957,,,,2.447302725477325,0.14845828955212548,52.0,0.15384615384615385,103.6439560637466,74.62161476025115,60.55406258007187,-0.5303828876504646,-0.015425737517233426,-0.32416867844613156,,,2.447302725477325,0.12595181035246575,0.9696969696969697,0.3181818181818182,66.0
10,-1,3390.0,True,True,97.60694358338499,99.84177888908934,83.36892957192596,,,,2.3905541981168037,0.1964745296902344,57.0,0.15789473684210525,100.51466913416489,93.32678434436423,76.74819937963382,-0.5300353848875606,0.004167146006333963,-0.3216282569863916,,,2.3905541981168037,0.179310916523105,0.9117647058823529,0.29411764705882354,68.0
10,-1,3420.0,True,True,103.45093008338678,108.86763753207264,116.01394912306465,,,,2.6418552060805647,0.41616669313165033,56.0,0.125,103.22577789467931,85.65837704643316,63.47714832330616,-0.5862010496289782,0.08073642626597947,-0.3122760717042121,,,2.6418552060805647,0.41616669313165033,0.8961038961038961,0.18181818181818182,77.0
10,-1,3450.0,True,True,96.78048780487805,106.22943816033977,120.91649572609704,,,,2.483340090930308,0.5036475697814811,69.0,0.028985507246376812,98.32585934468976,62.4731928779574,45.994774411741496,-0.5002401298786947,0.019604703629808252,-0.25474397019907036,,,2.483340090930308,0.5663864232844811,0.9625,0.375,80.0
10,-1,3480.0,True,True,94.00244798041615,153.14242917929846,107.60064888012096,,,,2.4529963311830567,0.13843010988227317,69.0,0.057971014492753624,96.06523301726631,75.60633095722307,56.513024119910156,-0.4725852567094885,-4.11293924630306e-05,-0.2814644177849889,,,2.4529963311830567,0.11581593733579207,0.9577464788732394,0.39436619718309857,71.0
10,-1,3510.0,True,True,93.02535211267605,174.00351325754602,134.55316132538934,,,,2.5130812698993754,0.19968275269488417,57.0,0.08771929824561403,100.0358363416422,89.68754814957639,61.1860569102846,-0.5430196829025801,0.07696362835308788,-0.2658040202831019,,,2.5130812698993754,0.15224724329374037,0.9692307692307692,0.2153846153846154,65.0
10,-1,3540.0,False,True,,,,,,,,,,,102.9803360946412,64.38531512518148,30.4034337904476,-0.592943372849065,0.11097319799597177,-0.24231994020328124,,,2.6681867664557073,0.2427596789355145,0.9642857142857143,0.16071428571428573,56.0
10,-1,3570.0,False,True,,,,,,,,,,,118.00436035967759,57.97248897346305,69.88646913795164,-0.77448915970513,0.24667230604738855,,,,2.90608500500681,0.2206383586042861,0.9782608695652174,0.08695652173913043,46.0
10,-1,3600.0,True,True,103.94431554524363,151.43987881667235,107.03190798506338,,,,2.583070437664659,0.4299012928946955,48.0,0.10416666666666667,111.53731725761234,106.51958660361785,52.6579221213728,-0.6891291849117267,0.11649875165885587,,,,2.583070437664659,0.32303626772492716,0.9705882352941176,0.17647058823529413,68.0
10,-1,3630.0,True,True,105.13900589721989,129.5293796840011,103.00009653570056,,,,1.76866917515596,0.11453169030784427,76.0,0.10526315789473684,110.47964912800305,78.23692816259168,41.96302107781444,-0.6617296279821478,0.1191802415904087,,,,1.76866917515596,0.10676291875880664,0.975609756097561,0.08536585365853659,82.0
10,-1,3660.0,True,True,106.55704008221994,88.85132737745741,90.8328980499394,,,,1.6597859941813384,0.13798489741458456,89.0,0.14606741573033707,108.43259455286463,57.86983177632476,34.52840647074861,-0.6896439016726481,0.1432980250432901,-0.18401582582491272,,,1.6597859941813384,0.11914369477840246,0.9895833333333334,0.052083333333333336,96.0
10,-1,3690.0,True,True,107.88571428571427,84.14913515278003,74.56061615739796,,,,2.547833731535287,0.13422790571378165,70.0,0.05714285714285714,109.67410314848097,59.34263252764454,32.94041883889926,-0.6922848867980826,0.18100855830116253,,,,2.547833731535287,0.1496444678135354,0.9770114942528736,0.05747126436781609,87.0
10,-1,3720.0,True,True,99.52483801295897,148.295996850008,84.14320011147662,,,,2.6433992162202022,0.1785854763634622,64.0,0.109375,105.53601020166468,125.44636297646639,50.386015665919935,-0.7316706833065325,0.18596282435328454,-0.17764102670434945,,,2.6433992162202022,0.1591453664615082,0.9558823529411765,0.04411764705882353,68.0
10,-1,3750.0,True,True,97.64400622729633,121.13103236147471,85.85107755230503,,,,2.088101381086275,0.20269009845062236,65.0,0.13846153846153847,101.43202007726971,81.99447882679883,68.64342928499862,-0.7071932287841004,0.14009981426546186,-0.18672880956749982,,,2.088101381086275,0.15814931077175398,0.9864864864864865,0.05405405405405406,74.0
10,-1,3780.0,True,True,98.99851264253842,95.18592620479238,67.7226404298128,,,,2.028806838198693,0.15231092894961204,62.0,0.14516129032258066,100.38603709792575,57.28849254875972,55.6386389601367,-0.6638446276733461,0.16488645462761276,-0.22392425336447722,,,2.028806838198693,0.15231092894961204,0.9871794871794872,0.05128205128205128,78.0
10,-1,3810.0,True,True,99.44223107569722,108.46753389102571,42.484076586326516,,,,2.3231551678991496,0.1547891670687981,55.0,0.10909090909090909,104.2764840681762,40.80322019519684,36.88521786536099,-0.7275752377219077,0.21130461275321136,-0.20188357030043563,,,2.3231551678991496,0.1543711778236699,0.9565217391304348,0.08695652173913043,69.0
10,-1,3840.0,True,True,95.72804532577904,126.40992225469131,108.18871987015494,,,,2.3462628774844014,0.1600204032056134,59.0,0.1016949152542373,98.83874373348895,87.08692243025085,56.20073686778974,-0.7108967554652107,0.18786698635708746,,,,2.3462628774844014,0.17693916397643206,0.9545454545454546,0.10606060606060606,66.0
10,-1,3870.0,True,True,88.17244611059043,156.70705367755522,112.02744219187572,,,,2.434116897617032,0.24488998389354724,63.0,0.15873015873015872,90.36319003859245,144.0250412161499,62.09835397064627,-0.6556195108438525,0.1547545867647512,,,,2.434116897617032,0.20798564433531028,0.9411764705882353,0.14705882352941177,68.0
10,-1,3900.0,False,True,,,,,,,,,,,84.837978216332,164.60856227762068,71.85277078912327,-0.7164886138815514,0.14644498116407415,-0.4182761703825653,,,2.938512863513917,0.2290965239080029,0.96,0.3,50.0
10,-1,3930.0,True,True,82.60230849947534,156.68384889993467,41.16580087602701,,,,2.954808681086317,0.29013827414432886,49.0,0.12244897959183673,85.98533232703464,105.42732073591701,59.302895598021294,-0.6753759682877825,0.12076787941694955,-0.14031680159163573,,,2.954808681086317,0.22770202974141102,0.9836065573770492,0.3442622950819672,61.0
10,-1,3960.0,True,True,79.75949713036348,120.86127408733185,92.69086156690263,,,,2.0266707419015373,0.16150365509527356,77.0,0.15584415584415584,80.03340845629444,85.14338107448748,42.32129480837047,-0.5630508487102549,0.10963364938932398,-0.1551441817628842,,,2.0266707419015373,0.16150365509527356,1.0,0.24358974358974358,78.0
10,-1,3990.0,True,True,78.10532181666203,104.65425268302437,131.731005694666,,,,1.9202570843040838,0.15469262569610512,75.0,0.13333333333333333,78.18174934411996,27.647376187866513,21.425387486516044,-0.521962934962963,0.08984362580058036,-0.15714819001566074,,,1.9202570843040838,0.15469262569610512,1.0,0.36363636363636365,77.0
10,-1,4020.0,True,True,82.01005025125629,92.77089689551862,113.6153648978562,,,,2.188142817219566,0.21627005284362355,73.0,0.0821917808219178,82.64104178979791,45.881023455888524,23.771924380390224,-0.549022953484313,0.10390673205432194,-0.1339390283182454,,,2.188142817219566,0.21627005284362355,1.0,0.44594594594594594,74.0
10,-1,4050.0,True,True,86.55994772950015,80.25456997893804,96.3394078350917,,,,2.339721705386269,0.251138450512935,74.0,0.13513513513513514,87.23002496636495,50.72098215285636,34.329606508816255,-0.6067543171317172,0.12648535148296902,-0.16115128894710684,,,2.339721705386269,0.251138450512935,0.9871794871794872,0.2564102564102564,78.0
10,-1,4080.0,True,True,81.5848406546081,97.74353397554779,114.31753533001212,,,,1.8928101476060486,0.14097062931855325,76.0,0.10526315789473684,81.70516396371711,72.86358776206451,45.45613319559228,-0.5304338085230433,0.07833668949524578,-0.2182302820092245,,,1.8928101476060486,0.14097062931855325,0.9746835443037974,0.31645569620253167,79.0
10,-1,4110.0,True,True,78.68852459016394,90.01571747140547,121.1027502415673,,,,1.7608183523526753,0.10018006976435645,76.0,0.039473684210526314,78.54004224492505,41.30989690547839,27.393775708805578,-0.5188166975073696,0.046139443219410214,-0.2214687429042577,,,1.7608183523526753,0.10018006976435645,0.9487179487179487,0.4358974358974359,78.0
10,-1,4140.0,True,True,80.36396724294814,94.20681778357772,109.13978467398682,,,,2.751658911262633,0.14550725965650715,54.0,0.05555555555555555,82.42780303613108,70.8653468147325,34.481408423114345,-0.5552088625581648,0.09092163949275942,-0.262275568712985,,,2.751658911262633,0.17206039510497317,0.9672131147540983,0.4262295081967213,61.0
10,-1,4170.0,True,True,84.80565371024736,145.49719445319212,140.5092115900828,,,,2.7563947043237658,0.13589882099513126,38.0,0.10526315789473684,85.97816941161864,99.29410765685144,62.004075670914155,-0.6351353272470434,0.1628151173236727,-0.2664450291391646,,,2.7563947043237658,0.13589882099513126,0.9833333333333333,0.45,60.0
10,-1,4200.0,True,True,88.57226277372261,117.91409294514492,116.71780873114436,,,,1.6665160782239947,0.14110927123374709,82.0,0.4024390243902439,88.30648056239134,59.099287705064796,44.36244471079861,-0.6510449325821236,0.19281877868755157,-0.20209267592762875,,,1.6665160782239947,0.14110927123374709,1.0,0.30864197530864196,81.0
10,-1,4230.0,True,True,93.20388349514563,85.81904715252125,57.17317291692747,,,,2.6626896221167717,0.44399530949647475,37.0,0.43243243243243246,91.95138904393752,50.739845690831935,35.517712796363014,-0.6675199025258207,0.21666684930396124,-0.21097373054400903,,,2.6626896221167717,0.44399530949647475,1.0,0.22058823529411764,68.0
10,-1,4260.0,True,True,89.22547332185887,169.70225675368448,123.69106340664497,,,,2.841926599371689,0.2924909871223182,41.0,0.3902439024390244,95.25916740543362,63.264093172369165,41.498922669956855,-0.7670607377287345,0.3455535991896656,-0.2862628642422934,,,2.841926599371689,0.25248255242597206,0.9830508474576272,0.22033898305084745,59.0
10,-1,4290.0,True,True,92.58323765786453,82.38664578559951,94.62189258738266,0.21388723107505464,0.8786340895781575,1.1147041532672126,1.732335830357153,0.30049084540539256,71.0,0.7183098591549296,92.872706968078,41.664308173256636,22.251386678118767,-0.7756961551043074,0.3639964253456379,-0.3255536630134699,,,1.732335830357153,0.30049084540539256,0.9873417721518988,0.12658227848101267,79.0
10,-1,4320.0,True,True,91.91811023622047,90.5926193663826,93.15451195420688,0.1872447449782629,0.9014426345099654,1.0649492803295622,1.400001867470561,0.3079747610928038,82.0,0.7682926829268293,93.16842337182725,48.356431803843385,38.92544733118723,-0.7683808421741728,0.3504572762406608,-0.34734838179167427,,,1.400001867470561,0.3079747610928038,0.9882352941176471,0.09411764705882353,85.0
10,-1,4350.0,True,True,91.1186440677966,109.43275242500587,92.50062684542671,0.1996571074758683,0.8829484916121979,1.0902131419400396,2.097752373069864,0.1277975268217085,76.0,0.7105263157894737,91.26647367450317,91.96557530509627,29.113307165880748,-0.746233971410579,0.33817442432077516,-0.3276370183742082,,,2.097752373069864,0.1277975268217085,1.0,0.10975609756097561,82.0
10,-1,4380.0,True,True,87.19129082426129,115.33366885463542,114.44398835495133,,,,2.107368710241312,0.14446083371672536,77.0,0.4675324675324675,87.42540537183737,90.70258866414389,30.637811936225365,-0.660183717063212,0.2521318809391281,-0.24490627429629425,,,2.107368710241312,0.14446083371672536,1.0,0.27710843373493976,83.0
10,-1,4410.0,True,True,88.98949070331447,98.95238945237489,113.7517170200081,0.14123933353826157,0.9201904993542511,1.0042868427239247,1.2343287555488633,0.1980106292038746,87.0,0.5517241379310345,89.06209296192276,48.26308484361008,22.633967524652615,-0.6348870023101492,0.22735190541606504,-0.2306170582166397,,,1.2343287555488633,0.1980106292038746,1.0,0.2840909090909091,88.0
10,-1,4440.0,True,True,89.73913043478261,114.32135411865949,121.7151952661645,0.1247231612900068,0.9413381695309715,0.9419996690991471,1.16906636879394,0.20458057479599506,87.0,0.7011494252873564,89.90349321501265,38.953231994204565,26.941213391569395,-0.6820541513693253,0.24790797341792264,-0.2707149168129791,,,1.16906636879394,0.20458057479599506,1.0,0.21348314606741572,89.0
10,-1,4470.0,True,True,89.01347708894879,130.66577762706828,139.80798989493246,0.11352912279105112,0.9464087725826534,0.8805173604040276,1.1462653604373787,0.2108746636992813,87.0,0.5747126436781609,89.29374323136874,39.59986658412168,28.08010501946627,-0.6687055521474009,0.26237100375898936,-0.28397641227782994,,,1.1462653604373787,0.2108746636992813,0.9887640449438202,0.23595505617977527,89.0
10,-1,4500.0,True,True,91.32743362831859,111.07934119826098,108.08474036951871,0.14236391725851888,0.921025071224581,0.9544838835406453,1.152183312076817,0.21435337537526605,88.0,0.6136363636363636,91.510876723421,40.83150497632271,27.657534279508116,-0.6691523300860934,0.2625135684548985,-0.28616360660043594,,,1.152183312076817,0.22098257885406505,1.0,0.2087912087912088,91.0
10,-1,4530.0,True,True,92.16857382082054,104.9829967280449,94.04714813022547,0.1641064656324786,0.9035262617695453,0.9995094907017641,1.1133440581452374,0.24687080895494526,88.0,0.625,92.03892088687206,34.81247584454041,21.863631130883874,-0.7382895092005237,0.29413731967916895,-0.28998137716481565,,,1.1133440581452374,0.24687080895494526,1.0,0.15384615384615385,91.0
10,-1,4560.0,True,True,92.86067600989283,88.19891525755328,73.9981448850481,0.18903942582443534,0.886394554086153,1.0845906243103145,1.0744925222067525,0.2812279179974067,90.0,0.7222222222222222,93.49226282572356,32.65053706711094,30.07132713646264,-0.7556797641689941,0.31962906240940314,-0.3042037881278969,,,1.0744925222067525,0.2582246053272955,1.0,0.10989010989010989,91.0
10,-1,4590.0,True,True,94.53941908713692,51.148997205144994,39.81806048988914,0.19791449622400484,0.878013152240466,1.0923515774161496,1.05662733256049,0.3029825615894231,91.0,0.9120879120879121,94.93447684907368,26.307118469073433,17.12667120238658,-0.750187056351909,0.3324591593148687,-0.31900968322440815,,,1.05662733256049,0.2686098502479593,1.0,0.06521739130434782,92.0
10,-1,4620.0,True,True,95.81773799837266,52.93546991178988,44.37999457570185,0.20062626952631077,0.8691177984987853,1.0789137627882417,1.028401257919403,0.2853961160420641,93.0,0.9354838709677419,95.81536377553262,30.869735145178282,17.305576947365036,-0.7459277616499116,0.34804569757168785,-0.28009750192195537,,,1.028401257919403,0.2853961160420641,1.0,0.08421052631578947,95.0
10,-1,4650.0,True,True,97.29380053908356,54.45067421319769,39.650451579264015,0.2216229230820271,0.8549705301082368,1.0808842351975703,1.0386382978922757,0.3054641026383921,95.0,0.8736842105263158,97.27507158319,35.681116578113276,18.316351988512242,-0.746234768350995,0.3407208718312288,-0.2754479462851908,,,1.0386382978922757,0.3054641026383921,1.0,0.052083333333333336,96.0
10,-1,4680.0,True,True,95.40372670807453,78.43773258579412,68.99813176818631,0.21794545450560251,0.8684713766482987,1.0756771847022994,1.0403347931228217,0.2663304543933036,93.0,0.8279569892473119,95.74197701819574,44.19571562048674,31.51436067801768,-0.7313051637339483,0.327336263583009,-0.2872977927449301,,,1.0403347931228217,0.2663304543933036,0.9894736842105263,0.021052631578947368,95.0
10,-1,4710.0,True,True,94.47927199191102,93.9801090564335,82.63428756133395,0.19850011498983108,0.8799920791245919,1.0673334873793223,2.038387242841716,0.2442129715557779,76.0,0.6973684210526315,94.79555983760045,60.99277075447814,37.700620606304284,-0.7303825666397462,0.31578647810194016,-0.28141963195956643,,,2.038387242841716,0.2442129715557779,1.0,0.075,80.0
10,-1,4740.0,True,True,94.5724907063197,110.15943047447227,117.85113019775793,0.2315325036308245,0.8398982678013172,1.042127686713203,2.1955384489378913,0.23588757429281898,60.0,0.5,96.27000979384313,84.91286018085614,53.916056446213354,-0.753191360486252,0.3277547747776348,-0.2675475204789337,,,2.1955384489378913,0.1915595505186037,1.0,0.16,75.0
10,-1,4770.0,True,True,94.70167064439141,77.89954026601129,115.36977587386215,0.2327057159779016,0.8574466508668231,1.0846319280032495,2.3784149987711487,0.1381305344170282,41.0,0.5365853658536586,96.51815082923609,74.46020144003909,45.02046086351236,-0.7576763657257038,0.35310900525499206,-0.29330514790733997,,,2.3784149987711487,0.11643759182172973,0.9861111111111112,0.1111111111111111,72.0
10,-1,4800.0,True,True,90.5897771952818,145.13587570097002,99.14289615850272,0.21552852850462412,0.8755060613057006,1.0591086921389936,2.2818038955896585,0.11768443604729917,64.0,0.546875,92.63773345831154,116.54421157099057,37.333930015633705,-0.7492262312259435,0.338115380097071,-0.2915035941660714,,,2.2818038955896585,0.13536833554951885,0.9866666666666667,0.10666666666666667,75.0
10,-1,4830.0,True,True,89.85547143840331,177.79112214422332,99.33453709771172,0.20498467019551725,0.8750578766606587,1.0029752958898523,2.2296895236404297,0.13696596375838246,45.0,0.5111111111111111,93.47447394615666,110.6005660891542,30.23575954958986,-0.739957741991377,0.32715082195318584,-0.30768650681982745,,,2.2296895236404297,0.14586761572136134,1.0,0.12048192771084337,83.0
10,-1,4920.0,True,True,74.58807769591427,131.55253676639353,143.281240533745,,,,1.5692621503944322,0.21371564665261158,64.0,0.140625,75.50890227623881,55.22204764301552,47.40759851656323,-0.5376584135952414,0.06233542874811388,-0.22487840964178357,0.08595614518645643,-0.4039746639469369,1.5692621503944322,0.19659203678118312,0.9850746268656716,0.7611940298507462,67.0
10,-1,4950.0,True,True,73.02516091281451,121.78144908665948,158.22490949483625,,,,0.8279183444934334,0.17823239731277557,68.0,0.16176470588235295,75.56925263225551,37.55550856868859,43.768883720461524,-0.48241342797586273,-0.027908492959730625,-0.2675455403509175,0.113100850536584,-0.36168218739905816,0.8279183444934334,0.14498599992910766,1.0,0.8333333333333334,60.0
10,-1,4980.0,True,True,76.77896466721447,121.60351792887754,147.04879243220336,,,,0.7677769156661461,0.16985226382549137,74.0,0.1891891891891892,78.78687844154607,71.23598128283417,51.260011242808964,-0.47897684123941375,0.026757599726831043,-0.2671971935281018,0.13885994629622278,-0.31695127095354725,0.7677769156661461,0.15729723505214785,1.0,0.835820895522388,67.0
10,-1,5010.0,True,True,77.61813712100518,121.75318192359487,139.39895218793345,,,,0.7714810259562891,0.17179511081958557,75.0,0.13333333333333333,78.12882458834012,56.5420085171696,46.08934486779494,-0.5161663854894821,0.036523389610670066,-0.23249643244662685,0.14981376209792371,-0.307180514010608,0.7714810259562891,0.1578603756209688,1.0,0.7681159420289855,69.0
10,-1,5040.0,True,True,76.82104686215402,119.0674767103882,142.59150194096858,,,,0.7590664086814021,0.17594770993575085,74.0,0.20270270270270271,77.72699713001414,46.24831137510647,40.653562395656884,-0.5117395258181325,0.09492642487844899,-0.254029799820223,0.09030529460752819,-0.41469270233885647,0.7590664086814021,0.17594770993575085,0.9857142857142858,0.7857142857142857,70.0
10,-1,5070.0,True,True,78.06278026905831,131.4302620321815,154.91618197431796,,,,0.7220115898541714,0.20531088538724632,72.0,0.2777777777777778,79.26072919005914,57.542456109185174,51.54619925429104,-0.5299029081704624,0.131076357964382,-0.28713551252612063,0.0689298303153982,-0.45667392443989807,0.7220115898541714,0.18743461611408554,1.0,0.8108108108108109,74.0
10,-1,5100.0,True,True,78.01613385121004,127.99142074971303,147.86366997864477,,,,0.7018858573636887,0.21146035720165635,72.0,0.2916666666666667,79.63002995635384,68.78550364669822,56.82792848934005,-0.5738011121247422,0.1141282384995987,-0.2351344530491636,0.07301872402001817,-0.5165316376658312,0.7018858573636887,0.1720977106404445,1.0,0.726027397260274,73.0
10,-1,5130.0,True,True,78.81773399014779,129.21932957237914,141.66790566788066,,,,0.633308214955762,0.19727397757345003,76.0,0.27631578947368424,80.04945811330352,57.970894416417686,39.39623106547682,-0.5922739351036758,0.15010073304163346,-0.20303901053171844,0.05619969800617333,-0.6518099020902628,0.633308214955762,0.17798139035667634,1.0,0.726027397260274,73.0
10,-1,5160.0,True,True,79.8249452954048,143.71781676348678,162.39169544042537,,,,0.7113441838070595,0.17291920079681292,77.0,0.2857142857142857,81.43098118663181,52.01022628225722,42.00967242749194,-0.6164729027759013,0.21109580806895067,-0.23827845389417282,0.058827972057033336,-0.6500827835536009,0.7113441838070595,0.1822047972515644,1.0,0.7361111111111112,72.0
10,-1,5190.0,True,True,76.84269038354643,154.81231676088456,165.78432135647543,,,,0.6860954399358172,0.22544433366437733,74.0,0.2702702702702703,78.05473788608842,72.93541770376706,44.14490335192875,-0.565116262622276,0.203524810766806,-0.27257054649367,0.11664270758472346,-0.5923860379837242,0.6860954399358172,0.22544433366437733,1.0,0.7536231884057971,69.0
10,-1,5220.0,True,True,73.65867418899859,134.54422515752427,129.6733802554518,,,,0.7082731388965144,0.20049763588712902,71.0,0.2112676056338028,75.6561838043818,76.90997900890778,50.25686159919392,-0.5501519972635343,0.19421321202582437,-0.2874584439474219,0.10993127825452659,-0.554790959722965,0.7082731388965144,0.18320377485030817,1.0,0.71875,64.0
10,-1,5250.0,True,True,77.72428884026257,150.04634430773302,145.67824094304288,,,,0.641713515140657,0.20549875328029193,75.0,0.26666666666666666,78.96464070049619,78.51007346065356,41.020209664401555,-0.5847681991971065,0.19965460576486443,-0.24108539957051728,0.06379325763098873,-0.5960135198122779,0.641713515140657,0.1895525753024017,1.0,0.6986301369863014,73.0
10,-1,5280.0,True,False,79.84877126654064,151.22058884452954,177.90099218619702,,,,1.623315641902108,0.16511366582946888,50.0,0.4,,,,,,,,,,,,,
10,-1,5310.0,True,True,80.91954022988506,177.87336501759893,117.38265001028688,,,,2.5414060287285785,0.2564730150880671,31.0,0.25806451612903225,86.19277402972901,109.68537192886039,60.845656041565164,-0.6372470932266032,0.1698159645970874,-0.15906857414456,,,2.5414060287285785,0.25746580506210276,0.9565217391304348,0.34782608695652173,46.0
10,-1,5340.0,True,True,82.28571428571429,141.8924365202975,100.60784434920865,,,,2.2755212622413636,0.4492766363985056,62.0,0.2903225806451613,84.48957465435255,101.1462711162766,57.24602279483355,-0.633571773679577,0.1698159645970874,-0.15906857414456,,,2.2755212622413636,0.3247556222861809,0.9393939393939394,0.3181818181818182,66.0
10,-1,5370.0,True,True,79.41944847605224,104.12676436561595,68.99813176818631,,,,2.0574283943784626,0.3081085292684357,66.0,0.30303030303030304,78.04978667154893,92.1570057072992,52.89721221985466,-0.6141459754613564,0.17905200399071736,-0.18091073433862448,,,2.0574283943784626,0.33725443553303935,0.9552238805970149,0.47761194029850745,67.0
10,-1,5400.0,True,True,75.63115487914055,96.66399307300615,52.37718639451019,,,,2.4511048320631748,0.3057354426483621,55.0,0.2,77.72259805317431,120.9159716693958,58.743135536181796,-0.6370020707918338,0.18100587751951996,-0.14264080239445384,,,2.4511048320631748,0.34306071838991264,0.96875,0.453125,64.0
10,-1,5430.0,True,True,79.46197620279358,179.39156581125755,118.00065103987068,,,,2.5070362296635205,0.35004652260250413,52.0,0.19230769230769232,82.27169276936051,123.8304606857894,61.59362523268675,-0.671715549909502,0.1649508850053367,-0.19713965428120653,,,2.5070362296635205,0.33453366438591126,0.9666666666666667,0.2833333333333333,60.0
11,-1,0.0,True,True,84.08759124087592,155.39437716878226,146.7520439561338,,,,2.480084174498776,0.3084089510946506,58.0,0.27586206896551724,91.34943311705547,94.7013356398215,64.80474825714734,-0.6710900908999909,0.15138338237422647,-0.26010482681113417,,,2.480084174498776,0.2407083733978631,1.0,0.4126984126984127,63.0
11,-1,30.0,True,True,81.39904610492846,153.29282976268212,143.76288360556146,,,,2.762182636016241,0.2610553114218394,51.0,0.21568627450980393,88.96551015864735,120.56052894476286,64.50964675889125,-0.6388958042949279,0.1330954769270383,-0.25710899066239484,,,2.762182636016241,0.21870150276033776,0.9821428571428571,0.4107142857142857,56.0
11,-1,60.0,True,True,75.35836177474403,148.70522354125328,122.39835184385005,,,,2.6360673828406793,0.26274148669168107,55.0,0.12727272727272726,78.40847589396054,123.05991352914242,71.08112458407683,-0.5776016260202729,0.10579181587265067,-0.17632279173277687,,,2.6360673828406793,0.2621136799747626,0.9672131147540983,0.4426229508196721,61.0
11,-1,90.0,True,True,72.16479942175641,126.91307724153236,112.04449084016393,,,,2.4874039985508674,0.24818707762674203,59.0,0.06779661016949153,72.96042815797941,107.59162863469948,59.1542478877238,-0.5524311190852764,0.07913375396194068,-0.16605392043250725,,,2.4874039985508674,0.24818707762674203,0.9830508474576272,0.4406779661016949,59.0
11,-1,120.0,True,True,71.08841366102777,110.1161985991512,104.72057237267768,,,,2.3069291657057134,0.2848423747877788,63.0,0.1111111111111111,72.04801837095363,93.87200405025844,59.791741512960485,-0.572645306101001,0.1311405977216304,-0.1823245611595214,,,2.3069291657057134,0.2848423747877788,0.9838709677419355,0.27419354838709675,62.0
11,-1,150.0,True,True,74.23550087873463,118.50764282248913,119.63148335762132,,,,2.1624475548983724,0.16934210049070192,69.0,0.13043478260869565,75.02887441776902,84.52881155750362,53.23922925469198,-0.5940712970113853,0.12563372732303657,-0.18234284183909025,,,2.1624475548983724,0.15209383859223433,0.9722222222222222,0.3194444444444444,72.0
11,-1,180.0,True,True,75.87266739846322,125.07028051646144,144.54657449272412,,,,2.326281233403602,0.14735043048780097,73.0,0.1780821917808219,76.84939657713258,87.14762005426797,49.12184394450487,-0.588844070675073,0.10333028200275864,-0.16660460323216403,,,2.326281233403602,0.15406049625490126,1.0,0.37333333333333335,75.0
11,-1,210.0,True,True,74.17693169092945,129.04598953066798,145.7535921444678,,,,2.414640912606075,0.18151580164606465,71.0,0.2112676056338028,75.62676545930906,101.84441183095042,57.69045775866957,-0.5856395415989402,0.10437570589446299,-0.1751057337850176,,,2.414640912606075,0.15993484316010212,0.9861111111111112,0.3472222222222222,72.0
11,-1,240.0,True,True,74.10926365795724,131.51051583519995,135.15234985176744,,,,2.450476551393105,0.18664331116295063,68.0,0.16176470588235295,74.85874754996819,97.64217767009193,62.52211704463497,-0.565307638013397,0.09769350700751943,-0.16939635942318235,,,2.450476551393105,0.18664331116295063,0.9857142857142858,0.42857142857142855,70.0
11,-1,270.0,True,True,75.69662545940528,137.1036149650494,124.51076133210334,,,,2.4150283890752204,0.2227982883152547,65.0,0.2,77.34440970198752,82.43653920218071,51.738728078219836,-0.583058305669587,0.11297485932035797,-0.16809190357949622,,,2.4150283890752204,0.24055675447947908,1.0,0.373134328358209,67.0
11,-1,300.0,True,True,76.8,138.6701244287713,126.8933641767489,,,,2.350291728227076,0.31377174149409726,65.0,0.2,81.61278903677741,106.22735024886407,48.33183219458018,-0.6416254125679053,0.1750844067123759,-0.17145398276763169,,,2.350291728227076,0.2726680588491231,1.0,0.3088235294117647,68.0
11,-1,330.0,True,True,77.31543624161074,98.89094122137637,113.65230975028211,,,,2.33308930460084,0.2641829404342668,66.0,0.10606060606060606,79.0381418441249,68.99813529101668,44.1904689183993,-0.6286935854680665,0.16072198084309727,-0.18332040387531745,,,2.33308930460084,0.2386142695250788,1.0,0.391304347826087,69.0
11,-1,360.0,True,True,75.38236155874597,84.40132678039379,120.03379345944886,,,,2.3489032801869447,0.1923654797466744,69.0,0.13043478260869565,76.28670677672494,62.82312217931721,53.73915101769022,-0.5754353898980877,0.13976295481183684,-0.1631204039769268,,,2.3489032801869447,0.1923654797466744,0.9863013698630136,0.4383561643835616,73.0
11,-1,390.0,True,True,75.7396449704142,76.37765137479016,93.86829657702715,,,,2.3479561297512332,0.16963655164329858,72.0,0.16666666666666666,76.14519006656127,49.96704585446227,49.10309975344832,-0.6039618817087564,0.14064680104721558,-0.1573932189633722,,,2.3479561297512332,0.16963655164329858,0.9863013698630136,0.4520547945205479,73.0
11,-1,420.0,True,True,78.16793893129771,91.8395542709849,97.83837184463125,,,,2.6375885748898256,0.19289010083293387,65.0,0.13846153846153847,79.94914269460658,69.85173624370287,38.64435060873811,-0.6330685502178152,0.12866763903418757,-0.16410356581419078,,,2.6375885748898256,0.1614660618786822,1.0,0.44285714285714284,70.0
11,-1,450.0,True,True,78.61417322834646,136.71174613349962,138.6140944763555,,,,2.951528158108659,0.19706603143598614,49.0,0.08163265306122448,82.34115075218517,116.66281530928524,60.72308963326287,-0.6236041999330819,0.12647522172067555,-0.19359163500701804,,,2.951528158108659,0.1948550749493047,0.96875,0.328125,64.0
11,-1,480.0,True,True,73.71115173674589,187.6526793201725,139.46278998954045,,,,2.943744847172777,0.21219392834304443,49.0,0.24489795918367346,76.85552378106723,104.70478330786088,54.62601593474546,-0.5798128913821092,0.14954471480818815,-0.19543889724290614,,,2.943744847172777,0.21093029650812767,0.9824561403508771,0.2807017543859649,57.0
11,-1,510.0,True,True,74.5372616984402,141.55284407379986,148.64294992531597,,,,2.6993906786462083,0.1870712204054738,64.0,0.453125,75.14879846599113,80.47296694919862,56.78177908483324,-0.6024957367782275,0.1867803462421381,-0.20948027941865224,,,2.6993906786462083,0.1657541259483273,0.9841269841269841,0.25396825396825395,63.0
11,-1,540.0,True,True,74.76540057452921,116.61432001626211,139.12658185372732,0.14822735123575245,0.9084976954850119,1.0576140207893545,2.2996181601297643,0.2990438513808588,65.0,0.5846153846153846,74.71955018903006,62.103867918600216,54.2988884069598,-0.6354796024408019,0.1921510899239719,-0.21448138428908228,,,2.2996181601297643,0.2990438513808588,0.9857142857142858,0.21428571428571427,70.0
11,-1,570.0,True,True,72.2483537158984,123.79667760534966,131.03901693134503,0.12749656957544703,0.9162440467605611,1.016670221792928,2.3881105585205025,0.26498149601566995,64.0,0.53125,73.75865985497212,84.84789967817757,68.73309033971996,-0.6397563591054523,0.16151144320430275,-0.19878870417068611,,,2.3881105585205025,0.24440141769140894,0.9565217391304348,0.21739130434782608,69.0
11,-1,600.0,True,True,71.1310693236037,122.15796860085094,133.94019666807327,0.08853817765778033,0.9511623252850033,0.8923867338952622,2.4072809528404058,0.1836939295950402,68.0,0.5,71.93615007758748,72.74652925432103,62.393184944739055,-0.6051270146520031,0.14101066844399512,-0.1960464453087778,,,2.4072809528404058,0.1836939295950402,0.9855072463768116,0.2608695652173913,69.0
11,-1,630.0,True,True,72.40945824603412,114.68147940216826,126.9555834552169,0.11794024573671251,0.929264708507905,0.9592865802666742,2.4224580541694003,0.21719315726585595,67.0,0.5223880597014925,72.61459152276456,60.42764170106482,56.14679322877198,-0.6214474163582153,0.17091618656168658,-0.1934351096063699,,,2.4224580541694003,0.21719315726585595,1.0,0.19402985074626866,67.0
11,-1,660.0,True,True,72.5044531528322,127.45347090608678,135.16603408709355,,,,2.5308557228129995,0.24387906333969334,61.0,0.45901639344262296,75.42253354113987,108.95399024379351,54.130909074068924,-0.618738318598038,0.16874767744998753,-0.18298919223203575,,,2.5308557228129995,0.1935981842813395,0.9841269841269841,0.2222222222222222,63.0
11,-1,690.0,True,True,71.989774179804,168.11570544877293,181.41156592124992,,,,2.8901040538632787,0.29868258394502395,53.0,0.2830188679245283,77.57007766108543,131.2882138583619,76.65222465236494,-0.6031706384528053,0.14909880768494052,-0.2118007045055964,,,2.8901040538632787,0.30957260036872203,0.9830508474576272,0.3050847457627119,59.0
11,-1,720.0,True,True,75.2136752136752,145.5049061531826,156.95862041546897,,,,2.5618119562736523,0.2080976279130686,59.0,0.423728813559322,77.63635066044202,106.31383980273148,66.62792001710957,-0.6131435342868046,0.17013240566046195,-0.21275001017835862,,,2.5618119562736523,0.2275038138777704,1.0,0.27692307692307694,65.0
11,-1,750.0,True,True,76.56239257476796,140.51231243199433,155.73423398059504,,,,2.665548401811648,0.22138802197680674,65.0,0.3076923076923077,76.90093215626852,86.91701672624846,58.80122633759719,-0.6105059564589888,0.16288696227376387,-0.21401030037872265,,,2.665548401811648,0.22138802197680674,1.0,0.22727272727272727,66.0
11,-1,780.0,True,True,71.0797708241516,168.76298840732275,183.78955174426304,,,,2.81860059561069,0.18636295483683038,52.0,0.17307692307692307,74.87363742339285,108.44170109330673,84.97320915070948,-0.6112766881279568,0.13503692037576132,-0.21598332127198194,,,2.81860059561069,0.18752882680959262,1.0,0.3090909090909091,55.0
11,-1,810.0,True,True,72.21438645980254,150.7396751670613,164.76782908080085,,,,2.9744049217943855,0.20390689154565503,49.0,0.1836734693877551,73.20566147533833,155.13794776269606,87.56009244779887,-0.6164702864353554,0.11831592876937974,-0.22498506543411068,,,2.9744049217943855,0.20390689154565503,0.9803921568627451,0.37254901960784315,51.0
11,-1,840.0,True,True,75.33298915849252,138.92491685640755,175.55073025832382,,,,2.94450550585886,0.20442822692107915,49.0,0.2857142857142857,76.94071538945482,117.98206266786485,74.1286578282705,-0.6062627078943853,0.1309181038859319,-0.2472763010355467,,,2.94450550585886,0.23666486153601896,0.9454545454545454,0.2727272727272727,55.0
11,-1,870.0,True,True,75.86380832282472,126.24857031320627,130.90957007871674,,,,2.81742775301843,0.18462415943988167,58.0,0.29310344827586204,76.36185659682062,102.43394505585678,53.853929602196864,-0.6206801215184925,0.13687456177995594,-0.20734820710763668,,,2.81742775301843,0.18462415943988167,0.9846153846153847,0.2923076923076923,65.0
11,-1,900.0,True,True,75.32049036777583,148.84412222926264,134.6587912348027,,,,2.57925849192099,0.17299170367321703,64.0,0.21875,73.27816878263911,77.429194824673,58.9521848348374,-0.6114138501492616,0.12591581936936258,-0.19412475279624886,,,2.57925849192099,0.21575848303826878,1.0,0.265625,64.0
11,-1,930.0,True,True,71.19756838905775,148.96749823729752,165.44982553755736,,,,2.5229278469667373,0.2246303958631685,65.0,0.24615384615384617,71.04964694442914,83.62355119166318,61.86471353153701,-0.550900979777786,0.1036123466946602,-0.17042377680951054,,,2.5229278469667373,0.2246303958631685,0.9846153846153847,0.26153846153846155,65.0
11,-1,960.0,True,True,71.27109111361081,111.4843021944385,133.17963960850022,,,,2.404974996264612,0.16381102489638266,68.0,0.20588235294117646,71.26992697678824,68.87841641522093,57.498933697915994,-0.5474008135003374,0.1061777814924968,-0.16863991339593734,,,2.404974996264612,0.16381102489638266,1.0,0.30434782608695654,69.0
11,-1,990.0,True,True,73.84615384615385,107.95489809909,94.83861329133154,,,,2.5084864849115758,0.23888111472797763,62.0,0.22580645161290322,74.28458797849872,63.70414882238061,48.47112815019649,-0.5899003832373797,0.14142718440789032,-0.17138214090728898,,,2.5084864849115758,0.23888111472797763,1.0,0.3114754098360656,61.0
11,-1,1020.0,True,True,78.79210220673635,113.38589096873058,120.66998143549561,,,,2.522459153114403,0.2396860874485245,64.0,0.328125,79.28786719298675,54.42458154020612,43.83946488609829,-0.6276780206934813,0.19575209467224544,-0.1631283964902682,,,2.522459153114403,0.2396860874485245,0.984375,0.328125,64.0
11,-1,1050.0,True,True,75.07109004739337,140.6982294438989,148.35150020689497,,,,1.8869775604798729,0.20294233293622363,70.0,0.34285714285714286,74.60931915942118,96.48313614736787,62.449500596315,-0.6265482333523041,0.16195498006742715,-0.18492966471546218,,,1.8869775604798729,0.22244684593596709,0.9714285714285714,0.3142857142857143,70.0
11,-1,1080.0,True,True,71.3588850174216,139.13939152985262,154.27704859782807,,,,2.209821939886317,0.2164388297480304,67.0,0.2835820895522388,71.43845446368393,92.4869291643738,71.5762260996109,-0.6061548649630855,0.12703251719758796,-0.16276959508938038,,,2.209821939886317,0.2164388297480304,0.9714285714285714,0.34285714285714286,70.0
11,-1,1110.0,True,True,71.1692559280458,117.71674097869463,135.57811922021313,,,,2.3626735896139706,0.2008314786771342,69.0,0.37681159420289856,71.3913206085464,59.27157101040385,58.83660374387751,-0.5956617337611267,0.11728435797196783,-0.17282664607523188,,,2.3626735896139706,0.2008314786771342,1.0,0.2898550724637681,69.0
11,-1,1140.0,True,True,72.55978742249779,130.29177943670692,140.57848933228163,,,,2.4141418623254443,0.2497115360912999,68.0,0.35294117647058826,73.14190480752006,82.49427268550801,57.979571101111794,-0.6088941045494252,0.15563275573550758,-0.19568196506673696,,,2.4141418623254443,0.2497115360912999,1.0,0.18571428571428572,70.0
11,-1,1170.0,True,True,72.8345626975764,139.6030960265724,151.50873387020792,,,,2.6692432711475074,0.17193801208674875,61.0,0.2786885245901639,73.79121392302233,96.18639600476469,70.07376197918238,-0.6002243962930598,0.13909185914977806,-0.19414302875325756,,,2.6692432711475074,0.15821789051123358,0.9846153846153847,0.3384615384615385,65.0
11,-1,1200.0,True,True,70.78341013824885,160.47709551672435,189.51884946218567,,,,2.909605879084432,0.15046334926048457,47.0,0.2127659574468085,74.69956334036506,132.7342492060476,81.29329073717068,-0.5917761554358422,0.11684450365659108,-0.20786502000902782,,,2.909605879084432,0.15561044223851708,1.0,0.3888888888888889,54.0
11,-1,1230.0,False,True,,,,,,,,,,,79.10957090141284,135.53835462972734,48.01635187863849,-0.6579917417215991,0.20826069242022444,-0.26485540026172294,,,3.0678262484191605,0.21671037003297042,0.9791666666666666,0.3333333333333333,48.0
11,-1,1260.0,True,True,76.24548736462093,159.95691586339245,165.94897559189693,,,,2.9198482149015055,0.20636138854592512,46.0,0.1956521739130435,85.07936310999054,119.11879837727014,46.28381304158951,-0.6365264623668169,0.17673651697951495,-0.21657090526207007,,,2.9198482149015055,0.19551173501700622,0.9661016949152542,0.3050847457627119,59.0
11,-1,1290.0,True,True,85.67709947319493,119.46730139734522,121.14099380828678,,,,1.9023981990382184,0.147633747043625,78.0,0.358974358974359,87.66951892568244,67.90508777368565,43.186741916287545,-0.6843548221966539,0.23189172253360912,-0.27533065465335393,,,1.9023981990382184,0.17148926759365385,0.9506172839506173,0.2345679012345679,81.0
11,-1,1320.0,True,True,86.8653500897666,93.1245403721342,110.36028583090588,,,,1.2677321582899579,0.3328389463521827,71.0,0.4647887323943662,87.962713100278,33.05815832325632,38.96360537565404,-0.7804391707238845,0.31954465912565316,-0.3497138070144133,,,1.2677321582899579,0.30591646376078546,0.9452054794520548,0.2054794520547945,73.0
11,-1,1350.0,True,True,83.60808709175738,91.33010346777122,78.03024556852841,,,,2.4561261514532378,0.19512661533768247,54.0,0.2222222222222222,84.66032263594575,52.40311767705569,44.10024777290428,-0.6954325358725202,0.2019887140589793,-0.19315519848330379,,,2.4561261514532378,0.17169461504825217,0.9830508474576272,0.4067796610169492,59.0
11,-1,1380.0,True,True,73.48643006263048,128.3273223946475,111.84611450025588,,,,2.393682462442135,0.20218894765376708,62.0,0.12903225806451613,73.03750581121233,98.9045462071607,71.70540386212538,-0.5713029291599048,0.07398638116207396,-0.15188124260564462,0.04256343109846968,-0.5953669957429117,2.393682462442135,0.20218894765376708,1.0,0.6129032258064516,62.0
11,-1,1410.0,True,True,68.4029484029484,140.9580691322016,143.8187083016606,,,,2.2732042953521936,0.1574178964030938,62.0,0.11290322580645161,68.21958231082134,68.99073216497514,82.84682814502959,-0.5502101224511011,0.061443697539042434,-0.16786433388674157,0.047770776771888575,-0.5307542502415312,2.2732042953521936,0.1574178964030938,0.984375,0.609375,64.0
11,-1,1440.0,True,True,72.72187151875232,164.7387730858863,151.43626615950794,,,,2.607780932651682,0.1618168482435536,61.0,0.18032786885245902,72.86945743315799,85.57793842733534,65.52386927399182,-0.5506155670031266,0.06762809990891147,-0.16735142271545173,0.047844787955158466,-0.5385912234061062,2.607780932651682,0.1618168482435536,1.0,0.5,60.0
11,-1,1470.0,True,True,74.90247074122237,151.40438378520793,141.30088253612502,,,,2.4632736607814683,0.19384486870988274,68.0,0.20588235294117646,77.83305513928997,77.40470379619997,66.0622654446836,-0.5334103893109137,0.1001989967588621,-0.21921866113404423,,,2.4632736607814683,0.18459537242589497,0.984375,0.390625,64.0
11,-1,1500.0,True,True,79.15712322491983,162.57176566998209,137.70108402502382,,,,2.383217298354303,0.27808644115749553,57.0,0.2631578947368421,82.2213931836598,115.38534971773643,74.08798325728384,-0.6124808497405875,0.17653037881108827,-0.2669531093050867,,,2.383217298354303,0.27875870296100663,0.9642857142857143,0.375,56.0
11,-1,1590.0,True,True,90.18181818181819,184.07347314261486,178.18846976327887,,,,2.4308284122336166,0.3324278845267879,46.0,0.17391304347826086,94.51815243693513,107.6609728692517,57.88147107402206,-0.6517633193898485,0.12315302664852823,-0.25067765964138855,,,2.4308284122336166,0.33108804112040346,0.9807692307692307,0.21153846153846154,52.0
11,-1,1620.0,True,True,97.95918367346938,107.39391754490114,153.5049824390749,,,,2.525382075839587,0.3308982620000167,54.0,0.14814814814814814,101.5896756527235,39.69349124815237,25.97972120993601,-0.6673876287765754,0.1789401470012247,-0.22966677132895796,,,2.525382075839587,0.2605396030724963,1.0,0.07142857142857142,70.0
11,-1,1650.0,True,True,104.2406456346295,102.89019416892272,125.77073584420054,,,,2.4684820567235555,0.2184955571897616,53.0,0.22641509433962265,105.02122164916784,38.340591124377056,21.68777924055075,-0.7036114210005642,0.2517290017612386,-0.28478537500777645,,,2.4684820567235555,0.20349075940438963,1.0,0.02857142857142857,70.0
11,-1,1680.0,True,True,102.00708382526564,121.31260261679995,134.49644766161578,,,,1.8516374807413445,0.15908916699263245,55.0,0.2727272727272727,102.88498390804247,86.60241069589068,28.72512793250643,-0.6854443698931796,0.256271095953066,-0.3057198023586539,,,1.8516374807413445,0.18156040082008065,1.0,0.10810810810810811,74.0
11,-1,1710.0,True,True,99.69561324977619,143.30413491824822,99.85598182013514,,,,1.9595882552958903,0.16197896915650178,41.0,0.21951219512195122,105.3940368445169,111.9118101348788,39.86588932394458,-0.7742133742834485,0.3103797610893303,-0.3057198023586539,,,1.9595882552958903,0.15922462570000825,0.9830508474576272,0.2033898305084746,59.0
11,-1,1770.0,False,True,,,,,,,,,,,116.15776932891538,39.512730427175185,44.88024127340271,-0.8468230732142156,0.30080472763336613,-0.40007324579426917,,,1.7917289800546417,0.08590217629989132,0.9322033898305084,0.1694915254237288,59.0
11,-1,1800.0,True,True,109.53020134228187,107.56354218920447,78.47145402770502,,,,2.1886324144107725,0.13550928057183276,43.0,0.16279069767441862,116.1125984523084,32.534894394671426,32.6221778583909,-0.7439362274265462,0.17206275419179462,-0.2633060427805327,,,2.1886324144107725,0.10185274050390043,0.9605263157894737,0.11842105263157894,76.0
11,-1,1830.0,False,True,,,,,,,,,,,114.98647449273169,42.279562042881636,33.680989307649845,-0.7186475941432454,0.12835517740908892,-0.2512275754643352,,,2.4075858627842543,0.08563928661326432,0.9855072463768116,0.15942028985507245,69.0
11,-1,2520.0,True,True,113.8544474393531,125.19959207247297,108.92765661208361,,,,0.17348342549573684,0.12195197796818476,50.0,0.26,122.12281971664508,59.682550026900756,74.56216284115844,-0.9287493657867136,0.16688030375202415,-0.7832641425903176,,,0.17348342549573684,0.10272029977582943,1.0,0.3548387096774194,62.0
11,-1,2550.0,True,True,117.20481927710844,107.30019355396168,111.0568443869408,,,,0.28342611735890544,0.16495733066015017,59.0,0.288135593220339,122.21253684811481,52.37360016527913,89.95987223194622,-0.9876398656801672,0.33998309108040287,-0.8163744688072821,,,0.28342611735890544,0.12807708546240545,0.9420289855072463,0.30434782608695654,69.0
11,-1,2610.0,True,True,102.24852071005915,85.06808170895253,99.52453932860693,,,,1.9697487481913276,0.0949104298115416,37.0,0.1891891891891892,103.15167411350508,72.48765631554278,47.950893435154995,-0.7442594854468338,0.16380736114092032,-0.3716685967303074,,,1.9697487481913276,0.11697284264606078,0.967741935483871,0.3870967741935484,62.0
11,-1,2640.0,True,True,93.35779816513761,118.08700198432146,127.80933953638626,,,,1.3732023601825902,0.21384855708926986,63.0,0.15873015873015872,98.68944519761992,37.243825063191146,37.8556817531495,-0.6475578317459909,0.1633576694316623,-0.3591771066923583,,,1.3732023601825902,0.2156434058324801,0.922077922077922,0.4935064935064935,77.0
11,-1,2670.0,True,True,88.84875846501129,175.26877362171436,133.35930986941312,,,,1.6874247402726434,0.32079468947784107,53.0,0.24528301886792453,99.24547619683953,46.40839391352349,37.067970696296484,-0.6921866596314488,0.18623128435101424,-0.40789763189951067,,,1.6874247402726434,0.24006469228847244,0.8783783783783784,0.35135135135135137,74.0
11,-1,2700.0,False,True,,,,,,,,,,,97.19240520647996,60.443846342917396,46.931507383783256,-0.6559370313151562,0.20106056340422168,-0.33445065387824086,,,2.401235001815336,0.12112785249934648,0.9491525423728814,0.288135593220339,59.0
11,-1,2730.0,False,True,,,,,,,,,,,95.50178850341663,83.7556952216603,46.09802726885387,-0.6327313929529127,0.15688280196289214,-0.2754143163442559,,,2.494778345388305,0.17112858799010444,0.9583333333333334,0.3611111111111111,72.0
11,-1,2760.0,False,True,,,,,,,,,,,97.70033629755683,49.44600473494837,37.203906933959665,-0.6799468909264132,0.15124380274839558,-0.27356282262850873,,,2.53810648976651,0.23039681176115068,0.9661016949152542,0.3389830508474576,59.0
11,-1,2820.0,True,True,97.00348432055749,174.61878726725595,133.60758979740106,,,,0.8204780968352956,0.20607882177392167,48.0,0.2708333333333333,107.152753751129,42.98324310335398,57.18560323050605,-1.0046894426446422,0.463106696950749,-0.44322358661052896,,,0.8204780968352956,0.15012749433363057,0.9074074074074074,0.2037037037037037,54.0
11,-1,2850.0,False,True,,,,,,,,,,,95.33849575547232,114.45501631264563,36.203613445884564,-0.7199918343215947,0.23553880901992133,-0.2741797246956408,,,2.185536888503674,0.08431893963750252,0.8181818181818182,0.2727272727272727,33.0
11,-1,2880.0,False,True,,,,,,,,,,,95.28089489131345,67.03222669219505,48.755090212529254,-0.7448007828544232,0.2304356982590715,-0.3001847077768476,,,2.5272949993222764,0.160210187028895,0.8837209302325582,0.2558139534883721,43.0
11,-1,2910.0,True,True,83.47826086956522,114.21853351114213,136.29464156691174,,,,2.300011914714675,0.3195587642097632,50.0,0.16,84.24897583262879,75.76095827333609,49.901691387999904,-0.6305396979158123,0.14079366118298864,-0.26625121770397076,,,2.300011914714675,0.3195587642097632,0.9137931034482759,0.41379310344827586,58.0
11,-1,2940.0,True,True,87.12871287128714,126.61194969660814,119.45150980395536,,,,2.2364471068055782,0.13158059597903493,63.0,0.15873015873015872,89.10556739951856,78.50684400790217,44.77262603116125,-0.5954657568692161,0.13657279108262452,-0.2079570249071138,,,2.2364471068055782,0.12152666215735519,0.9722222222222222,0.4027777777777778,72.0
11,-1,2970.0,True,True,90.0,141.0954432543548,134.03500491701206,,,,2.3006909583322614,0.12822872616401346,43.0,0.23255813953488372,95.17033535841959,72.82076186569493,46.81122236799723,-0.6211814712919658,0.15561588639346033,-0.2601736458933673,,,2.3006909583322614,0.11060843500664416,0.9122807017543859,0.2982456140350877,57.0
11,-1,3000.0,True,True,84.89181561618064,125.17874304088913,129.65328853777115,,,,2.263025831889076,0.2987438086397362,53.0,0.16981132075471697,89.16029266786143,69.67971839443058,35.13563019540836,-0.5372740777037567,0.10737964741143338,-0.21908481875603672,,,2.263025831889076,0.3266887100478896,0.9473684210526315,0.3508771929824561,57.0
11,-1,3030.0,True,True,89.00662251655628,144.37280166075257,141.34241603789206,,,,2.612167091304558,0.17703523120894624,61.0,0.08196721311475409,89.79877868284996,94.29258791837877,49.65571549023753,-0.5815059914219625,0.1316949743283545,-0.19630024970873014,,,2.612167091304558,0.1454873259917121,0.9420289855072463,0.3333333333333333,69.0
11,-1,3060.0,True,True,89.25996204933585,130.6693581512183,95.87436847901529,,,,2.4803705160298755,0.16636042204873838,59.0,0.13559322033898305,89.52025094185973,67.04517610636609,44.68128787190644,-0.6732328065079977,0.15611810005297125,-0.1723115991171409,,,2.4803705160298755,0.13970071416496996,0.9594594594594594,0.40540540540540543,74.0
11,-1,3090.0,True,True,88.21477996125104,44.685751007635176,60.244159910763614,,,,1.3366654806812073,0.18013212722366834,84.0,0.07142857142857142,88.32844673101816,34.50188517859222,28.25775838148196,-0.6520452993811443,0.14549534905746375,-0.1543485554627599,,,1.3366654806812073,0.18013212722366834,0.9883720930232558,0.45348837209302323,86.0
11,-1,3120.0,True,True,87.59556103575832,54.803694261107424,39.200125206132576,,,,1.6996805111586133,0.19522123729484664,79.0,0.08860759493670886,87.79948090402489,34.10364666742103,29.06557485912689,-0.6682265395384368,0.15653143479305337,-0.184923638642841,,,1.6996805111586133,0.19522123729484664,0.9875,0.35,80.0
11,-1,3150.0,True,True,87.67940354147251,79.02988920029597,97.36427388559056,,,,2.1911989368006366,0.13959074631784027,60.0,0.11666666666666667,88.72819754171778,45.7970725615268,38.61717232027144,-0.7221658738803074,0.16412033178004304,-0.23430448045911062,,,2.1911989368006366,0.13010681022386997,1.0,0.3888888888888889,72.0
11,-1,3180.0,True,True,87.41463414634146,86.5541995762523,110.33368367117532,,,,2.2690753748108747,0.1507176151458227,63.0,0.1746031746031746,88.08817893532222,50.81418955181716,38.908976560980534,-0.7251003132039722,0.17269304983945344,-0.21323436040598942,,,2.2690753748108747,0.1379835766128901,1.0,0.43243243243243246,74.0
11,-1,3210.0,True,True,89.68541468064824,57.64628673616834,74.60835241445827,,,,2.349211374388552,0.13260259673695313,60.0,0.16666666666666666,90.84380819263073,52.81434071559572,34.9748450182464,-0.7194481429619293,0.17883905680721693,-0.22838097439416583,,,2.349211374388552,0.13260259673695313,1.0,0.3698630136986301,73.0
11,-1,3240.0,True,True,95.84026622296173,72.23874101908882,80.73756676727383,,,,2.5390826943116513,0.11247119778521537,45.0,0.06666666666666667,96.18135938343184,59.19434647279262,52.98680179944341,-0.6594519034016173,0.14252472976714048,-0.2935936839514658,,,2.5390826943116513,0.11247119778521537,0.9824561403508771,0.3333333333333333,57.0
11,-1,3270.0,True,True,90.17279574656624,104.8351231271856,150.7950405640747,,,,2.0754701445700676,0.17050334532973874,63.0,0.06349206349206349,92.54886685266176,96.04154707445659,53.63373893725182,-0.5385623426540498,0.07709579909201977,-0.2907886219639051,,,2.0754701445700676,0.19024068650110917,0.9538461538461539,0.2923076923076923,65.0
11,-1,3300.0,True,True,89.47817525434853,103.26514013086644,137.05227883160683,,,,1.8445420394744882,0.17154925821708794,77.0,0.12987012987012986,89.60518865587491,46.09652260336344,31.588591265458316,-0.5493729768434366,0.10308647603025646,-0.2087323222617594,,,1.8445420394744882,0.17154925821708794,0.9487179487179487,0.34615384615384615,78.0
11,-1,3330.0,True,True,88.57998801677651,128.91599927661835,120.24371229807495,,,,1.7968510410090917,0.19379414179402746,80.0,0.275,90.8078007415772,45.93369179347554,47.59236745802432,-0.6328787540297132,0.14373438074095968,-0.2090454309082993,,,1.7968510410090917,0.16112392570290174,0.9512195121951219,0.45121951219512196,82.0
11,-1,3360.0,False,True,,,,,,,,,,,89.00570873539853,43.51401657971421,34.572873760062194,-0.6999636799651827,0.17560069499051373,-0.2580102119648421,0.13278406627385095,-0.7903086704352147,2.4381974249964924,0.19254494599228053,0.9552238805970149,0.5522388059701493,67.0
11,-1,3390.0,True,True,88.09411764705882,85.18419452751165,43.63825013677794,,,,2.4088220981321395,0.20432825763220558,46.0,0.2826086956521739,89.05735313811576,55.33167506199592,38.732391719640475,-0.6711390028495278,0.21296645251987167,-0.2076241957259751,,,2.4088220981321395,0.20432825763220558,0.9710144927536232,0.4057971014492754,69.0
11,-1,3420.0,True,True,88.42582106455266,111.96556420750986,98.02015530672335,,,,1.6646021935172204,0.35036455722378845,71.0,0.23943661971830985,89.0070490096065,73.53117671019595,55.36951600625806,-0.6795080952925087,0.1986618723329329,-0.18189849494242644,,,1.6646021935172204,0.35036455722378845,1.0,0.3835616438356164,73.0
11,-1,3450.0,True,True,83.02702702702703,127.08414948709319,142.39040435684905,,,,2.1982210736552967,0.20353598304078854,62.0,0.22580645161290322,83.59706116822298,84.10102140430226,71.57530502783439,-0.6551262973094554,0.1848248567981551,-0.22974130861467676,0.1362263599112145,-0.7570436836743148,2.1982210736552967,0.20353598304078854,0.9577464788732394,0.5492957746478874,71.0
11,-1,3480.0,True,True,84.5385266723116,149.3588561440327,170.9954097251117,,,,2.4223159247519597,0.18608224055065248,34.0,0.29411764705882354,83.40574105644612,79.26608559136962,73.06408617861679,-0.6070482267993137,0.14392365047340833,-0.29611352902874444,0.07659707910466752,-0.6958336997209863,2.4223159247519597,0.2217165315428026,0.94,0.5,50.0
11,-1,3510.0,True,True,86.23830318153463,124.35582402823788,114.41019845107945,,,,2.2834866679186505,0.3025290005371366,43.0,0.32558139534883723,86.72681109066585,55.667754932723355,30.818507338785622,-0.6218035839317811,0.16660557456571384,-0.2109842321158228,,,2.2834866679186505,0.3025290005371366,1.0,0.2857142857142857,49.0
11,-1,3540.0,True,True,83.23152709359607,129.7074580595445,130.99048935240012,,,,1.983202577226747,0.38142292591467153,53.0,0.4528301886792453,83.24585290519818,64.70193007677274,41.77021183871594,-0.641268874403015,0.19564028518552445,-0.226499490672598,,,1.983202577226747,0.38142292591467153,0.967741935483871,0.41935483870967744,62.0
11,-1,3570.0,True,True,79.31803278688525,122.66708206211389,126.70637969373361,,,,1.1067282889001129,0.5765246052566226,67.0,0.43283582089552236,80.98940329280218,90.34179487374018,51.78452221362255,-0.7058243122455736,0.19282341516942414,-0.2786815058976595,0.09740408558267408,-0.7677540659426351,1.1067282889001129,0.534473618187665,0.9285714285714286,0.5857142857142857,70.0
11,-1,3600.0,True,True,78.82697947214076,79.23321138079842,74.91018138157999,,,,0.8716361558172262,0.1934629343528691,73.0,0.3150684931506849,80.2923512965512,73.9082945387894,42.81417212238964,-0.8528712043647031,0.22862715376938278,-0.24715191446563028,0.12401952195228128,-0.9484800930817403,0.8716361558172262,0.17121257203396306,0.9594594594594594,0.6216216216216216,74.0
11,-1,3630.0,True,True,82.02624351541044,72.96321255439459,57.086841160744925,,,,0.8545648421183387,0.2176625328653682,74.0,0.35135135135135137,81.29754366267217,55.170987247806856,39.89216039351814,-0.8359094025102722,0.21990619510268822,-0.24162677119801199,0.1215957622807373,-0.9591050195727068,0.8545648421183387,0.2176625328653682,0.958904109589041,0.589041095890411,73.0
11,-1,3660.0,True,True,84.66324373301119,98.11074319109571,96.85795034975644,,,,0.7054936903367451,0.2152572805790756,77.0,0.4805194805194805,84.18783369536428,65.93076889613825,50.34561392269474,-0.8022779244347861,0.2586476124201629,-0.3187773511455245,0.19272779051903802,-0.7954542453171446,0.7054936903367451,0.24651487703870506,0.9102564102564102,0.5,78.0
11,-1,3690.0,True,True,83.87061100359415,108.1279319947377,114.81983169296147,0.23605529768893943,0.8444025172956585,1.1754508234377887,0.6466872926724471,0.2577897693553287,81.0,0.5308641975308642,84.90503782927973,73.37840337875977,52.0841769509089,-0.8126919596417812,0.2995136562450238,-0.2521322319930645,0.1692105498599797,-0.9832734474437508,0.6466872926724471,0.22947815945935002,0.9024390243902439,0.524390243902439,82.0
11,-1,3720.0,True,True,87.21527320605662,114.78765181785542,112.71019675872202,0.2791414697131616,0.8038300028084951,1.2022037473482032,0.5947597995918338,0.25701654242095595,74.0,0.5,87.97543290846133,76.8378693484348,58.978168556753225,-0.8562694022859244,0.31856988445795287,-0.22870392752610652,,,0.5947597995918338,0.238474811012028,0.8987341772151899,0.4936708860759494,79.0
11,-1,3750.0,True,True,89.43031171623075,135.8475850675672,107.95489809909,,,,0.6309557520625771,0.20497661263315703,71.0,0.4647887323943662,90.96583321803521,91.65809624176957,72.95422229959676,-0.818888787991358,0.3203243311669478,-0.28788391127329593,,,0.6309557520625771,0.20497661263315703,0.8961038961038961,0.38961038961038963,77.0
11,-1,3780.0,True,True,83.47826086956522,156.03997078102546,106.8794243467105,,,,0.7508598360346586,0.23582330700251092,73.0,0.3835616438356164,86.14425867673903,118.52539514907352,77.46237132517821,-0.772924871233074,0.20670105167502917,-0.28788391127329593,,,0.7508598360346586,0.23858763832925808,0.92,0.49333333333333335,75.0
11,-1,3810.0,True,True,81.85809735921094,149.91246220775716,93.88232187248828,,,,1.534377395148731,0.2495185167848134,72.0,0.3888888888888889,82.03162961524663,120.53583718242704,65.68235781689006,-0.7651866105624283,0.24595696484429497,-0.29433390289352396,,,1.534377395148731,0.2495185167848134,0.9473684210526315,0.47368421052631576,76.0
11,-1,3840.0,True,True,84.36833602584814,136.41587980240442,89.46848973654191,,,,1.5640194539822483,0.200714139630318,74.0,0.35135135135135137,84.36484279442766,107.69828936806765,61.76337155275814,-0.7928630047007711,0.27641170246116287,-0.257976808074791,,,1.5640194539822483,0.200714139630318,0.9375,0.4125,80.0
11,-1,3870.0,True,True,83.71223917782622,156.47450873770134,112.8936146127804,,,,0.9252808053115246,0.2430202432078839,75.0,0.30666666666666664,85.63459738929356,112.96337534658092,59.536471327598036,-0.8250235734246211,0.2670282792455999,-0.29432550323379963,,,0.9252808053115246,0.21540460527770902,0.922077922077922,0.44155844155844154,77.0
11,-1,3900.0,True,True,85.02359346642467,164.82166439403596,127.58409966467177,,,,0.7280116528005885,0.23581060075223254,69.0,0.3333333333333333,88.70112336281207,122.00677961677458,58.16094151006672,-0.8251580554918718,0.2132039866836105,-0.28891179695290725,,,0.7280116528005885,0.23478030310390238,0.9428571428571428,0.4142857142857143,70.0
11,-1,3930.0,True,True,88.27586206896552,145.8388041690914,112.32082085203527,,,,0.6481286225699634,0.24158935860623273,61.0,0.32786885245901637,89.65019480513696,103.53726110277447,71.44562260370128,-0.9169222565316925,0.26832192690875667,-0.3348498113639692,,,0.6481286225699634,0.21676180743715198,0.9482758620689655,0.4482758620689655,58.0
11,-1,3960.0,True,True,87.93893129770993,106.76839037230218,125.27870714644892,,,,2.1601621836393643,0.21614268352230967,36.0,0.2777777777777778,89.80306816072304,68.71056052853811,55.201720473827734,-0.6469251126600796,0.2037976085400071,-0.32238974720552704,,,2.1601621836393643,0.1810010586648661,0.94,0.4,50.0
11,-1,3990.0,True,True,84.26332288401254,116.88259496302693,151.7461691706072,,,,2.394614913639177,0.12930732655076715,35.0,0.17142857142857143,85.77455466661777,52.24555249877755,43.133439583132116,-0.5971725703811377,0.1628459780860948,-0.2910299950154176,,,2.394614913639177,0.10699558608338144,0.9206349206349206,0.42857142857142855,63.0
11,-1,4020.0,False,True,,,,,,,,,,,82.95455656917859,40.53647374707977,47.48314452703022,-0.5910389764670589,0.10512846517732888,-0.2776963908051127,0.018507721045740957,-0.4502674326114211,2.652882609755292,0.20785990325398368,0.95,0.55,40.0
11,-1,4050.0,False,True,,,,,,,,,,,87.00754869842743,62.76368693563417,41.812099390930335,-0.5967905780361191,0.13471439470187946,-0.19488258014183105,,,2.72203063663764,0.19787062017624238,0.9285714285714286,0.47619047619047616,42.0
11,-1,4080.0,True,True,77.02005730659026,125.68665806960207,124.89532447570988,,,,2.3573426669831865,0.18630974343549575,68.0,0.17647058823529413,77.97056174895467,107.73360582207451,44.436738453142574,-0.5516462586061067,0.09814537130165549,-0.22122988667403082,0.08966257737418903,-0.536918234236947,2.3573426669831865,0.18630974343549575,0.9558823529411765,0.7058823529411765,68.0
11,-1,4110.0,True,True,72.01957053547159,109.98036103798341,119.12264405612846,,,,1.5730462271022738,0.1418462096793356,70.0,0.1,72.05946524275694,80.10913461076738,56.28190015790856,-0.5556350386228446,0.11643479203861691,-0.22122988667403082,0.07666036091045067,-0.535443432202443,1.5730462271022738,0.1418462096793356,0.9705882352941176,0.6911764705882353,68.0
11,-1,4140.0,True,True,72.95154185022027,134.116410046201,118.89713931757663,,,,1.6406971845588774,0.16602877136284294,70.0,0.14285714285714285,73.66737563378335,102.10271018842414,53.16675273116639,-0.5670765676652867,0.1530904919128632,-0.19777341138567667,0.0016579414823443138,-0.4999144837100652,1.6406971845588774,0.15273725802653607,0.9852941176470589,0.5882352941176471,68.0
11,-1,4170.0,True,True,72.49247606019152,140.06144775021644,117.38987155817338,,,,1.526656224901326,0.1866725637285285,70.0,0.1,73.2674406749384,106.0509165286692,55.34877340796287,-0.5730727813532874,0.15382395873377347,-0.18038751280126064,-0.0053814460109125805,-0.5395981690511493,1.526656224901326,0.1866725637285285,1.0,0.6956521739130435,69.0
11,-1,4200.0,True,True,72.90480065093571,104.9580927443475,106.7447600430194,,,,1.374918806097719,0.17961930463944598,71.0,0.08450704225352113,72.86899402980183,72.99886630292173,49.475706356645965,-0.5896912254531557,0.15392129433591756,-0.20065613543366467,0.006670754399899646,-0.569723981586422,1.374918806097719,0.17961930463944598,0.9859154929577465,0.6901408450704225,71.0
11,-1,4230.0,True,True,77.00197238658777,128.41923182873975,135.7403277618054,,,,1.7395133038247168,0.3683880668312978,66.0,0.16666666666666666,77.59440539524006,80.26209266747574,57.888873901700705,-0.5955325761041754,0.16997131402979238,-0.24684440299765908,0.03386055592015438,-0.596221297470394,1.7395133038247168,0.3683880668312978,0.9452054794520548,0.5753424657534246,73.0
11,-1,4260.0,True,True,75.6937073540561,141.6633568340618,125.52473993814311,,,,1.9119090823140692,0.20930103069098305,60.0,0.11666666666666667,77.59637132922416,108.3763798955017,53.77212588741164,-0.5100263649694979,0.13008938997953554,-0.246160642016782,0.02559474541009108,-0.44975207646341664,1.9119090823140692,0.23555081259936056,0.9558823529411765,0.5735294117647058,68.0
11,-1,4290.0,True,True,73.63015924601885,103.392969147736,91.2630884975705,,,,2.084755160074531,0.4392339355285604,64.0,0.046875,74.81512565747386,101.35303059904457,51.83979479427557,-0.47825806066920307,0.07586978205154905,-0.23236066953882123,0.021591190913238776,-0.39982336616063785,2.084755160074531,0.4392339355285604,0.9848484848484849,0.5909090909090909,66.0
11,-1,4320.0,True,True,75.81572566678213,96.92769430520842,63.85963249218583,,,,2.1962025298172314,0.42804833683363197,62.0,0.04838709677419355,76.11067841798194,96.84578485186567,49.39829145421311,-0.5221392251962783,0.07880070931162028,-0.21550088454853833,0.00033024425416478323,-0.40983732065968187,2.1962025298172314,0.42804833683363197,1.0,0.578125,64.0
11,-1,4350.0,True,True,71.60511882998172,165.18103185388367,126.52215967649519,,,,2.3693373138738196,0.3167898930118331,57.0,0.08771929824561403,73.68657339260912,155.06913732904155,90.26647785108261,-0.5336888913449017,0.0626774905203366,-0.20660912466558795,0.027961262101388464,-0.4309035713301268,2.3693373138738196,0.3084134783433769,0.9838709677419355,0.6290322580645161,62.0
11,-1,4380.0,True,True,65.52901023890786,194.2556634543531,159.93424290492462,,,,2.3075908995737766,0.3676590412300794,52.0,0.11538461538461539,67.74905963869365,176.4547150333056,125.91781637762223,-0.44184202339486,0.028455754430236138,-0.22697758606282914,0.027961262101388464,-0.23618821225829073,2.3075908995737766,0.32126682085919284,0.9811320754716981,0.6981132075471698,53.0
11,-1,4410.0,True,True,68.7542857142857,165.13394709902954,136.50592750222697,,,,2.042168693469212,0.26531656476989307,53.0,0.09433962264150944,69.29034182303819,140.54934034967678,76.66718927777548,-0.47894226444938665,0.07370718076125181,-0.25157622745733105,0.042365827233351035,-0.22050359572680842,2.042168693469212,0.26531656476989307,0.9482758620689655,0.7068965517241379,58.0
11,-1,4440.0,True,True,75.47533092659447,141.6927293828056,118.01789125488558,,,,2.2087004989149883,0.27197138120711345,54.0,0.1111111111111111,75.82449940112257,121.74978016908328,57.8644336450036,-0.5174547156975362,0.10131173550677983,-0.25157622745733105,0.06785128598903367,-0.38911043899168646,2.2087004989149883,0.27197138120711345,0.95,0.6166666666666667,60.0
11,-1,4470.0,True,True,82.05128205128206,97.78637164332598,97.57809372497498,,,,2.377024834387627,0.37288863992329957,34.0,0.17647058823529413,85.19652862554919,100.50347393447784,43.6692785736168,-0.6170428331931612,0.15113121620939643,-0.22764523327104177,,,2.377024834387627,0.2684436765874982,0.9583333333333334,0.4375,48.0
11,-1,4530.0,True,True,79.20159680638723,193.26514297873635,146.5292176732833,,,,0.7746147164171718,0.20739067937226763,42.0,0.23809523809523808,89.47399049307725,126.17556897252786,100.37328371506808,-0.7549037962969684,0.17229867520404937,-0.4452037067082799,0.18486431148546414,-0.6345541874713452,0.7746147164171718,0.14483295709338193,1.0,0.6415094339622641,53.0
11,-1,4560.0,True,True,80.67226890756302,130.63794070531017,144.26707275483898,,,,2.1830608520370633,0.1545517725810101,36.0,0.1388888888888889,84.67662023468587,83.68322621445257,69.10540565644581,-0.6060239330532841,0.10989509070816672,-0.3369505638950186,,,2.1830608520370633,0.14181402068655086,0.9534883720930233,0.4883720930232558,43.0
11,-1,4590.0,True,True,80.27416038382455,151.95075720811732,158.11066614051006,,,,2.119742092846864,0.11625021346961684,65.0,0.2,80.43704147066171,73.12735084053263,46.93209960434974,-0.5308423527298679,0.10989509070816672,-0.22137384947738237,0.03471960659051183,-0.3759286145896983,2.119742092846864,0.11625021346961684,0.9516129032258065,0.6129032258064516,62.0
11,-1,4620.0,True,True,79.00249376558602,161.81210478871876,159.52665520294124,,,,2.557626197637417,0.1356290765965726,44.0,0.13636363636363635,81.0526961165608,83.4735211894563,63.34261978562319,-0.543609618446234,0.14184380968449592,-0.2255654324082301,0.02489954754040844,-0.43764585150968,2.557626197637417,0.11188515359631386,0.9629629629629629,0.6111111111111112,54.0
11,-1,4650.0,False,True,,,,,,,,,,,81.94297025209015,114.11482440401575,54.004709539535945,-0.6497560336992152,0.18608963083970825,-0.24427296071720914,0.042877615460281696,-0.6699205182340917,2.4990985811722632,0.1508260080593831,0.9642857142857143,0.5178571428571429,56.0
11,-1,4680.0,True,True,78.16793893129771,162.20772739032188,145.69101949593428,,,,2.044307715849564,0.1691702494780826,56.0,0.25,79.34803257433593,111.02257970356598,48.27179503976145,-0.7118167736959433,0.20672269552956718,-0.2698834275886834,0.07102342636114772,-0.6980900021452754,2.044307715849564,0.1691702494780826,0.9552238805970149,0.5074626865671642,67.0
11,-1,4710.0,True,True,79.43943943943945,156.86210913587618,121.51305094301257,,,,1.102489501334193,0.19450359180159651,67.0,0.3283582089552239,81.46508513228851,121.3690497318131,66.01143915056996,-0.7041089544300032,0.21747081074340044,-0.28759014436627683,,,1.102489501334193,0.1997114700628082,0.8923076923076924,0.4307692307692308,65.0
11,-1,4740.0,True,True,83.38910644357422,161.4354712352611,106.36531602043807,,,,0.798912272250226,0.25997533892339486,69.0,0.391304347826087,87.5208957964534,115.99394895853598,70.15567371425718,-0.7417393923404509,0.27006400241555084,-0.23034448347968142,,,0.798912272250226,0.27679007390631466,0.9090909090909091,0.3939393939393939,66.0
11,-1,4770.0,True,True,86.37532133676092,172.35164709456993,116.85477189878573,,,,0.75189881964068,0.3291037310075378,76.0,0.34210526315789475,95.17934611714458,91.00606368775739,50.995528546112496,-0.7927456649624844,0.31024127846893734,-0.21290490956922006,,,0.75189881964068,0.24091516739865013,0.9583333333333334,0.3333333333333333,72.0
11,-1,4800.0,True,True,84.65401102265768,169.9395984575817,104.03026551238887,,,,0.8478289179358994,0.26265082646751925,77.0,0.3116883116883117,89.8681196560515,102.16299954117595,52.50280739769139,-0.782837161703032,0.2820875306552826,-0.2007934074130299,,,0.8478289179358994,0.2398215974053052,0.96,0.4,75.0
11,-1,4830.0,True,True,84.01848998459167,153.2614726709935,97.63860727728755,,,,0.764582229304747,0.27955594322402655,76.0,0.35526315789473684,87.82518895498976,97.6054157725691,56.22512203798114,-0.8656808826100586,0.27136255611580445,-0.20695357943285703,,,0.764582229304747,0.2824591852978877,0.9594594594594594,0.47297297297297297,74.0
11,-1,4860.0,True,True,86.33557046979865,122.98200051328143,92.32076475479779,,,,0.7539141885199738,0.24240253578801835,74.0,0.35135135135135137,87.28595473009777,101.40788811927756,48.974044364655434,-0.8527465692593148,0.278555007926214,-0.28296547074867134,,,0.7539141885199738,0.24240253578801835,0.9324324324324325,0.3783783783783784,74.0
11,-1,4890.0,True,True,84.98124531132783,121.77530240123541,96.75766429327341,,,,0.7231817037286578,0.2256022992933532,69.0,0.37681159420289856,87.51412553726519,114.42907913714421,59.961528065572914,-0.8193485386668335,0.317460421478321,-0.24668444194604874,,,0.7231817037286578,0.2474033241786198,0.9142857142857143,0.42857142857142855,70.0
11,-1,4920.0,True,True,87.0528967254408,150.44238355742792,104.23175050098699,,,,1.4880746915726426,0.27773666468613945,65.0,0.3384615384615385,89.08111678850032,118.84607078080921,72.1760153347398,-0.7817483943772592,0.25635981233445587,-0.21994099844349768,,,1.4880746915726426,0.24193172832546078,0.9428571428571428,0.44285714285714284,70.0
11,-1,4950.0,True,True,87.50869061413673,158.68482091310202,110.55906698080744,,,,1.4744388827128443,0.27260837104909647,66.0,0.25757575757575757,89.32307053848675,119.62012107836641,63.46775456701122,-0.7601190166868776,0.25980114378959035,-0.2504169685492607,,,1.4744388827128443,0.23657554786476961,0.9420289855072463,0.34782608695652173,69.0
11,-1,4980.0,True,True,86.87054880603269,166.3697995674544,142.51377074230572,,,,0.42365117320543444,0.2559755800709363,64.0,0.34375,93.99291135722476,107.96654655471679,57.11358085638851,-0.8986886624734084,0.35361783621455395,-0.4619660831832677,,,0.42365117320543444,0.21748107460853724,0.9206349206349206,0.3333333333333333,63.0
11,-1,5010.0,True,True,83.47826086956522,170.20973581633532,134.14273663755947,,,,0.6582494974157821,0.2628738672168139,64.0,0.359375,91.575660868349,113.72882082485812,62.101122878902466,-0.8651263799538577,0.23344487153783397,-0.37085966542640725,,,0.6582494974157821,0.2332693967536452,0.9242424242424242,0.45454545454545453,66.0
11,-1,5040.0,True,True,82.41542379046925,171.3628400788569,133.2214770842965,,,,0.7085916031783618,0.28540618281901686,67.0,0.3582089552238806,90.39771513864636,101.20329345991539,50.55377867956415,-0.836671693765258,0.3026544259526225,-0.3556898469392764,,,0.7085916031783618,0.18621344949974855,0.9130434782608695,0.463768115942029,69.0
11,-1,5070.0,False,True,,,,,,,,,,,89.63357431842219,98.96805102273767,51.18813460716725,-0.7675760573226462,0.23159740017754687,-0.2519106571801462,,,2.107686508799514,0.511804300139053,0.9545454545454546,0.45454545454545453,44.0
11,-1,5100.0,False,True,,,,,,,,,,,81.60117766810981,88.53860042658333,31.771999612944448,-0.5814740558816504,0.13681482410931284,-0.17849575063905432,-0.0034593027006421004,-0.5298512068632051,2.490280759326644,0.2479953176211299,0.8888888888888888,0.5833333333333334,36.0
11,-1,5130.0,False,True,,,,,,,,,,,83.81669337660244,89.98799493895731,53.21137488582943,-0.5976421145226879,0.1419101631547344,-0.23703993552300684,0.03432538517082791,-0.6747921181499179,2.6161724583078936,0.17018045605581686,0.9245283018867925,0.5283018867924528,53.0
13,-1,0.0,True,True,89.19315403422982,76.71423605275551,89.75879135215669,,,,3.142160082600698,0.22592417532984185,49.0,0.20408163265306123,89.30059112487358,53.98664931999944,34.61446154994049,-0.6935744417123424,0.18575901426543262,-0.140154353819991,,,3.142160082600698,0.22592417532984185,0.9629629629629629,0.2037037037037037,54.0
13,-1,30.0,False,True,,,,,,,,,,,95.71945432049745,106.7096633078708,93.98409721720867,-0.8733646903311612,0.2085132172015575,,,,3.3100999064099437,0.1504559013739285,0.9387755102040817,0.20408163265306123,49.0
13,-1,90.0,True,True,76.46753246753246,188.50091049098106,56.84428711789054,,,,3.1892988515281484,0.1424122131867468,33.0,0.09090909090909091,88.6514671240345,123.39309611925489,74.8784416254384,-0.6655268023884566,0.16947623673769185,,,,3.1892988515281484,0.11628613404595976,0.9636363636363636,0.2727272727272727,55.0
13,-1,120.0,True,True,78.29787234042554,186.40055624005203,108.5347186675766,,,,2.984299480258705,0.25236423278988546,35.0,0.08571428571428572,83.87281324060908,113.14639767446795,74.66275734782116,-0.6740380530204844,0.1700318944740951,-0.18042525277519084,,,2.984299480258705,0.2188828450495469,0.9803921568627451,0.29411764705882354,51.0
13,-1,150.0,True,True,83.89513108614233,112.67893974090478,105.97390598633231,,,,2.8453157064424657,0.24695326587480657,48.0,0.25,83.57089053049553,73.89779043191942,45.014932667298964,-0.6644918542642209,0.16707049710981714,-0.17871360754957344,,,2.8453157064424657,0.24695326587480657,0.9833333333333333,0.23333333333333334,60.0
13,-1,180.0,True,True,83.60808709175738,115.27731597292711,104.25614646398952,,,,2.5136728285138625,0.27974783358793887,64.0,0.234375,84.7558308312538,78.24691048755854,42.654594574785605,-0.6650734927031968,0.1708496201502122,,,,2.5136728285138625,0.249654004650894,1.0,0.16176470588235295,68.0
13,-1,210.0,True,True,86.3568215892054,116.61919190056254,151.94975379569203,,,,2.829787191999796,0.32914604570438327,45.0,0.15555555555555556,88.53811812540921,113.73574226987525,86.98545557222452,-0.7104506357503638,0.1907413200597102,,,,2.829787191999796,0.2984825810414056,0.9821428571428571,0.14285714285714285,56.0
13,-1,240.0,False,True,,,,,,,,,,,92.36838407665292,128.1120493714963,100.96930067457323,-0.7892939686606552,0.18613724842536367,,,,2.8654544842879024,0.3097488001398346,0.9791666666666666,0.1875,48.0
13,-1,270.0,True,True,86.80547293277812,125.65465240830828,120.22961159884171,,,,2.838731978769336,0.33593064606151024,54.0,0.2222222222222222,92.65702664551242,105.97088439324098,41.994458858844084,-0.7726742771153693,0.19572411294584618,,,,2.838731978769336,0.29609381450078526,0.9824561403508771,0.24561403508771928,57.0
13,-1,300.0,True,True,86.7538644470868,126.45292692380048,152.02624499298358,,,,2.8778780692617287,0.22548145108282946,53.0,0.2641509433962264,89.34180930316764,95.5870162917428,45.0604427634668,-0.7238159893536813,0.2195424958814554,,,,2.8778780692617287,0.21163671874201503,0.9838709677419355,0.25806451612903225,62.0
13,-1,330.0,True,True,85.65965583173995,87.1188615321841,116.04005545997401,,,,2.976848107896229,0.14138147825544242,50.0,0.38,86.32183961509723,68.16462325189825,44.25411178281043,-0.6919645610246072,0.2195424958814554,,,,2.976848107896229,0.16371549071333114,0.9821428571428571,0.26785714285714285,56.0
13,-1,360.0,True,True,86.86427457098284,80.04115657391299,96.13774762213404,,,,3.089424379613944,0.17049571508600922,44.0,0.20454545454545456,88.86693926492822,67.03698562883788,22.60292650474893,-0.6851340191809286,0.17790238577089768,,,,3.089424379613944,0.16064035724828923,0.9482758620689655,0.29310344827586204,58.0
13,-1,390.0,True,True,85.47945205479454,167.91180931373938,69.41990810498345,,,,3.103152915838641,0.16342366579436204,58.0,0.017241379310344827,90.09780793198385,63.27738235401724,22.31013791073772,-0.7145436289332243,0.1406650249331355,,,,3.103152915838641,0.1450940649797003,0.9705882352941176,0.29411764705882354,68.0
13,-1,420.0,True,True,85.1948051948052,196.66377073450056,75.77098679254567,,,,3.2912465745031256,0.18245817448306217,52.0,0.07692307692307693,92.07270390713627,67.10521284254443,62.09565670688012,-0.7165448865218549,0.14221736055375703,,,,3.2912465745031256,0.17672291960538794,0.9642857142857143,0.21428571428571427,56.0
13,-1,450.0,True,True,92.9500756429652,104.73582328378124,104.71436628006103,,,,3.0499567666765786,0.12416175950841682,47.0,0.1276595744680851,92.8067177183855,67.78233102282893,66.50124154157763,-0.6870268234677932,0.21287966805290123,,,,3.0499567666765786,0.12416175950841682,0.9285714285714286,0.10714285714285714,56.0
13,-1,480.0,True,True,87.27272727272728,113.68015254798584,70.02255031119142,,,,2.8557342411120312,0.2734548876434692,55.0,0.14545454545454545,89.48715817454965,48.899456879164276,33.83160551585537,-0.6690657301617349,0.17238023381973927,,,,2.8557342411120312,0.20978097562964187,0.9523809523809523,0.19047619047619047,63.0
13,-1,510.0,True,True,86.75191815856778,124.81773608717114,121.49722564081303,,,,2.6680816869174637,0.21640726679620442,60.0,0.05,88.36296731746285,46.765668903388445,33.923999446769734,-0.6034174371690395,0.14067791266708687,,,,2.6680816869174637,0.19451696129043858,0.9855072463768116,0.2753623188405797,69.0
13,-1,540.0,True,True,84.15374241402563,132.33972697318268,134.53592734860462,,,,2.0845324480545613,0.22869583947849126,72.0,0.20833333333333334,85.40333721825112,64.6921600735773,51.47485132351117,-0.5948021731674443,0.17293528863927626,,,,2.0845324480545613,0.20292477136321507,0.9736842105263158,0.25,76.0
13,-1,570.0,True,True,82.76386687797148,130.20135974155673,130.05473396518246,,,,2.0318836469118224,0.23778020898499067,73.0,0.1780821917808219,83.36483360792387,89.65433018178733,51.80120931983043,-0.5869114813829517,0.14874881097309706,,,,2.0318836469118224,0.21570283878250737,0.9733333333333334,0.17333333333333334,75.0
13,-1,600.0,True,True,84.91089108910892,112.96269851564377,104.14806381507326,,,,2.4115425063084195,0.1296791896695486,72.0,0.06944444444444445,86.0348012808886,93.43775198531517,55.151185182211776,-0.583874281687179,0.13342496208465582,,,,2.4115425063084195,0.1296791896695486,1.0,0.10526315789473684,76.0
13,-1,630.0,True,True,83.0515139598899,129.3360936717304,114.49796414611332,,,,2.5987985253017802,0.15423373469702417,63.0,0.1111111111111111,87.71361152538402,89.2116310194071,76.06262796334879,-0.5797870233593426,0.1031631449423937,,,,2.5987985253017802,0.1463968969134797,0.984375,0.203125,64.0
13,-1,660.0,True,True,80.44692737430167,110.60589845359637,142.3956508520501,,,,2.62690828633184,0.13966443473117843,55.0,0.09090909090909091,81.7539463426681,50.67118054237933,49.05607321330019,-0.6026034291566582,0.11928477788273914,-0.2030017401135045,,,2.62690828633184,0.1526297203919966,0.9166666666666666,0.3333333333333333,60.0
13,-1,690.0,True,True,78.86255924170615,179.88061155376215,132.18734169190117,,,,2.7559188812915485,0.17406941627869799,50.0,0.06,85.35171272684406,85.96792275269824,57.91598830714257,-0.5999917350479875,0.07848079500815254,-0.19505768059392536,,,2.7559188812915485,0.13145746317730178,0.8813559322033898,0.3898305084745763,59.0
13,-1,720.0,True,True,83.29254727474972,149.51757639537595,65.63031441066587,,,,2.8041905549136095,0.18279086860558894,50.0,0.08,88.4900158904896,65.26870821378564,61.44652705951898,-0.5949217000304011,0.11006579836023794,,,,2.8041905549136095,0.15336336852010124,0.9322033898305084,0.3220338983050847,59.0
13,-1,750.0,True,True,84.74253569883167,102.34030032728275,74.58497520805187,,,,2.458087216226793,0.2709843732716644,61.0,0.22950819672131148,84.80142011126063,60.27110212786298,50.674969964772984,-0.644991900384818,0.16334588904442132,,,,2.458087216226793,0.2709843732716644,0.9852941176470589,0.17647058823529413,68.0
13,-1,780.0,True,True,83.12951006456514,158.53349809058957,84.01414604762171,,,,2.795079454503835,0.16713782508243183,63.0,0.2222222222222222,86.63456115423519,87.2184596388393,65.23103788539697,-0.6496760388793741,0.1700425671344274,,,,2.795079454503835,0.15832494540981315,0.9866666666666667,0.24,75.0
13,-1,810.0,True,True,86.01294176207067,143.8300926962965,76.2803047701917,,,,2.875112210156195,0.14131306368704624,54.0,0.037037037037037035,87.82852578396194,89.87926003867464,70.33850332566188,-0.6502490063747571,0.1595686848812401,,,,2.875112210156195,0.1594987174344684,0.9722222222222222,0.2916666666666667,72.0
13,-1,840.0,True,True,86.61654135338345,79.27579843648334,56.79915468749765,,,,2.4785739780413842,0.22310154042638053,70.0,0.15714285714285714,86.39525644612229,35.00043970563101,22.691119646965397,-0.62094488758253,0.15958344560058785,,,,2.4785739780413842,0.22310154042638053,1.0,0.1643835616438356,73.0
13,-1,870.0,True,True,85.07658643326039,42.915669374424745,48.663785944991986,,,,2.3501755626575767,0.21843032966745066,82.0,0.2073170731707317,85.4678984802841,44.41081104894237,37.67600166737219,-0.5967349240132659,0.15959820631993563,,,,2.3501755626575767,0.21843032966745066,1.0,0.10588235294117647,85.0
13,-1,900.0,True,True,86.9433962264151,88.75234174411457,82.29155858746448,,,,2.834126860370565,0.18186990965641478,72.0,0.18055555555555555,86.41258670567143,59.01955776666818,42.76776369852821,-0.6138964481087525,0.16399692971408542,,,,2.834126860370565,0.18186990965641478,0.9861111111111112,0.1111111111111111,72.0
13,-1,930.0,True,True,86.49829351535837,101.10620107975724,81.6511914628788,,,,3.1100716017538588,0.17858243193929849,48.0,0.375,88.24388391769682,76.46164559444763,54.45817220581837,-0.750797306364773,0.24102390523686415,,,,3.1100716017538588,0.16237362641636618,0.9824561403508771,0.14035087719298245,57.0
13,-1,960.0,True,True,83.29718004338395,154.75306647705472,98.60611421646006,,,,3.3564456790124404,0.08554712205869722,40.0,0.4,89.79126039761586,68.32544906351914,48.35981933349748,-0.7610210932800852,0.2765857898036569,,,,3.3564456790124404,0.06881174035217778,1.0,0.18181818181818182,55.0
13,-1,990.0,True,True,84.51169188445667,107.9603735550454,88.18094412201539,,,,2.4985478255173,0.23493858185098496,56.0,0.30357142857142855,86.71760233772704,59.315439613535155,38.9267671252808,-0.625035622278853,0.15998779999690058,,,,2.4985478255173,0.27277807236212054,1.0,0.16417910447761194,67.0
13,-1,1020.0,True,True,84.42067736185383,86.21407251440276,84.68809327831121,,,,2.224324547150598,0.20099514969831636,77.0,0.19480519480519481,85.02473127074515,50.899616492911186,32.1292384563522,-0.6047855857779654,0.14678472822432445,,,,2.224324547150598,0.20099514969831636,1.0,0.12658227848101267,79.0
13,-1,1050.0,True,True,90.37037037037037,65.34058848384595,47.01683088388281,,,,2.6984690166049785,0.16685721441334134,69.0,0.10144927536231885,90.35401126499477,65.92292128135192,18.48027379668963,-0.6395502937146336,0.15740919941260642,,,,2.6984690166049785,0.16685721441334134,0.9864864864864865,0.20270270270270271,74.0
13,-1,1080.0,True,True,88.62929816297692,101.63197519070937,62.7719374698673,,,,2.7299743895382895,0.20461082242990059,60.0,0.15,90.6728031163347,102.9169938597606,53.14259057925743,-0.7239164179693665,0.1840267295933785,-0.12362926739168123,,,2.7299743895382895,0.1743130895251905,0.9861111111111112,0.2777777777777778,72.0
13,-1,1110.0,True,True,85.97014925373135,94.50649641470862,69.08833723456321,,,,2.8127198697725526,0.21060398368253538,67.0,0.26865671641791045,87.52236911479785,88.79171045055902,70.06447059715916,-0.7195122193914354,0.19797466322212467,,,,2.8127198697725526,0.22855366294167262,0.9863013698630136,0.2465753424657534,73.0
13,-1,1140.0,True,True,88.03162055335969,53.23514656980414,44.45897052447519,,,,2.8655737217846706,0.20688206720841978,65.0,0.24615384615384617,87.80033100663476,44.10909899271739,49.43150549561793,-0.7328052323650608,0.22675484374699706,,,,2.8655737217846706,0.22856115523658954,0.9861111111111112,0.18055555555555555,72.0
13,-1,1170.0,True,True,87.52776154295735,54.737933415396625,30.531513153699827,,,,2.8017227814738015,0.24511798876660948,48.0,0.16666666666666666,87.86971255121624,55.400832719128864,20.072783728927874,-0.7471978716387961,0.24238517342712707,,,,2.8017227814738015,0.24511798876660948,0.9836065573770492,0.14754098360655737,61.0
13,-1,1200.0,True,True,79.76811594202898,166.18634500647548,103.15601675667517,,,,2.8215002815604824,0.19392692688498686,54.0,0.25925925925925924,86.2417576414294,84.4314451677385,41.33439608003053,-0.73271617716717,0.24117629209417962,-0.16785456393919593,,,2.8215002815604824,0.20006950148374625,0.9833333333333333,0.23333333333333334,60.0
13,-1,1230.0,True,True,82.09026128266032,172.22412233334816,129.6565690308715,,,,3.083618549889665,0.19310591139686337,55.0,0.23636363636363636,87.2705519773776,114.88537252283051,67.42605753134613,-0.7030057689508896,0.18797338224786203,-0.1586195596931911,,,3.083618549889665,0.17474025870063054,0.96875,0.296875,64.0
13,-1,1260.0,True,True,89.20802534318902,132.2732639226666,115.87810136086974,,,,3.147447977912705,0.18311109516967655,42.0,0.2857142857142857,90.7550785283421,80.84161666335662,37.39181350568377,-0.6726091160958998,0.10793730017850056,-0.15977067529433361,,,3.147447977912705,0.15058154255591752,0.9827586206896551,0.3448275862068966,58.0
13,-1,1290.0,True,True,88.63543788187373,117.2250942371859,85.10486790816766,,,,2.8296652593056684,0.17753162615835652,51.0,0.29411764705882354,86.88810438097245,119.83104163045658,33.96278485370342,-0.6395725398645298,0.14841524157287644,,,,2.8296652593056684,0.1943852715379145,1.0,0.28125,64.0
13,-1,1320.0,True,True,84.89538097118043,114.58729178276607,111.07156829978798,,,,2.6947500941300544,0.1638752474990208,65.0,0.16923076923076924,84.97107929298522,116.39067322614872,41.879607554095976,-0.6023066708434448,0.1493290208681233,,,,2.6947500941300544,0.1638752474990208,0.9863013698630136,0.2876712328767123,73.0
13,-1,1350.0,True,True,82.68733850129199,110.44754734391216,113.7517170200081,,,,2.8581392108186994,0.19224964165281286,59.0,0.13559322033898305,84.12537678755844,82.4374158073077,40.63758783988618,-0.6192098699473553,0.13371035050135072,-0.07357077741481298,,,2.8581392108186994,0.17417409438648598,0.971830985915493,0.38028169014084506,71.0
13,-1,1380.0,True,True,79.7011207970112,106.05333314263756,107.2584850813735,,,,2.481621906813703,0.13274128951033676,58.0,0.1724137931034483,79.86173486474684,110.03461866709208,39.61220966343318,-0.5846409808639746,0.1414746890069477,-0.14377779732610102,0.04898494122398543,-0.5504760918437182,2.481621906813703,0.13274128951033676,0.9859154929577465,0.6197183098591549,71.0
13,-1,1410.0,True,True,82.7359781121751,123.05169267434104,131.50712787192353,,,,1.7550491165147728,0.19952385748321122,68.0,0.3235294117647059,83.18650890495366,60.413126231100286,52.404080234761466,-0.5566921226384952,0.15390667294103333,-0.15902184325411156,0.06225770185890811,-0.5376159587944276,1.7550491165147728,0.184667951081274,1.0,0.6056338028169014,71.0
13,-1,1440.0,True,True,84.9982149232417,104.62551663746532,113.25879806240955,,,,1.5992531226859892,0.22008589812371604,71.0,0.2676056338028169,86.54655969454163,53.50466190862222,56.201618859823576,-0.5778122786858996,0.14355250331932803,-0.08724031493891678,0.04334265900872837,-0.6702323824163372,1.5992531226859892,0.23328571883494167,1.0,0.5205479452054794,73.0
13,-1,1470.0,True,True,83.9854191980559,101.82484561419844,120.3180341112103,,,,2.5532250779803873,0.15283510548025803,62.0,0.20967741935483872,86.48655553348891,63.3936313926431,63.772054652689064,-0.5759147466874961,0.1426491215451856,-0.14765337857237393,0.03832309824468937,-0.62179180202919,2.5532250779803873,0.14742439728659187,0.9855072463768116,0.5217391304347826,69.0
13,-1,1500.0,True,True,80.9808729769495,141.99205555233664,127.5485925673392,,,,2.6551198810043526,0.1934443460844578,49.0,0.12244897959183673,84.80655696985085,57.383702229264365,53.521515658706576,-0.5624675602971861,0.09166790461078278,-0.20599868244809627,,,2.6551198810043526,0.16239733554831176,0.921875,0.46875,64.0
13,-1,1530.0,True,True,79.72318339100347,184.5166451331103,104.14806381507326,,,,2.366241578035204,0.35123216862115847,37.0,0.08108108108108109,82.74123420964311,82.8960662521352,62.36612723424729,-0.54868068229784,0.07517583986328581,-0.2118689856630734,0.06604065383381112,-0.5527489936598484,2.366241578035204,0.3906376850113963,0.9137931034482759,0.5344827586206896,58.0
13,-1,1590.0,True,True,82.54514187446259,197.18477613015665,74.17076299549124,,,,3.359116740420627,0.2797028147819453,36.0,0.1388888888888889,93.66684276196932,148.32710848366975,48.71462352373638,-0.7920420573644771,0.15335869212327258,-0.14043467704465604,,,3.359116740420627,0.24268060774151282,1.0,0.19148936170212766,47.0
13,-1,1620.0,True,True,78.3673469387755,176.26714642239696,139.12393305970042,,,,3.0969798520637806,0.1609271008138366,48.0,0.14583333333333334,82.57859951941103,144.3148905273778,92.28007408325337,-0.664224051069223,0.14359121249859017,-0.11187149493533494,,,3.0969798520637806,0.16110126730003452,0.9836065573770492,0.29508196721311475,61.0
13,-1,1650.0,True,True,80.109439124487,116.92222936028561,115.73620561805794,,,,2.5997085319023028,0.10300846933802499,68.0,0.17647058823529413,81.64697881815475,95.6873281178833,71.5283604667469,-0.6374782471383278,0.11827786577946661,-0.1154023713128465,,,2.5997085319023028,0.11483433411506512,0.9863013698630136,0.4657534246575342,73.0
13,-1,1680.0,True,True,82.72890484739678,159.75423193310314,89.75879135215669,,,,3.1176101474404776,0.12993149474693486,47.0,0.0851063829787234,86.6928793178765,89.1182889553466,48.731055273768156,-0.647693941264518,0.13116111762739963,-0.11684556339487157,,,3.1176101474404776,0.11556490142848748,1.0,0.30985915492957744,71.0
13,-1,1710.0,True,True,79.67871485943775,201.57337482124956,112.23928122542482,,,,3.1306304145367307,0.11826963882037264,45.0,0.2,87.03963486175303,99.08819707839696,63.33924450764979,-0.6489003437480669,0.1457723504352221,-0.14160684053455408,,,3.1306304145367307,0.12266619615200758,1.0,0.19718309859154928,71.0
13,-1,1740.0,True,True,85.62607204116638,142.85019880505078,112.06066280116274,,,,2.8335784166677866,0.14007923665055338,61.0,0.2459016393442623,86.91120394495297,50.76858522196434,41.43207648024412,-0.6489003437480669,0.16107938391253365,-0.18455372195317254,,,2.8335784166677866,0.16421419449443128,1.0,0.2535211267605634,71.0
13,-1,1770.0,True,True,88.42105263157895,60.3470324284191,46.25080436880968,,,,2.9595934856893304,0.1599093700952182,59.0,0.22033898305084745,88.45602469313077,42.78766186094527,27.44583344743959,-0.6944467967651973,0.1723355163370047,,,,2.9595934856893304,0.1599093700952182,1.0,0.19718309859154928,71.0
13,-1,1800.0,True,True,85.87402161759223,110.56374535009382,96.78340798517321,,,,2.573772363561785,0.18217057010339838,68.0,0.16176470588235295,87.75551848586565,55.710092523034774,30.762632207683097,-0.6709377911621083,0.15354984825979096,,,,2.573772363561785,0.21586354130644744,1.0,0.2702702702702703,74.0
13,-1,1830.0,True,True,81.50049358341559,117.5321965413614,124.30875046100525,,,,2.83994826117497,0.14985711680436647,53.0,0.1509433962264151,83.41784522852203,67.84308576344907,45.44947592165976,-0.6129279847724954,0.14212662028027118,-0.12711523671043373,,,2.83994826117497,0.1385856815747988,1.0,0.4117647058823529,68.0
13,-1,1860.0,True,True,81.80656156795911,118.97174851683513,114.28702217443589,,,,2.7139057193945306,0.1806699046825967,58.0,0.1896551724137931,81.28502682520465,75.3652586847898,50.02408997841525,-0.6056240375876936,0.14066008512140393,-0.15631569986511007,,,2.7139057193945306,0.1806699046825967,1.0,0.35294117647058826,68.0
13,-1,1890.0,True,True,84.05529953917052,111.0034188091161,110.93944178085204,,,,2.2245942013848836,0.1746544135205924,64.0,0.234375,84.16192777437806,74.55760718168305,44.4128602035397,-0.6888221101641063,0.17508772841177822,-0.15265281873848963,,,2.2245942013848836,0.1746544135205924,1.0,0.24675324675324675,77.0
13,-1,1920.0,True,True,83.83483626008544,107.42909711668793,114.52709320560355,,,,2.8305431599596496,0.12869168420366056,55.0,0.23636363636363636,85.20426485215316,65.24671528470074,44.28429190255742,-0.6853654556281474,0.18210413671048992,-0.14918264719586305,,,2.8305431599596496,0.10621160806955442,1.0,0.3287671232876712,73.0
13,-1,1950.0,True,True,82.307092751364,142.32569157803164,132.0373435253348,,,,2.7162634429772314,0.1766948625728537,62.0,0.22580645161290322,83.22893527743646,100.38022673628093,57.110820981355474,-0.6481893676150938,0.15732179567399557,-0.14111289091374182,,,2.7162634429772314,0.16653435952551704,0.9863013698630136,0.3972602739726027,73.0
13,-1,1980.0,True,True,81.86802030456852,153.2412110277748,120.86251443616972,,,,3.1151870070395136,0.14657919951723655,53.0,0.1320754716981132,84.40868229432071,102.11461848174645,52.48314353662978,-0.6700474747149234,0.13783898072302625,-0.18874896882521958,,,3.1151870070395136,0.11974902686039283,1.0,0.27692307692307694,65.0
13,-1,2010.0,True,True,84.46700507614213,153.426410573729,74.93486755176123,,,,3.207932942092739,0.1302241868684691,38.0,0.15789473684210525,90.21227353592256,57.39353754491653,43.228833391235334,-0.6959470449482793,0.14431760383922185,,,,3.207932942092739,0.1269640404753248,0.9827586206896551,0.22413793103448276,58.0
13,-1,2040.0,False,True,,,,,,,,,,,88.59189804421662,80.89745574715506,53.1570195680814,-0.6851551941387785,0.15444650492519135,-0.2716033299302713,,,3.1803117559234364,0.16443529864441445,0.9811320754716981,0.33962264150943394,53.0
13,-1,2070.0,True,True,75.54806070826307,149.2208295149657,122.66528524381854,,,,2.7073708760050783,0.14579456563127874,52.0,0.07692307692307693,81.5804119281193,102.71873697645951,50.9556598289442,-0.6063722831639751,0.12114306246562083,-0.25982809813024743,,,2.7073708760050783,0.13820193865742128,0.9824561403508771,0.3157894736842105,57.0
13,-1,2100.0,True,True,82.94117647058823,134.1708388705897,123.33416912723561,,,,2.5808582462025025,0.11185299098678797,58.0,0.13793103448275862,83.07135546165335,87.14778634532564,44.81593181541601,-0.6139950669717013,0.1593143521138013,-0.28355683418614064,,,2.5808582462025025,0.11185299098678797,0.9354838709677419,0.24193548387096775,62.0
13,-1,2130.0,True,True,84.66926070038912,120.1646667105953,128.26907329143484,,,,2.786328981721147,0.10359695532080901,52.0,0.11538461538461539,82.60443762575261,90.13283476706911,49.485465541564274,-0.6202386298682356,0.12742854867530873,-0.29963374337710125,,,2.786328981721147,0.13412364872430882,0.9473684210526315,0.2982456140350877,57.0
13,-1,2160.0,True,True,81.73493975903614,128.60963711408863,148.6524988252022,,,,2.5301695055446767,0.1875591754005243,62.0,0.0967741935483871,81.50996538080969,66.84135933965322,40.83283839830793,-0.6123917586034409,0.08997918213065911,-0.1650764514037544,0.01594515668606387,-0.5954192410173014,2.5301695055446767,0.1875591754005243,1.0,0.5,60.0
13,-1,2190.0,True,True,82.51023192360164,130.1795283038532,154.39524158794532,,,,2.286147417650871,0.18576959414260444,70.0,0.17142857142857143,83.50990377005014,61.78835139960632,57.92787565853745,-0.6123498942295321,0.13178262538750168,-0.13047235716855202,,,2.286147417650871,0.1689289011045008,0.9705882352941176,0.4852941176470588,68.0
13,-1,2220.0,True,True,82.82352941176471,125.15772876936954,143.48225745061652,,,,2.508590759718142,0.17435894051379722,65.0,0.2,84.78000867122974,72.57621567212169,60.25820829858141,-0.6061448521883399,0.12521023641636003,-0.09754254562040199,,,2.508590759718142,0.1248397760325464,0.9444444444444444,0.4722222222222222,72.0
13,-1,2250.0,True,True,80.61068702290076,109.35376190661647,89.38711774177429,,,,2.8565442296495362,0.18206100213309598,54.0,0.16666666666666666,83.48491383603483,76.31505552887535,61.77850787361257,-0.6241329414844835,0.11431893374821493,-0.11267716706317456,,,2.8565442296495362,0.17706255066945992,0.9692307692307692,0.4461538461538462,65.0
13,-1,2280.0,True,True,83.12687913409502,128.07705137451313,105.70775092569716,,,,3.0293856162763535,0.2380698728083121,50.0,0.1,89.9721982793864,112.59724222573051,69.66139203417171,-0.6619016748445455,0.157477434506688,-0.17385385499872236,,,3.0293856162763535,0.17504608341667424,0.9649122807017544,0.21052631578947367,57.0
13,-1,2310.0,True,True,88.61538461538461,110.53564380387154,93.07794832443243,,,,2.886051870049078,0.2120577308900125,60.0,0.11666666666666667,91.18745905224037,115.35471973342847,40.92557515188953,-0.6964226427261333,0.20569713356432248,,,,2.886051870049078,0.18464655197602858,0.9705882352941176,0.14705882352941177,68.0
13,-1,2340.0,True,True,78.52242744063325,100.85403424861094,45.968241238774915,,,,2.4484947308872402,0.3269149903607304,68.0,0.39705882352941174,78.97643144471462,98.41286051307829,44.18519107445954,-0.7230362193492643,0.2243617726175034,-0.19605856081280099,,,2.4484947308872402,0.3269149903607304,1.0,0.125,72.0
13,-1,2370.0,True,True,75.56162886034436,68.45157647179488,51.58950157285115,0.22817347186595544,0.8189119560137094,1.2218753866256729,2.308176958241843,0.29160882053831766,73.0,0.589041095890411,75.64904836511825,70.62514164472255,53.0535950975365,-0.7173097426364934,0.24602795049993667,-0.1987802457723587,,,2.308176958241843,0.29160882053831766,1.0,0.09333333333333334,75.0
13,-1,2400.0,True,True,76.96869851729818,75.36629500167366,57.55738569088631,0.24032651692198898,0.8050133258052913,1.2364386956725184,2.293818538044284,0.3392333844832109,74.0,0.5135135135135135,78.43211817734937,103.2199063559406,65.51547979447867,-0.704903584288284,0.2413073322358567,-0.1828774924309117,,,2.293818538044284,0.3128882132649695,1.0,0.08974358974358974,78.0
13,-1,2430.0,True,True,78.41001905799074,61.433754055790764,47.29541200393143,,,,2.281169325120278,0.31416828809608155,76.0,0.47368421052631576,79.5086760273408,89.58931417219918,60.16284904087309,-0.704903584288284,0.23034547541408817,,,,2.281169325120278,0.2826520208186242,0.9873417721518988,0.08860759493670886,79.0
13,-1,2460.0,True,True,79.43385955362002,53.85845596105381,39.897329171261575,,,,2.2901447422214285,0.3185918018923442,77.0,0.4675324675324675,79.97572450966834,66.94208834050569,53.07073123709025,-0.7051415142038711,0.23184551370940146,-0.17968415318475497,,,2.2901447422214285,0.2885680632043455,1.0,0.15,80.0
13,-1,2490.0,True,True,77.95884773662551,81.58276212372219,53.69232729426033,0.24177828029213222,0.7994316811970774,1.26553201189461,2.313414403064917,0.3493988437735413,75.0,0.52,77.9223478134779,83.11496581232113,53.82985462376235,-0.7040165796593812,0.2247611812400392,-0.18283584909159106,,,2.313414403064917,0.3493988437735413,1.0,0.09090909090909091,77.0
13,-1,2520.0,True,True,74.40258342303552,96.51709910984182,69.82789771499479,0.24254234135286773,0.8126421199756192,1.2674064108131993,2.3131811693199067,0.3410812591915707,73.0,0.589041095890411,74.58240537889274,98.30259040019409,67.43598386208754,-0.7073099146268225,0.22271877912642862,-0.19742582446166665,,,2.3131811693199067,0.3410812591915707,0.9864864864864865,0.013513513513513514,74.0
13,-1,2550.0,True,True,75.43792633015006,97.07143455501149,66.3949218796773,0.2611787285160956,0.7987172765152555,1.2730263989959487,2.2488584969199037,0.3441492036493675,73.0,0.7808219178082192,75.73808653118601,100.63218355269531,64.21655297107618,-0.7224740395428497,0.28087541497691143,-0.2061805382922934,,,2.2488584969199037,0.3441492036493675,0.9868421052631579,0.039473684210526314,76.0
13,-1,2580.0,True,True,75.20984890878567,111.91365777270552,67.0184261180329,0.24850095543634695,0.799665523689394,1.2683400634642463,2.3126055020980947,0.2962787580339455,72.0,0.8055555555555556,75.52788391506586,106.09402534664773,61.4651998449631,-0.711084768583221,0.25993264502091423,-0.19667383255907017,,,2.3126055020980947,0.2962787580339455,1.0,0.0821917808219178,73.0
13,-1,2610.0,True,True,75.54806070826307,129.94007044537838,71.08425365314207,0.24179919015374388,0.8077876091440069,1.2423530830813074,2.5169617653157412,0.20927969532322127,72.0,0.7222222222222222,75.90296894653966,124.6051229226376,70.48538938527132,-0.7026024107078516,0.2449677800482814,-0.175151569609158,,,2.5169617653157412,0.20927969532322127,1.0,0.0684931506849315,73.0
13,-1,2640.0,True,True,77.71181867242309,110.48822154521822,67.4168294682266,0.25709991401225685,0.7923846237201421,1.2631085431299636,2.288513365792184,0.39620118616129996,76.0,0.6710526315789473,77.92013598884094,112.26177594250645,67.75659787777766,-0.724135316339932,0.2679344138685322,,,,2.288513365792184,0.39620118616129996,1.0,0.025974025974025976,77.0
13,-1,2670.0,True,True,78.70196413321948,99.47794724629307,62.301541798796976,,,,2.443756841091418,0.30235012582436516,75.0,0.49333333333333335,79.00941042834879,109.3270172124633,63.534571185093164,-0.7245761889175599,0.2601182070303474,,,,2.443756841091418,0.30235012582436516,1.0,0.039473684210526314,76.0
13,-1,2700.0,True,True,77.2528616024974,102.93995145962957,69.71518404604606,,,,2.6892777270032098,0.2810237221147259,64.0,0.390625,78.08730969259643,118.01554619035569,72.85642329328434,-0.70624347727705,0.2246177052215549,-0.17100111730123185,,,2.6892777270032098,0.2810237221147259,1.0,0.08955223880597014,67.0
13,-1,2730.0,True,True,80.41884816753927,93.32902795849435,67.45947857788407,,,,3.04271667123847,0.11689328447224906,43.0,0.32558139534883723,82.9030012690303,120.41612886377001,58.72284269836115,-0.7223300103287346,0.2487645811113437,-0.18740852958980347,,,3.04271667123847,0.11625001273323883,1.0,0.17543859649122806,57.0
13,-1,2760.0,True,True,82.93736501079914,121.31905139178863,98.63571313804144,,,,2.8578359544250462,0.06847135771692953,44.0,0.18181818181818182,87.0866739165252,126.83235522970388,65.83674963922513,-0.7027675215889247,0.18683014173742976,-0.23053615623140103,,,2.8578359544250462,0.06284236873111886,0.9682539682539683,0.36507936507936506,63.0
13,-1,2790.0,True,True,82.53699788583509,125.89544367875685,137.07247426646464,,,,2.212103371378255,0.32504374135380576,67.0,0.22388059701492538,81.30681003737172,48.974988726342914,44.993140197774544,-0.6387370404955904,0.15001833013452603,-0.1959667282335497,0.0891542317191375,-0.7551391143854966,2.212103371378255,0.32504374135380576,0.971830985915493,0.5633802816901409,71.0
13,-1,2820.0,True,True,81.87633262260128,112.04948969551641,128.9823233320863,,,,1.983682708602612,0.22211225771282195,48.0,0.1875,82.61225273408598,63.44186590312847,37.49367845664462,-0.6189707097658108,0.16779818225959936,-0.17672892405936563,0.06354845931360908,-0.7556123811819299,1.983682708602612,0.22211225771282195,0.9846153846153847,0.5538461538461539,65.0
13,-1,2850.0,True,True,82.1917808219178,162.53755575635435,105.20317644127165,,,,2.921614931257903,0.24928711978624907,36.0,0.19444444444444445,84.93813989816665,70.58180448789199,47.16745149666388,-0.6220220403106225,0.166658372360355,-0.17005762933120708,,,2.921614931257903,0.19755882889617954,0.9791666666666666,0.375,48.0
13,-1,2880.0,True,True,83.47826086956522,154.0970089193646,91.64298936634488,,,,3.117696242708749,0.29385461933881457,52.0,0.25,89.9762939286942,119.45520151852928,81.63240909362783,-0.7031225163470319,0.17782965175204984,-0.14909528508164943,,,3.117696242708749,0.2073135041471954,0.9516129032258065,0.25806451612903225,62.0
13,-1,2910.0,False,True,,,,,,,,,,,88.84667231457678,108.71042519795026,68.99594984521369,-0.7035479258238293,0.1888816074815616,-0.1379358279400777,,,3.065196683377483,0.187099980090122,0.9827586206896551,0.1896551724137931,58.0
13,-1,3030.0,False,True,,,,,,,,,,,90.43952641309552,71.10424960785863,73.64700749399618,-0.5878078483195205,0.09742773161735535,-0.24376319315192108,,,3.1672751396016086,0.13720362672501496,0.9090909090909091,0.29545454545454547,44.0
13,-1,3060.0,True,True,90.32932566649241,70.00581967601052,81.49771164397886,,,,2.6910209851109372,0.11697719700585667,53.0,0.05660377358490566,88.25884226822224,124.25295886306223,35.699095871877304,-0.6080712247183107,0.09980483506876299,-0.11070070808277208,,,2.6910209851109372,0.1389254479961408,1.0,0.3181818181818182,66.0
13,-1,3090.0,True,True,89.30232558139535,74.55058364666787,80.42256485895027,,,,2.588229927857575,0.14645024605629192,76.0,0.039473684210526314,89.55204867212434,50.234948142278604,31.86552161317681,-0.6318257383612241,0.11951473792447374,-0.12472828385727869,,,2.588229927857575,0.12585465809329863,0.9746835443037974,0.22784810126582278,79.0
13,-1,3120.0,True,True,89.66816878328554,90.77894516882708,89.03588998759069,,,,3.0109592082558705,0.1392512099998352,68.0,0.04411764705882353,89.73288262016843,75.98776248281456,41.63311275253941,-0.659014523716728,0.16595571669767795,,,,3.0109592082558705,0.1392512099998352,0.96,0.18666666666666668,75.0
13,-1,3150.0,True,True,91.59633027522936,82.67064228705283,47.696401677218226,,,,3.1676625877449083,0.18982908666456463,36.0,0.05555555555555555,94.24644793168189,101.47989184458068,59.426139811762276,-0.672475178911208,0.16532580536745078,-0.16714243768887369,,,3.1676625877449083,0.17879106461740396,0.94,0.18,50.0
13,-1,3180.0,False,True,,,,,,,,,,,105.29841222688229,131.54847834098845,109.71014873760778,-0.6827243089178711,0.15279862391891727,,,,3.2456105085020703,0.2662787779473386,0.9318181818181818,0.18181818181818182,44.0
13,-1,3210.0,False,True,,,,,,,,,,,112.77669067921647,102.72984727207536,104.08018242745575,-0.7253507561778332,0.13332646771022386,,,,3.418701759325597,0.1949092054199264,0.9230769230769231,0.17307692307692307,52.0
13,-1,3480.0,False,True,,,,,,,,,,,103.05340191504985,91.24249463979768,32.85975973854444,-0.7799337482138792,0.1569688582049361,,,,3.2894779721217535,0.29654338607780856,0.9821428571428571,0.07142857142857142,56.0
13,-1,3510.0,True,True,97.10982658959537,129.03321271767084,95.57681928907587,,,,3.2366985611234598,0.14873030327864564,51.0,0.09803921568627451,99.57010356544681,111.53449761827032,43.79173765405895,-0.6999117422906719,0.14364308607374274,,,,3.2366985611234598,0.1395143179407973,0.9710144927536232,0.15942028985507245,69.0
13,-1,3540.0,False,True,,,,,,,,,,,96.6710786422447,111.0512589294843,54.553979136629486,-0.6781795550648683,0.13451407112609048,-0.13467309460843238,,,3.232882379144734,0.11780000945124365,0.9682539682539683,0.2222222222222222,63.0
13,-1,3570.0,True,True,97.16171617161716,86.21076970565282,102.80979010374679,,,,2.7009715800717933,0.1542212650785554,45.0,0.06666666666666667,101.95360942490156,89.53274207262459,61.292673777853096,-0.6707944192139388,0.053616513430380604,-0.2369514844034708,,,2.7009715800717933,0.11935269982656639,0.967741935483871,0.20967741935483872,62.0
13,-1,3600.0,False,True,,,,,,,,,,,107.67524239413419,183.04464810549885,58.68016732916812,-0.7726270817558141,0.038307838120822675,,,,2.934262639233289,0.17060297873595426,0.95,0.2,60.0
13,-1,3630.0,True,True,117.31160896130346,108.55863232511201,72.14315097744586,,,,2.917746148711801,0.1449085273133052,45.0,0.1111111111111111,109.85232407469063,175.49128545851784,71.52672162226904,-0.7510075959704858,0.1235933116891966,,,,2.917746148711801,0.1632996157955449,0.9705882352941176,0.17647058823529413,68.0
13,-1,3660.0,True,True,111.1804008908686,105.41748594812665,69.43901888527803,,,,2.8814337498344598,0.163423180561634,53.0,0.11320754716981132,111.88420440440507,97.43954517938012,48.00053944786825,-0.7183035982082486,0.12505348924320225,,,,2.8814337498344598,0.1501419571633559,0.9852941176470589,0.11764705882352941,68.0
13,-1,3690.0,False,True,,,,,,,,,,,107.49325162115227,86.10441712683536,88.80330188235888,-0.6991570709853954,0.12906008075903158,,,,2.8859405602705497,0.13379322493000634,0.9310344827586207,0.15517241379310345,58.0
13,-1,3720.0,False,True,,,,,,,,,,,103.64850752386408,107.01327920151964,158.6276833387419,-0.7586233715214026,0.11139358677398695,-0.23356104863665242,,,2.967738653727184,0.13519674311062344,0.9285714285714286,0.19642857142857142,56.0
13,-1,3750.0,False,True,,,,,,,,,,,101.1550653845591,128.0771343537322,88.25334566430985,-0.7467629787670365,0.07415360894628255,-0.18198683406594512,,,3.001693821204403,0.13976609967911843,0.9523809523809523,0.2222222222222222,63.0
13,-1,3780.0,True,True,87.77142857142857,186.4663347910734,89.91864685075386,,,,2.95419690906253,0.3256662862674212,49.0,0.22448979591836735,100.52712848748382,71.51145406129085,52.862377306099006,-0.6309443167859974,0.048911914681470534,-0.2206044868810808,,,2.95419690906253,0.20766120721912598,0.9180327868852459,0.29508196721311475,61.0
13,-1,3810.0,True,True,84.72420506164828,164.6744354434351,124.57468403401197,,,,2.907739099841521,0.14101729542849442,49.0,0.14285714285714285,93.67962095659398,105.39018327188658,50.22542939781831,-0.6319790117953812,0.04705502522311054,-0.29910362820886083,,,2.907739099841521,0.1428365796236373,0.9122807017543859,0.38596491228070173,57.0
13,-1,3840.0,True,True,86.5979381443299,172.37322745446065,119.78651998166647,,,,3.009032557895287,0.2056067948365057,49.0,0.2653061224489796,94.77757521013842,83.8755466486197,70.29283067087577,-0.6386309890976725,0.09457698062387865,-0.3244991809278809,,,3.009032557895287,0.17483427385013195,0.9,0.45,60.0
13,-1,3870.0,False,True,,,,,,,,,,,98.35136098940264,94.30754297688084,91.39251617712824,-0.6975707736689352,0.08305105744774312,-0.4543418283835443,,,3.3091562489032484,0.10739644476360845,0.9090909090909091,0.36363636363636365,55.0
13,-1,3990.0,True,True,79.08466819221968,179.6583337110846,162.74311063908013,,,,2.1812159004143217,0.2546966439755952,55.0,0.2,84.52992690344338,108.2145186455136,96.29203822325246,-0.5752993677996605,0.05185433842462515,-0.34554076791275057,0.13915075340822872,-0.28187087033050096,2.1812159004143217,0.16711887105905177,0.8541666666666666,0.5208333333333334,48.0
13,-1,4020.0,True,True,82.26675881133379,126.61527416040258,149.71597520349013,,,,2.1213474511544925,0.16834128464340722,70.0,0.04285714285714286,82.20709501961151,110.25501899962966,67.14981170593768,-0.49377455525855485,0.025246684646977616,-0.2308983711753907,0.004143885136677616,-0.2657957581832455,2.1213474511544925,0.16834128464340722,0.8805970149253731,0.5671641791044776,67.0
13,-1,4050.0,True,True,81.89307624890446,106.05583910886216,143.0217758433471,,,,1.994586718059978,0.11164591202656893,77.0,0.03896103896103896,81.05018100160122,58.862108217695805,51.09425181973354,-0.4815555745192852,0.029852701231818574,-0.18229157680338,5.261769884399729e-05,-0.2983243995790062,1.994586718059978,0.10519749186548838,0.92,0.6,75.0
13,-1,4080.0,True,True,82.0817843866171,112.8285377563011,141.84090626712015,,,,2.4896788899288147,0.2004859620836792,74.0,0.06756756756756757,82.28276551806736,50.04381100044742,44.36776930154848,-0.5349509244490378,0.06336283572091252,-0.1704634746671194,,,2.4896788899288147,0.2004859620836792,0.9736842105263158,0.4868421052631579,76.0
13,-1,4110.0,True,True,82.76943174395821,134.86123159531542,149.5151811762736,,,,2.65397785729402,0.25789563730447895,43.0,0.046511627906976744,83.80028183416754,106.26859133600883,54.35830226037004,-0.5613802202873349,0.08085387264626083,-0.16590348654330983,,,2.65397785729402,0.24038164028414463,0.9583333333333334,0.3958333333333333,48.0
13,-1,4140.0,True,True,77.98537774167343,127.20068011152036,140.67924301069615,,,,2.690095772631921,0.20557443087774338,38.0,0.0,80.65451860480985,107.71299766930821,80.49507336289882,-0.6222735669786676,0.09242576661721759,-0.29973513151490994,0.05710440443767818,-0.3071935726117514,2.690095772631921,0.1542076236971019,0.926829268292683,0.5121951219512195,41.0
13,-1,4200.0,True,True,76.11756664388243,181.4781799001316,128.1345270848182,,,,3.111286785664745,0.1279531400562259,44.0,0.13636363636363635,86.82269652372236,119.78148315177681,92.70546652716675,-0.6062566875809932,0.12385069863595427,-0.20204326516850946,,,3.111286785664745,0.1116443240702195,0.9629629629629629,0.24074074074074073,54.0
13,-1,4230.0,True,True,81.43556280587276,133.9103455402627,163.85155089033083,,,,3.0287878098859626,0.08236497654714979,50.0,0.0,84.41470590331852,90.19109685894101,76.14971855664439,-0.5695102309394077,0.08531165021647809,-0.1651533180618432,,,3.0287878098859626,0.06523258475449074,0.953125,0.40625,64.0
13,-1,4260.0,True,True,83.4317548746518,153.9504795302846,179.9355520307629,,,,3.0584612975349854,0.17731858790942528,52.0,0.019230769230769232,86.11646684341088,61.873312847390366,47.74628039072014,-0.607960350407288,0.08531165021647809,-0.21433865777393027,,,3.0584612975349854,0.14836682737891238,0.9344262295081968,0.4426229508196721,61.0
13,-1,4290.0,True,True,79.49044585987261,167.6036939591277,107.49878875286612,,,,3.1122031328777537,0.16472252142852759,52.0,0.09615384615384616,84.17305656556924,83.8319677909646,41.71214467646107,-0.6322540532110608,0.10781146717934521,-0.21433865777393027,,,3.1122031328777537,0.16653433821861885,0.9387755102040817,0.42857142857142855,49.0
13,-1,4320.0,False,True,,,,,,,,,,,83.17818719603478,109.4581555939814,30.430772792369964,-0.6672477319209452,0.10781146717934521,-0.24964277124268858,,,3.312952568969081,0.16677266584994407,0.9347826086956522,0.34782608695652173,46.0
13,-1,4350.0,True,True,80.22586109542631,159.52140275622048,135.38861889021544,,,,3.1773508237869654,0.18480265272507643,51.0,0.1568627450980392,81.47633423042194,125.55239507555093,52.771701239388264,-0.5849103174021933,0.07676668057535502,-0.2088611244225037,,,3.1773508237869654,0.20931555459400938,0.9482758620689655,0.3793103448275862,58.0
13,-1,4380.0,True,True,77.75902801214986,137.7589189560592,135.29805768474768,,,,2.6916535170137896,0.11288466062541365,68.0,0.11764705882352941,78.96877755014809,100.73915256094236,66.27163814195244,-0.5781683047583858,0.08559290077598046,-0.14492288734421802,,,2.6916535170137896,0.10465110409571148,0.9692307692307692,0.4153846153846154,65.0
13,-1,4410.0,True,True,76.08668730650155,121.12574782057796,114.40140454385664,,,,2.7000525480180793,0.18101801387523234,69.0,0.08695652173913043,77.48457811902836,86.03745337842591,47.93376839555517,-0.6173060971941956,0.11101282423146686,-0.14483033788199945,,,2.7000525480180793,0.19629930090102898,1.0,0.43478260869565216,69.0
13,-1,4440.0,True,True,74.19053964023983,90.9350010596874,77.1758379586684,,,,3.032937876562988,0.15911228551778628,62.0,0.12903225806451613,76.57637546257368,95.82327665368632,68.93348207159364,-0.6192923837788168,0.10816313026131144,-0.1231142385884757,,,3.032937876562988,0.15393874388424997,1.0,0.4714285714285714,70.0
13,-1,4470.0,True,True,77.98420458819105,83.78303793764252,71.15810960459812,,,,2.999014492599598,0.1786718936291589,61.0,0.11475409836065574,80.16916105867215,92.43384828467681,44.97190001231402,-0.6473194581708941,0.12311588006528543,-0.08850391892702608,,,2.999014492599598,0.13801593337167925,1.0,0.37142857142857144,70.0
13,-1,4500.0,True,True,78.69449715370018,104.14905839120838,95.42188209413166,,,,2.7645638326277977,0.20103655931798484,62.0,0.1774193548387097,81.19732788701353,103.27616171878215,28.676860785508403,-0.6663256738211847,0.13473933338730865,-0.1447187456690269,,,2.7645638326277977,0.19983164987661953,0.9848484848484849,0.3333333333333333,66.0
13,-1,4530.0,True,True,71.98902606310014,141.99032328115814,138.1541359865081,,,,2.807426741685619,0.15534599937694682,50.0,0.16,74.17624536347482,95.47869013854326,49.94098258728306,-0.5797466037938716,0.07037081586558906,-0.19664745771090586,,,2.807426741685619,0.15736194588305327,1.0,0.4528301886792453,53.0
13,-1,4560.0,True,True,75.29411764705883,151.9956531333333,135.078863417284,,,,3.108454463348837,0.10203135804797775,50.0,0.14,79.22783380568508,157.2648645362343,68.880656976657,-0.6129472454897074,0.12470984406131733,-0.18015646990684986,,,3.108454463348837,0.10378095242744657,0.9661016949152542,0.3898305084745763,59.0
13,-1,4590.0,True,True,79.49044585987261,128.2713199932293,116.90069069246341,,,,2.9532840256270108,0.10074619308792829,62.0,0.12903225806451613,81.33516780284164,114.57901029049243,57.88719218713692,-0.5780849389874567,0.11947071316240113,-0.17460399352072795,,,2.9532840256270108,0.1109364306452225,0.9701492537313433,0.29850746268656714,67.0
13,-1,4620.0,True,True,78.65718349928876,126.26795268115693,134.4680818598321,,,,2.3173852997597355,0.17300935300760048,75.0,0.16,78.66711211591162,64.25372176025041,35.73276280000966,-0.572920751726889,0.12422085135801908,-0.1666661235311373,,,2.3173852997597355,0.17300935300760048,1.0,0.3333333333333333,75.0
13,-1,4650.0,True,True,76.32156630080094,106.572904884752,132.720556409887,,,,2.258806940783082,0.19945627109839884,70.0,0.2,76.68564519975665,56.28892645416381,32.361191801125074,-0.572920751726889,0.12564142890412738,-0.1788881974573986,,,2.258806940783082,0.20613535481855422,1.0,0.410958904109589,73.0
13,-1,4680.0,True,True,76.09419873635841,61.022265595798395,63.12785599022888,,,,2.1648848466821553,0.19514798981798612,71.0,0.18309859154929578,76.73675951620355,53.79898494498702,33.11367730666559,-0.5730706293409304,0.1286678298862661,-0.17050110374156893,,,2.1648848466821553,0.20167027943717647,1.0,0.3783783783783784,74.0
13,-1,4710.0,True,True,78.2532751091703,59.91727888195535,50.360176608702446,,,,2.2167712411910263,0.18732253977966862,73.0,0.2054794520547945,77.78892278557541,45.22310240663591,30.98835590350036,-0.5644478852058483,0.14918345287350154,-0.15580168976318035,,,2.2167712411910263,0.2042666202306344,1.0,0.3108108108108108,74.0
13,-1,4740.0,True,True,77.95677799607073,78.09607476165633,57.94829062159566,,,,2.291966013517365,0.2433364437454026,68.0,0.2647058823529412,76.92753369941376,64.28265284691037,39.57170493853636,-0.6144195071598827,0.1511414725346653,-0.14372787888313698,,,2.291966013517365,0.2433364437454026,0.9857142857142858,0.2857142857142857,70.0
13,-1,4770.0,True,True,76.17673579801624,51.27412605846579,42.76817816428546,,,,2.2796058397468864,0.23848606324355026,70.0,0.1,76.45182364143645,68.69515053027487,40.12775781563251,-0.6579524905612221,0.14007310451254748,-0.13764365439988302,,,2.2796058397468864,0.23848606324355026,0.9861111111111112,0.3055555555555556,72.0
13,-1,4800.0,True,True,77.88795878943978,45.479472033787886,35.298145159825864,,,,2.613031426867418,0.23789718057006945,69.0,0.10144927536231885,79.05307407389368,74.07235320254509,31.566446694203886,-0.6711839032741636,0.14203294259988986,-0.14284148921897202,,,2.613031426867418,0.2181593029157025,0.9866666666666667,0.25333333333333335,75.0
13,-1,4830.0,True,True,77.12012125805228,116.29703715235944,77.82681188902397,,,,2.7354901177583586,0.22089661287559714,62.0,0.16129032258064516,79.80799448854019,109.55560920067009,52.91953813775749,-0.6859945776161611,0.1459217829809119,-0.14984801282078303,,,2.7354901177583586,0.17204783884317199,0.9714285714285714,0.24285714285714285,70.0
13,-1,4860.0,True,True,78.51301115241635,141.9238380005693,70.25822558048809,,,,2.8724797489862963,0.19371920305250434,54.0,0.09259259259259259,81.48824866121362,91.76271454603051,58.28605104764986,-0.7011147269111645,0.1646483864338586,-0.17771192032765243,,,2.8724797489862963,0.18191318568329742,0.9838709677419355,0.22580645161290322,62.0
13,-1,4890.0,True,True,88.72202166064982,116.53780757388576,100.49151224899997,,,,3.1367265693841704,0.21873703179391146,46.0,0.10869565217391304,86.84694091286275,58.46657954037487,23.423812527688316,-0.7120065495242626,0.16987167198610253,,,,3.1367265693841704,0.2429899074149598,0.9803921568627451,0.23529411764705882,51.0
13,-1,4920.0,True,True,78.4,166.90523887469212,104.81568644530265,,,,2.9069576213004042,0.2789505349396104,56.0,0.26785714285714285,80.06119797864241,151.61064796419663,73.0610659419312,-0.6645896220501302,0.15765583061018823,-0.09735443243953176,,,2.9069576213004042,0.25468011639261806,0.9827586206896551,0.3620689655172414,58.0
13,-1,4950.0,True,True,74.24509525163492,115.79460093815081,73.95632190964628,,,,2.0390036526051034,0.25933975430790407,70.0,0.35714285714285715,74.72862319243039,123.64712095286536,69.78420193984118,-0.6614901026675022,0.15941476256735643,-0.15696006795124992,,,2.0390036526051034,0.25933975430790407,0.9861111111111112,0.2777777777777778,72.0
13,-1,4980.0,True,True,73.92624728850326,88.5809870477186,68.69417376261666,,,,2.162077862294116,0.24602019981966639,72.0,0.375,73.81749988057344,93.87655059920446,71.39953170092527,-0.6619472068150478,0.15025986172799177,-0.17674479482067326,,,2.162077862294116,0.24602019981966639,0.9863013698630136,0.1780821917808219,73.0
13,-1,5010.0,True,True,72.41379310344827,112.76675012037995,77.30445962305112,,,,2.2552972119979655,0.27639694781895713,71.0,0.36619718309859156,73.11800215936046,120.51573389549092,74.44832808602291,-0.6758878790801996,0.15908604414921715,-0.1562085950644624,,,2.2552972119979655,0.27639694781895713,1.0,0.23943661971830985,71.0
13,-1,5040.0,True,True,72.4930594114381,114.05469164885717,86.21567739597106,,,,2.283315292503472,0.3033875200726388,69.0,0.36231884057971014,72.34884844388691,117.75167337189954,81.85355909947413,-0.6908867948776126,0.18250290043533163,-0.10395070393975354,,,2.283315292503472,0.3033875200726388,1.0,0.37142857142857144,70.0
13,-1,5070.0,True,True,72.85125103106957,116.92990835255975,83.07543270219371,,,,2.2995676665018787,0.31917671535030945,70.0,0.35714285714285715,73.38459843109663,118.53361917639117,87.01786320888162,-0.7100398791364008,0.20711562206421688,-0.15162611134024287,,,2.2995676665018787,0.31917671535030945,1.0,0.3055555555555556,72.0
13,-1,5100.0,True,True,71.92182410423453,133.53279459764283,85.77593283322012,,,,2.3144953252849243,0.3009508231587321,70.0,0.4142857142857143,74.08760952059808,127.76475069147611,77.27941859214367,-0.7042213010639883,0.21302427665476756,-0.1856142549338826,,,2.3144953252849243,0.2995623266911311,0.9861111111111112,0.18055555555555555,72.0
13,-1,5130.0,True,True,73.21359491572257,119.97410608952237,75.34706698824675,0.22275906644022714,0.8193166214593489,1.2670563603385998,2.3021398609126758,0.334379609870955,70.0,0.5142857142857142,74.17322278123189,115.64939344028112,65.47121091377016,-0.7167085692790804,0.20125019843961284,-0.18071056460892496,,,2.3021398609126758,0.30494591499206813,0.9861111111111112,0.1388888888888889,72.0
13,-1,5160.0,True,True,72.64864864864865,110.30228410780798,70.107954112065,0.22860902292535182,0.8086012234478257,1.3159386578664087,2.28354320968907,0.3142630766700836,71.0,0.5633802816901409,73.2777745950282,120.41898927247951,74.71146574104272,-0.7199997837359342,0.20411067500278168,-0.189518760434785,,,2.28354320968907,0.3142630766700836,0.9863013698630136,0.136986301369863,73.0
13,-1,5190.0,True,True,73.6283185840708,94.8113252060096,51.161584068774,0.22597776643606604,0.8177977395404681,1.2782564831439767,2.4717552969848935,0.2290942693360782,68.0,0.6176470588235294,72.89238582924645,93.84161519211786,42.895434258720655,-0.7391747667686571,0.24373118062312324,-0.1952524657145529,,,2.4717552969848935,0.2568240463060674,0.9857142857142858,0.14285714285714285,70.0
13,-1,5220.0,True,True,77.21672518353017,95.29995410911911,60.731106519699956,0.2339583241797012,0.8162462025627705,1.2424009561474276,2.6076967915113873,0.21423522240806073,69.0,0.6231884057971014,78.30547284141133,107.78508198334116,53.92772600146219,-0.7445037586878869,0.2858392181873502,-0.18103064199239188,,,2.6076967915113873,0.19199687818103023,0.9861111111111112,0.16666666666666666,72.0
13,-1,5250.0,True,True,77.32470334412082,124.44039458709493,65.38392905134633,0.22375777016717602,0.8239633541212356,1.1798910203155082,2.801122547866469,0.21363029958907306,63.0,0.5873015873015873,79.33070589568791,133.96771457670013,62.255341183365516,-0.7405638066660543,0.28547256431797474,-0.1737117370412948,,,2.801122547866469,0.1916760477513286,0.9857142857142858,0.21428571428571427,70.0
13,-1,5280.0,True,True,79.44827586206897,111.67594605412273,48.92377274102731,0.24860933287720155,0.7961216784463495,1.2427665952257827,2.846343955645444,0.19587663636381095,63.0,0.5238095238095238,78.53092335922283,130.10318797704613,47.91753851212242,-0.7418386676637683,0.2590264665687295,-0.17920728511681216,,,2.846343955645444,0.19587663636381095,0.9850746268656716,0.16417910447761194,67.0
13,-1,5310.0,True,True,77.24137931034483,142.32602161436057,73.21972976275323,,,,2.7272132761577983,0.33544134516705654,61.0,0.45901639344262296,78.76778618599859,139.6808031658728,74.72131599114694,-0.7433300575466457,0.23490919544901295,-0.19629502733543724,,,2.7272132761577983,0.2881195157781235,0.9852941176470589,0.20588235294117646,68.0
13,-1,5340.0,True,True,78.06098514464426,147.10880531416717,96.1854705079832,,,,3.0974422518626232,0.20123793425226452,33.0,0.3939393939393939,80.53710890404903,106.6834279620107,59.56978783997177,-0.6897456834714287,0.19146223093337733,-0.19773447910179087,,,3.0974422518626232,0.1527757477197606,0.9322033898305084,0.3728813559322034,59.0
13,-1,5370.0,False,True,,,,,,,,,,,81.83293858194214,45.946070941445214,29.98250564004906,-0.5547511446821127,0.12290461222539131,-0.15521970904258528,0.03889941924411158,-0.5685340725103694,2.7494490745285383,0.10588205217988887,0.9508196721311475,0.5245901639344263,61.0
13,-1,5400.0,True,True,77.15610510046368,169.17973192085913,136.9108273759887,,,,2.2860795648985217,0.16533046594668718,47.0,0.2765957446808511,79.64085998014409,85.2823883641472,32.92158923486447,-0.6157092371153704,0.12372260487482911,-0.20108474358960043,0.030467211260696375,-0.633034311931953,2.2860795648985217,0.13214045653868814,0.9649122807017544,0.5263157894736842,57.0
13,-1,5430.0,True,True,73.57231149567366,157.1028472163844,114.12669426453218,,,,2.2912291940644223,0.27907361481166026,40.0,0.4,82.96343390129007,110.56159292809974,68.76504934198645,-0.6712603100966648,0.15773518865678227,-0.2347343845477679,,,2.2912291940644223,0.22402929061193047,0.9811320754716981,0.49056603773584906,53.0
13,-1,5460.0,False,True,,,,,,,,,,,81.0657041156274,127.92363782928057,86.05058894111798,-0.679652071924642,0.15516226370121877,-0.23558219100287653,,,2.7233457812026987,0.20717908738885296,1.0,0.3584905660377358,53.0
14,-1,0.0,True,True,74.24105306458249,138.59885947686806,168.3818169115875,,,,2.4158115307018995,0.20616555896470992,57.0,0.03508771929824561,76.42995274305545,81.94625226624714,51.7582370827439,-0.43355649470451807,-0.05647717197513337,-0.24328379408019374,-0.007621458540747282,0.14027460551773047,2.4158115307018995,0.1780087580214031,0.9824561403508771,0.6491228070175439,57.0
14,-1,30.0,True,True,70.41086587436332,106.52507413189994,168.2259416615543,,,,2.406551102594531,0.20000826816595188,61.0,0.01639344262295082,71.4797020503932,58.507449436424515,44.79745213387758,-0.38211749747294144,-0.0368663003899896,-0.20839676433076698,-0.007621458540747282,0.16933964947965677,2.406551102594531,0.17683398618719823,0.9846153846153847,0.6923076923076923,65.0
14,-1,60.0,True,True,68.942718723283,113.84289373116353,163.88945029763096,,,,2.2431047187970785,0.14903950318751655,65.0,0.015384615384615385,69.08906679173724,43.08897516701562,39.47904186060566,-0.392150633226774,-0.01206422420628648,-0.19005464959054508,0.005748702445719746,-0.22165106440093627,2.2431047187970785,0.14903950318751655,1.0,0.7313432835820896,67.0
14,-1,90.0,True,True,68.62044317369549,113.90316835015645,151.62111519400725,,,,2.3215907439421155,0.18781337195670872,56.0,0.0,70.11619787944625,74.34413328378615,38.0846996285315,-0.4114899118373707,-0.010883015062385903,-0.14586755047599237,0.018183521822951822,-0.3017912690110257,2.3215907439421155,0.16745737939666608,0.967741935483871,0.7419354838709677,62.0
14,-1,120.0,True,True,68.26021180030257,131.99951320981145,138.06796853655382,,,,2.4851270265675067,0.20666114073580957,55.0,0.05454545454545454,70.30241096340426,92.65350339991296,39.29900536113306,-0.46336727220551055,0.03331239787207557,-0.1007639962283828,0.018419915754221042,-0.4675966522091243,2.4851270265675067,0.18827302257759596,0.967741935483871,0.6451612903225806,62.0
14,-1,150.0,True,True,68.88498065423849,154.42190384545484,144.45621718780583,,,,2.451980067451294,0.2392647509667847,58.0,0.05172413793103448,70.35854019249857,80.25686298993838,39.821077354701444,-0.48237894896206673,0.06500562779222246,-0.10018623666805165,0.013641772856930304,-0.5124204697074243,2.451980067451294,0.2192616595345065,0.9836065573770492,0.6721311475409836,61.0
14,-1,180.0,True,True,73.2425068119891,125.73848414906192,122.55502723479292,,,,2.345531155938263,0.2154653364119722,62.0,0.04838709677419355,73.87620904034347,99.55013969887166,60.838894269227964,-0.4335657269827513,0.04627206848344108,-0.1615502172979048,-0.002861309360442681,-0.3713690244200917,2.345531155938263,0.19805447563751863,0.96875,0.546875,64.0
14,-1,210.0,True,True,71.9608908202064,101.43767125463343,110.0426053853688,,,,2.0943555738827517,0.15447861367099433,70.0,0.05714285714285714,71.97547833253208,80.78287787782041,42.75507061859561,-0.40388332029818474,0.006960166576959668,-0.16631634094948608,-0.005786605602016564,-0.31115117775344997,2.0943555738827517,0.15447861367099433,1.0,0.6911764705882353,68.0
14,-1,240.0,True,True,72.27495908346971,86.66193005860978,116.60009028593203,,,,1.9927644467797074,0.1432721892291311,70.0,0.014285714285714285,72.19629874911675,30.70935148900517,26.814091512225698,-0.3898783177653964,0.0006174602789583121,-0.16252860481759912,-0.0036318673999694772,-0.2639914500054221,1.9927644467797074,0.1432721892291311,1.0,0.7971014492753623,69.0
14,-1,270.0,True,True,72.5614877024595,91.38057466553424,125.61526212585544,,,,2.0452367947113834,0.17024067298707488,66.0,0.015151515151515152,72.21876800074253,29.525844359125625,27.323174170990995,-0.3935378724781086,0.017601935084595018,-0.19888772043447658,0.008795275005939414,-0.3513668862219241,2.0452367947113834,0.17024067298707488,1.0,0.7205882352941176,68.0
14,-1,300.0,True,True,69.92592592592592,117.6906631706411,134.17963454258026,,,,2.202372251173937,0.16771172022518585,63.0,0.015873015873015872,71.17596817448639,46.70485256194591,33.71508476128208,-0.4092147454892108,0.028800074529662677,-0.16965210511468276,0.004324031668724994,-0.3779744063522679,2.202372251173937,0.15005364584558142,1.0,0.7096774193548387,62.0
14,-1,330.0,True,True,73.14285714285715,109.6034645510732,114.78185589179279,,,,2.208610822731276,0.16046323552181035,65.0,0.06153846153846154,73.91125458001912,79.81740149048522,37.80037472315668,-0.4535896089575627,0.07253534434526125,-0.17204848889228763,,,2.208610822731276,0.14860205928249656,1.0,0.4925373134328358,67.0
14,-1,360.0,True,True,74.6839546191248,107.89523387099851,123.73154485541548,,,,2.061934938859366,0.15617188824469908,73.0,0.0958904109589041,74.6318369901719,60.94235724006604,32.307833592636534,-0.4569416550061337,0.07818569345262535,-0.15849541619178287,,,2.061934938859366,0.15617188824469908,1.0,0.4861111111111111,72.0
14,-1,390.0,True,True,72.61167443135105,87.71704599286993,120.65191571469141,,,,2.1657002551254343,0.1485054660292264,70.0,0.04285714285714286,72.84457072068732,40.11198844175714,37.255983133706714,-0.4085193083970781,0.012616478819222215,-0.1744247260050324,-0.013985033518479316,-0.26575933940942187,2.1657002551254343,0.1485054660292264,0.9863013698630136,0.684931506849315,73.0
14,-1,420.0,True,True,72.31441048034934,71.86025901507719,113.0710842024635,,,,2.2103348602161876,0.14438195862398334,70.0,0.0,72.27832462804676,25.53899838037348,27.360354449099447,-0.38765345473172963,-0.01818878024935434,-0.18762691057346134,-0.023195477589433466,0.2985330483937727,2.2103348602161876,0.14438195862398334,1.0,0.7605633802816901,71.0
14,-1,450.0,True,True,75.37857543466068,113.88805383768668,119.43753396328464,,,,2.2341842063556765,0.18617356617816824,72.0,0.08333333333333333,74.74389072233026,68.25542734503853,44.77838985926265,-0.42873665115739856,0.04006105320235684,-0.1583275528778716,-0.02445192733599791,-0.3373744069443785,2.2341842063556765,0.21785664511180045,0.9859154929577465,0.647887323943662,71.0
14,-1,480.0,True,True,76.07664826242286,137.4528374779426,129.94446051632042,,,,2.0048261682522606,0.1448182594962812,67.0,0.1044776119402985,75.41282332874954,75.45788179428033,49.037129880534316,-0.5126838411575139,0.10021595376570033,-0.17576568574487972,,,2.0048261682522606,0.1448182594962812,0.9852941176470589,0.47058823529411764,68.0
14,-1,510.0,True,True,74.14634146341464,151.1366682801536,170.2819940142384,,,,2.1497434135650106,0.24666893845176316,64.0,0.078125,74.27131649730626,55.005201442160164,31.629564365584415,-0.4800356514323887,0.07515653652677887,-0.16827556342957217,-0.030817224276358933,-0.4820945853621085,2.1497434135650106,0.24666893845176316,1.0,0.515625,64.0
14,-1,540.0,True,True,74.0634194181105,138.90269414188606,158.7564917419529,,,,2.3044163905171056,0.1765967478379529,65.0,0.06153846153846154,74.10154991536986,74.5638126083472,37.77269440750566,-0.4498787703613788,0.04964810704579323,-0.16704451420560204,-0.024530568273561582,-0.35514099582535646,2.3044163905171056,0.1765967478379529,0.9846153846153847,0.6,65.0
14,-1,570.0,True,True,71.42374027730808,117.07995205225754,145.11563778066224,,,,2.2871975440679457,0.12535582077979948,61.0,0.0,72.670199606924,61.759110502253826,45.51675048913478,-0.43289049258525597,0.03590962902290022,-0.19259583374901554,0.0035498667719300876,-0.20129446493425573,2.2871975440679457,0.1318565234033677,0.9692307692307692,0.5692307692307692,65.0
14,-1,600.0,True,True,72.12359890942139,102.81815548370655,127.25209803506942,,,,2.1185346920544297,0.15780411338510175,66.0,0.015151515151515152,73.19189554477536,75.19742643967189,30.003250304924006,-0.4320487969093488,0.021587570379921626,-0.1968588839566372,0.0052200223140721385,-0.0779135169577474,2.1185346920544297,0.1650979831722101,0.9701492537313433,0.5223880597014925,67.0
14,-1,630.0,True,True,71.46401985111662,100.96965443052288,125.55155437748977,,,,2.1860651620128366,0.15340850867461792,64.0,0.015625,71.4729526456787,68.26961909948542,32.82035587135335,-0.4246294200229709,0.01570953377419927,-0.17342130665124067,0.00723311632644001,-0.24498973855049108,2.1860651620128366,0.15340850867461792,0.9846153846153847,0.6461538461538462,65.0
14,-1,660.0,True,True,69.77725674091442,109.13570654231707,141.0662269918894,,,,2.106515821546793,0.1486474238080929,65.0,0.0,69.22352243965295,34.86292299807376,36.00062681961307,-0.41667586910137366,0.020528591409683744,-0.16925059778619772,0.006215137639004616,-0.29144831719440084,2.106515821546793,0.16171546933918401,1.0,0.7121212121212122,66.0
14,-1,690.0,True,True,70.2158273381295,117.11945884449486,156.0582549898329,,,,2.1075662189955677,0.16263758305549644,63.0,0.031746031746031744,70.62203441244559,53.24907777903963,33.772629117693064,-0.42182139552638076,0.029174799309424154,-0.16626307195233114,0.0026130329806270773,-0.34623936339124933,2.1075662189955677,0.16263758305549644,0.9848484848484849,0.6515151515151515,66.0
14,-1,720.0,True,True,71.90538764783182,129.14647695461963,179.89335456307842,,,,2.254724284474195,0.1383597186271911,61.0,0.09836065573770492,72.605919608896,51.82428119535933,30.45420424064589,-0.4448554565757758,0.049074243214797836,-0.13965373088361108,,,2.254724284474195,0.14711091757848124,1.0,0.49206349206349204,63.0
14,-1,750.0,True,True,74.14779056813961,121.989503560088,166.99390075875525,,,,2.3303515791633513,0.1922315820939596,60.0,0.11666666666666667,74.43473460633281,56.69713136240197,28.798902146684608,-0.47011111653126486,0.05260366727323035,-0.16765611596824975,,,2.3303515791633513,0.1922315820939596,1.0,0.3870967741935484,62.0
14,-1,780.0,True,True,73.76877401327279,126.59636684717978,128.95227503270777,,,,2.2114372614716467,0.20251636752746546,62.0,0.06451612903225806,73.89775494470572,68.105873822507,33.20488558684688,-0.47908946044807943,0.06290600854194688,-0.17680368475701574,,,2.2114372614716467,0.20251636752746546,1.0,0.36923076923076925,65.0
14,-1,810.0,True,True,72.128801431127,128.47103295141548,152.4448216367743,,,,2.207555525216553,0.14963728410873406,67.0,0.08955223880597014,72.67419520512081,54.747022076241436,34.50758153665842,-0.47800714107210246,0.067923325230889,-0.1716695183445611,,,2.207555525216553,0.15547001449960818,0.9852941176470589,0.35294117647058826,68.0
14,-1,840.0,True,True,74.22851225405593,120.9753754786472,143.47727945826364,,,,2.3227330310745926,0.17392503330738993,61.0,0.08196721311475409,74.15639127469353,39.630006438021915,28.907356668870147,-0.4747701660469806,0.08208432276256535,-0.17416409343357414,,,2.3227330310745926,0.17392503330738993,1.0,0.3230769230769231,65.0
14,-1,870.0,True,True,80.56852791878171,110.98938654663407,119.95805792761362,,,,2.2107527995368734,0.16616901610762985,68.0,0.10294117647058823,81.17638659639782,69.4099145958899,52.885653995863365,-0.48925860516028674,0.09455943270558737,-0.1586800312330631,,,2.2107527995368734,0.16616901610762985,0.9861111111111112,0.3194444444444444,72.0
14,-1,900.0,True,True,78.24451410658307,118.94219170230181,119.61765959341933,,,,2.052704196920927,0.1689912689872729,71.0,0.11267605633802817,79.19045070278528,77.21736984602146,45.1030027539825,-0.497439122938352,0.10786782826603053,-0.17966379538140903,,,2.052704196920927,0.1689912689872729,1.0,0.3698630136986301,73.0
14,-1,930.0,True,True,75.75832305795315,128.89365670271806,130.65239593742317,,,,2.54210597962812,0.14317278599335354,55.0,0.09090909090909091,76.85925386099603,76.68916837527219,68.30581550126912,-0.4731088498569794,0.06920570418941688,-0.20703525612452595,,,2.54210597962812,0.15591531450286836,1.0,0.43859649122807015,57.0
14,-1,960.0,True,True,76.82743837084674,110.26388283823181,126.87798256962276,,,,2.3462754415225486,0.14904592898961283,60.0,0.23333333333333334,77.24259858349977,60.055980695307824,52.51188047642473,-0.5201254337925731,0.08301957566154508,-0.161517954359584,-0.048980532495775594,-0.4734428424620537,2.3462754415225486,0.14904592898961283,1.0,0.5806451612903226,62.0
14,-1,990.0,True,True,73.88617886178861,106.43274171302416,135.99136863694696,,,,2.1645113105582765,0.17594566892221125,72.0,0.16666666666666666,74.00870255031789,44.972002418461116,34.364165185427474,-0.518944511620822,0.088813981879131,-0.10848922996366536,-0.026473901564933594,-0.48552386700486233,2.1645113105582765,0.17594566892221125,1.0,0.5972222222222222,72.0
14,-1,1020.0,True,True,73.10307315746532,116.06791357753097,151.2884119612272,,,,2.3523389990560064,0.18421920116349275,71.0,0.09859154929577464,72.87909546404806,30.593223910679487,32.56179503969313,-0.5120458566381245,0.07038346508394544,-0.10856885338068889,-0.014574226215215147,-0.5045622061194306,2.3523389990560064,0.18421920116349275,1.0,0.5833333333333334,72.0
14,-1,1050.0,True,True,74.96288149573824,115.03824283750532,142.75762231666718,,,,2.4276859258775763,0.13190835224570466,72.0,0.1527777777777778,74.74020012201382,38.58560821556608,38.43091739699156,-0.5220903517380334,0.07919552277382592,-0.13658872488926727,,,2.4276859258775763,0.14817520142278412,0.9864864864864865,0.44594594594594594,74.0
14,-1,1080.0,True,True,74.20794774088186,110.85473238728213,134.90844976704904,,,,2.3505767517002476,0.12672978948822955,72.0,0.08333333333333333,74.44803555100165,44.85830352856645,38.13078170032465,-0.4997394720689354,0.08681418444075316,-0.1571042701212204,,,2.3505767517002476,0.12672978948822955,0.9864864864864865,0.40540540540540543,74.0
14,-1,1110.0,True,True,74.42325726789622,119.68261361569577,123.77792947642845,,,,2.253667206435191,0.15381447634132175,67.0,0.04477611940298507,75.31419830557556,57.30486014838678,31.610124226540115,-0.4770143200380425,0.0901217071826197,-0.1869759087275395,,,2.253667206435191,0.13538874218359534,1.0,0.4492753623188406,69.0
14,-1,1140.0,True,True,73.05009511731134,134.2686150941231,123.29979792875102,,,,2.232370754175916,0.16333910837958832,65.0,0.046153846153846156,73.81862003439822,76.84167345903546,40.72599920954681,-0.45917771394471174,0.04978028925156221,-0.1584009232148556,-0.005804539388111515,-0.40093585857307396,2.232370754175916,0.1508627503487206,0.9852941176470589,0.5294117647058824,68.0
14,-1,1170.0,True,True,72.56692913385827,129.65675900038713,141.72882384320673,,,,2.1809080379965966,0.18573567279683206,64.0,0.109375,71.55864977617196,58.01941075632436,38.468847058000556,-0.4335262574059277,0.03994251044974236,-0.17939347389843466,0.004136066945084279,-0.32120542062974405,2.1809080379965966,0.17868194883950134,0.9838709677419355,0.5967741935483871,62.0
14,-1,1200.0,True,True,92.06793206793206,149.67314879085717,101.67641158308939,,,,2.0949199536496894,0.17606013607847293,79.0,0.11392405063291139,92.77753514144459,126.9595807526169,28.97222780863983,-0.5701350329328472,0.07949381206173842,-0.18048860393684615,,,2.0949199536496894,0.17606013607847293,0.975,0.25,80.0
14,-1,1230.0,True,True,102.45813227363043,82.92476044517471,49.353761982639995,,,,1.7292820318204831,0.1289397837288139,97.0,0.05154639175257732,104.37470942476688,54.327273875880195,24.30221648058616,-0.5859909596526438,0.09801998715894149,-0.15845459157019534,,,1.7292820318204831,0.13619548051297325,0.98989898989899,0.13131313131313133,99.0
14,-1,1260.0,True,True,96.56965244419328,83.14892240270682,77.95938327857957,,,,1.959590331604824,0.11603507328924281,92.0,0.043478260869565216,97.07995277336886,70.23819142768811,22.661492914086185,-0.5230297711115335,0.0926914787429082,-0.2044386139363531,,,1.959590331604824,0.12511612673339106,0.9888888888888889,0.2777777777777778,90.0
14,-1,1290.0,True,True,89.1324200913242,103.85219779746305,106.20403417479018,,,,2.447485701395834,0.1140960906010393,71.0,0.07042253521126761,87.00479550265747,91.48886201025341,62.00485507788806,-0.5057193707072247,0.08758892580027855,-0.23600848910243688,,,2.447485701395834,0.12135939896451634,0.9459459459459459,0.3918918918918919,74.0
14,-1,1320.0,True,True,76.88237397211297,131.55469377541243,97.29969631390314,,,,2.64404775650076,0.14539933984735126,64.0,0.046875,78.35634023950114,64.63306590384035,54.302823206768664,-0.5278127896436432,0.05148114814646023,-0.1288127256448728,,,2.64404775650076,0.13386541387984477,0.9552238805970149,0.4626865671641791,67.0
14,-1,1350.0,True,True,75.57638238050609,85.34469027323318,90.5361553648085,,,,2.601854413844468,0.1437693919262275,68.0,0.029411764705882353,77.12838490079018,58.508891526953924,45.64682772159087,-0.5193108419492163,0.045147924937588194,-0.044942387969469304,0.030331011873612184,-0.5675960104274589,2.601854413844468,0.1494060691912309,0.9859154929577465,0.5352112676056338,71.0
14,-1,1380.0,True,True,76.28361858190709,67.95510611289562,79.40757544965784,,,,2.535390615390935,0.14332299791037822,70.0,0.02857142857142857,77.56871039427314,64.68352806889985,45.982560363963714,-0.5022847949240481,0.04653291026192511,-0.11177885508453726,,,2.535390615390935,0.14847751257877487,0.9863013698630136,0.4383561643835616,73.0
14,-1,1410.0,True,True,73.96468699839487,68.88058588681997,71.26096406869613,,,,2.5953315058257416,0.13184000110308125,66.0,0.015151515151515152,74.97910695980097,48.42708418860667,41.161316436018836,-0.4677725410561542,0.052026829995698624,-0.15949927156093113,,,2.5953315058257416,0.11707264369851542,1.0,0.391304347826087,69.0
14,-1,1440.0,True,True,73.25137770241628,79.56687121503207,83.25191334971761,,,,2.8271007614070878,0.15306743465350237,57.0,0.017543859649122806,75.18041042309999,52.05919498059611,61.761573924244985,-0.47781599853850865,0.05027507301194933,-0.18039472826037245,,,2.8271007614070878,0.11713128918098294,0.9666666666666667,0.36666666666666664,60.0
14,-1,1470.0,True,True,72.93146160198184,134.33936023269376,88.5506771655112,,,,3.0213020536567745,0.14985386074829174,55.0,0.03636363636363636,76.9976421864808,48.229762079204306,47.52876594626234,-0.5313459761790134,0.05707773483785164,-0.19985754825092103,,,3.0213020536567745,0.12468715272983313,0.9649122807017544,0.3508771929824561,57.0
14,-1,1500.0,True,True,73.72106154714851,119.88638673640281,107.9451999543371,,,,2.93890250430942,0.2004872180162678,45.0,0.06666666666666667,81.64539442291958,109.6037825479249,76.53749812299097,-0.5552704451798613,0.06600459834230449,-0.23805313432013003,,,2.93890250430942,0.1694785698142702,0.9310344827586207,0.3793103448275862,58.0
14,-1,1530.0,False,True,,,,,,,,,,,88.95967721201123,103.35428468043033,64.98576249180992,-0.6727026201190393,0.10423329149130639,-0.17630287722056956,,,3.0718342691027134,0.10717069932632092,0.9464285714285714,0.42857142857142855,56.0
14,-1,1560.0,False,True,,,,,,,,,,,97.54234440878076,87.01642359766245,10.067849359712708,-0.7171518909933489,0.14922074197274526,-0.17630287722056956,,,2.8992789906074683,0.12728220644221847,1.0,0.2545454545454545,55.0
14,-1,1620.0,True,True,111.84466019417475,84.92331945220707,20.394687716095017,,,,2.9231087889488054,0.12052711351871062,40.0,0.075,111.46178878074917,112.04480448160471,17.10590350633656,-0.7571417444646558,0.14975891378521522,,,,2.9231087889488054,0.12052711351871062,0.984375,0.109375,64.0
14,-1,1650.0,True,True,111.34681419305609,54.75403221052678,24.60068417690514,,,,2.3342088750761474,0.1541751358453402,82.0,0.012195121951219513,111.6120639506621,55.89081484674393,18.548767721496954,-0.7154005158449777,0.13450599542101968,-0.14313488109348368,,,2.3342088750761474,0.1541751358453402,1.0,0.06593406593406594,91.0
14,-1,1680.0,True,True,108.72154115586689,43.060176866210796,23.29856872259059,,,,2.095773526676627,0.1326637030156087,101.0,0.0,109.15656875801714,43.23899661786829,16.02678085809847,-0.6974800828219581,0.12438226196197379,-0.1541973719418045,,,2.095773526676627,0.14131989152771318,1.0,0.01904761904761905,105.0
14,-1,1710.0,True,True,112.35438884331418,25.827715427686254,22.09708691207961,,,,1.9478232309574137,0.15792747139817284,109.0,0.0,112.14663776412752,24.97519087775424,11.340706694671548,-0.6964662108387657,0.11625311998334717,-0.1353939382925426,,,1.9478232309574137,0.15792747139817284,1.0,0.00909090909090909,110.0
14,-1,1740.0,True,True,115.94202898550725,36.17176336103155,43.785230176155835,,,,2.002017682269596,0.15789892381503434,105.0,0.0380952380952381,116.7758873832859,27.376608936035943,20.35709949186567,-0.6972918818846094,0.10694312310339364,,,,2.002017682269596,0.15789892381503434,0.990990990990991,0.009009009009009009,111.0
14,-1,1770.0,True,True,122.06432311144353,46.28553857369948,47.04163756784092,,,,2.3824208798658,0.08889661048812943,92.0,0.043478260869565216,123.05549078930459,36.270801559873505,25.752170604918657,-0.6976713761100175,0.15813922965324922,,,,2.3824208798658,0.09888610798743672,0.9906542056074766,0.009345794392523364,107.0
14,-1,1800.0,True,True,124.90706319702602,40.40367125817549,41.06638914377172,,,,2.543449719021054,0.09211290049020637,78.0,0.01282051282051282,126.68003087126787,27.194450105069638,26.773559549353244,-0.7070911782430347,0.15661335455441094,,,,2.543449719021054,0.08545015710957884,0.9896907216494846,0.041237113402061855,97.0
14,-1,1830.0,True,True,122.06622516556291,77.35379550961224,47.93147067856626,,,,2.693005163517931,0.10839138014197976,61.0,0.08196721311475409,126.13077998801373,52.504598992783784,56.75116302625178,-0.7150412772389404,0.1499012962008657,,,,2.693005163517931,0.11867173020040303,0.9887640449438202,0.0898876404494382,89.0
14,-1,1860.0,True,True,119.61331901181524,99.11586232334857,93.31496284983811,,,,2.644129475110469,0.14882440546653922,45.0,0.17777777777777778,130.09848283850005,62.700382866097,75.25207674221498,-0.791493379904251,0.2187771390400277,,,,2.644129475110469,0.1143667726489562,0.9864864864864865,0.08108108108108109,74.0
14,-1,1890.0,True,True,114.20074349442379,155.88414830101314,107.62488708214492,,,,2.466215001207952,0.17041354004605155,54.0,0.18518518518518517,139.43512283862245,38.755987805562256,35.63962380722276,-0.8824933460834751,0.24795456641347563,,,,2.466215001207952,0.11756867091040367,0.96,0.06666666666666667,75.0
14,-1,1920.0,True,True,116.53589933382679,139.13934058188207,99.55957701296245,,,,2.1838717003624346,0.1294327840051802,62.0,0.16129032258064516,133.25317525417572,61.12364372322183,62.69698190018115,-0.8209639951845855,0.23110126573654813,,,,2.1838717003624346,0.08605724412478329,0.9487179487179487,0.07692307692307693,78.0
14,-1,2040.0,True,True,118.8394584139265,116.8215050831789,38.273277230987155,,,,2.2638309844492777,0.0975503632505117,56.0,0.125,131.23068088142156,35.54648596233806,33.7916991587874,-0.76301450126452,0.20531975884626158,,,,2.2638309844492777,0.08712174272657594,0.972972972972973,0.05405405405405406,74.0
14,-1,2070.0,False,True,,,,,,,,,,,127.91417733015173,69.13066850398226,52.913750783280356,-0.8031650793961568,0.2204683199791586,,,,2.202198927529736,0.07126570139421513,1.0,0.0547945205479452,73.0
14,-1,2100.0,True,True,127.54039497307001,72.98952682209422,91.37619698258403,,,,2.2168743628095737,0.0735796394878311,62.0,0.08064516129032258,131.23652162316142,59.222160552543066,51.07876171768003,-0.7784128633286582,0.24433560412845545,,,,2.2168743628095737,0.08414622560830118,0.963855421686747,0.060240963855421686,83.0
14,-1,2130.0,True,True,127.39336492890996,64.18623720763665,54.12658773652741,,,,2.2009184229904624,0.13150365539833758,64.0,0.109375,127.7381298957591,54.424522995605315,39.166888508073725,-0.7549358084354298,0.20843738623453417,,,,2.2009184229904624,0.1112008860660493,0.9767441860465116,0.08139534883720931,86.0
14,-1,2160.0,True,True,112.85819250551066,122.39306291190827,90.01028747788695,,,,2.354665427288067,0.14656962557232903,57.0,0.15789473684210525,122.88997021315326,53.89813739990342,61.06421731139276,-0.7277529279669039,0.17559043835107396,,,,2.354665427288067,0.12491907186187202,1.0,0.10256410256410256,78.0
14,-1,2190.0,False,True,,,,,,,,,,,117.41056221108201,95.46664527021542,38.37729605589396,-0.6678499473772772,0.10525772299249515,,,,2.3887060715786803,0.10757184245031419,0.9866666666666667,0.17333333333333334,75.0
14,-1,2220.0,True,True,125.79310344827584,159.78835018964935,24.10158323959595,,,,2.508022436891434,0.10895417406919485,57.0,0.14035087719298245,130.41229792531715,86.02846453652928,44.431914908847844,-0.724872773236349,0.2548278710226471,,,,2.508022436891434,0.10188819855387922,0.9885057471264368,0.14942528735632185,87.0
14,-1,2250.0,True,True,136.58536585365854,90.701603413618,22.957215209139154,,,,2.2910552242925895,0.10041533522108705,86.0,0.05813953488372093,140.2499547569803,26.38093247554206,21.712538600690404,-0.7646431774596721,0.2815686390365679,,,,2.2910552242925895,0.11230820206382323,0.9901960784313726,0.0392156862745098,102.0
14,-1,2280.0,True,True,128.22735346358792,66.73988261351475,32.10141032817935,,,,1.9555591179293823,0.10406806480429469,103.0,0.019417475728155338,129.41899379510863,61.52955473272196,26.53551745440621,-0.7364131205702724,0.22704754000308103,,,,1.9555591179293823,0.10406806480429469,0.9911504424778761,0.035398230088495575,113.0
14,-1,2310.0,True,True,124.37700612780858,51.65569733096793,29.154263235671294,,,,1.6874289550446895,0.14811163065217609,114.0,0.0,124.43711281380136,51.09863600538952,23.22670717737239,-0.6919534767318388,0.18905810050813288,,,,1.6874289550446895,0.14811163065217609,1.0,0.03418803418803419,117.0
14,-1,2340.0,True,True,124.49160035366931,22.71550043054871,20.919143248357067,,,,1.6264826769359946,0.14636182974995493,114.0,0.0,123.79245457179232,45.18396906903184,10.45582927205473,-0.6791812993194161,0.1719810046705193,,,,1.6264826769359946,0.14636182974995493,0.9915966386554622,0.008403361344537815,119.0
14,-1,2370.0,True,True,123.25925925925927,30.541826479029222,21.929045789601158,,,,1.6452427879780784,0.14690457246079766,110.0,0.00909090909090909,122.54223463749213,50.10400736118757,13.674198481601069,-0.6613505522245804,0.14852055018944854,,,,1.6452427879780784,0.14135574848046256,1.0,0.02608695652173913,115.0
14,-1,2400.0,True,True,121.03479036574488,30.231391461620653,17.571741079324596,,,,1.7514346867181823,0.1189581682709736,111.0,0.009009009009009009,121.41180190668439,30.258100273837336,12.161195865907107,-0.650379202865272,0.11883661548970062,,,,1.7514346867181823,0.1189581682709736,1.0,0.017391304347826087,115.0
14,-1,2430.0,True,True,116.49560533030905,33.105667087495135,23.587261907199956,,,,1.7605402700345263,0.14140519518275688,110.0,0.00909090909090909,117.26620198815472,29.931346759704834,18.77101627969219,-0.6445816076041697,0.09159829875484915,,,,1.7605402700345263,0.14140519518275688,0.991304347826087,0.008695652173913044,115.0
14,-1,2460.0,True,True,112.44509516837482,36.71950555315502,29.96206640365586,,,,1.7516342873790158,0.15636483092645004,104.0,0.019230769230769232,113.28132877088892,34.711142800131505,26.116023878210243,-0.6286479020669321,0.08524525584398397,,,,1.7516342873790158,0.13330071219236692,1.0,0.05555555555555555,108.0
14,-1,2490.0,True,True,108.91125343092406,35.97906576955647,28.704957923240368,,,,1.7918902651909234,0.14944930886438929,98.0,0.01020408163265306,109.54035895368254,38.955087446984955,26.54951463973996,-0.5948003317839587,0.07652184286108998,-0.10218700984879454,,,1.7918902651909234,0.15660744057052517,1.0,0.07766990291262135,103.0
14,-1,2520.0,True,True,109.00059136605559,52.16721589465515,35.84817793506019,,,,1.6592240211822775,0.12211867875130629,100.0,0.01,109.37939843799127,44.35743517966179,17.46925297709277,-0.5662740795168975,0.07138505511167124,,,,1.6592240211822775,0.1288502767842577,1.0,0.06666666666666667,105.0
14,-1,2550.0,True,True,114.38863872532042,50.70395405005264,35.81216103734256,,,,2.0596898186536325,0.1332387789661842,94.0,0.010638297872340425,114.81088103982873,42.93945132148723,21.78580765040876,-0.6135513656336583,0.06510300569516497,,,,2.0596898186536325,0.1332387789661842,0.9803921568627451,0.049019607843137254,102.0
14,-1,2580.0,True,True,113.35793357933579,59.83557715287858,26.804309021925135,,,,2.523561573621747,0.10898819070696064,66.0,0.015151515151515152,115.10467265388347,48.150154971853645,17.537280195425254,-0.6729348391925567,0.09535344657372705,,,,2.523561573621747,0.10898819070696064,0.9876543209876543,0.037037037037037035,81.0
14,-1,2610.0,True,True,93.97312859884838,76.22819922996436,49.76226966430347,,,,2.567818785327745,0.12217136289676749,63.0,0.0,96.78727504558925,70.3040617451595,29.440288353870894,-0.5875087899203325,0.05698161647249708,-0.08079165237796271,,,2.567818785327745,0.10519215122740501,0.9868421052631579,0.2236842105263158,76.0
14,-1,2640.0,True,True,92.67704033026358,54.56596771601404,40.927691785160704,,,,2.2471085550923102,0.13756400132343463,81.0,0.0,93.01788510019824,48.47354275841087,26.37367662954355,-0.561918743829382,0.032999793821566675,-0.09921553301728538,,,2.2471085550923102,0.13756400132343463,0.9885057471264368,0.22988505747126436,87.0
14,-1,2670.0,True,True,93.32744144940345,30.133135244220185,29.274279126348215,,,,2.4424327295063373,0.12382480001241816,65.0,0.03076923076923077,93.85568644452106,31.461853952347045,21.93966615061759,-0.5306218948393778,0.028888718859392513,,,,2.4424327295063373,0.12382480001241816,0.9868421052631579,0.17105263157894737,76.0
14,-1,2700.0,True,True,90.1937756899589,128.69574157772425,70.77302144543589,,,,2.7024686477642255,0.09489724681899696,53.0,0.07547169811320754,94.37000884207072,47.220366301348335,30.001355495107724,-0.5223083934732571,0.013670929735934558,-0.15175422792069337,,,2.7024686477642255,0.0979699950532455,0.9696969696969697,0.30303030303030304,66.0
14,-1,2730.0,True,True,89.65571824297587,72.60409246569637,85.46970495846043,,,,2.5376538534417126,0.09552482397150483,69.0,0.0,90.77274380795423,48.62552329913129,27.60742203033826,-0.5508451904373475,0.023752679438724715,-0.12751348306188304,,,2.5376538534417126,0.09552482397150483,1.0,0.4,75.0
14,-1,2760.0,True,True,89.04744916161256,82.74926150393799,92.48507021524772,,,,2.146453330427116,0.15599003970127717,74.0,0.013513513513513514,89.69120237300464,63.70417762247177,26.391401798573998,-0.5550750995393285,0.03122389796041519,-0.1381868627097816,,,2.146453330427116,0.13372070565512145,0.987012987012987,0.44155844155844154,77.0
14,-1,2790.0,True,True,86.38920134983127,73.76190519034417,100.07183445848683,,,,2.1182879314678975,0.14283289647008038,69.0,0.014492753623188406,86.86537416118135,62.205215900356144,33.278397467102295,-0.4685753574230102,-0.05057809392222306,-0.14953357929159916,0.005389498945729292,-0.20537870708673236,2.1182879314678975,0.14283289647008038,1.0,0.6619718309859155,71.0
14,-1,2820.0,True,True,85.13761467889908,91.70324488123818,82.76486293142575,,,,2.3488664641467314,0.24980299188264357,64.0,0.046875,85.72462311113436,36.89129737739364,20.071763817338773,-0.4509692724797768,-0.06136346296856426,-0.16215082680555953,-0.017514788045469104,-0.1510272201260671,2.3488664641467314,0.24980299188264357,0.9836065573770492,0.6721311475409836,61.0
14,-1,2850.0,True,True,99.8581560283688,78.9778783010962,57.77959072761906,,,,2.3154336925775363,0.24019470599873372,69.0,0.043478260869565216,102.17233815529809,73.90820944549729,19.432454584286404,-0.5723563624241698,0.0737963385083924,-0.1642044342912607,,,2.3154336925775363,0.2062297991545764,0.9871794871794872,0.24358974358974358,78.0
14,-1,2880.0,True,True,105.88704318936878,98.24962524575619,85.14643316969736,,,,1.6283815340963095,0.1705726041539087,92.0,0.043478260869565216,107.88319704337746,23.876034840651858,16.704299920000118,-0.5767685456375429,0.10844087996772954,-0.14818570817917576,,,1.6283815340963095,0.14852344570402828,1.0,0.05102040816326531,98.0
14,-1,2910.0,True,True,100.06514657980456,123.87914895750156,112.45290916495232,,,,2.038871676536899,0.18816422402693866,82.0,0.06097560975609756,104.25853820688108,34.38269824516507,17.903648691805348,-0.5312062714097205,0.10482195934714975,-0.16608144926021084,,,2.038871676536899,0.19075177984075822,0.9879518072289156,0.08433734939759036,83.0
14,-1,2940.0,True,True,88.31816003833255,171.61760172874813,128.3196353620304,,,,2.564116092045447,0.1694365481484689,60.0,0.11666666666666667,97.57538216689736,64.20188762028741,45.01407378619909,-0.5292389166908669,0.0788223601742283,-0.22656937610369718,,,2.564116092045447,0.1535196118193788,0.9672131147540983,0.29508196721311475,61.0
14,-1,2970.0,True,True,82.38062283737025,158.14874550765543,109.18882965227411,,,,2.8261454930365364,0.20574883654652185,48.0,0.125,88.61236656814609,129.85356212119805,77.62951737450193,-0.6185834406899766,0.007226781495649501,-0.3905308220860185,,,2.8261454930365364,0.1734244252624684,0.9795918367346939,0.46938775510204084,49.0
14,-1,3000.0,True,True,83.00566134843027,102.20158471041422,90.31704776866358,,,,2.7849322548360442,0.19362988714581594,56.0,0.08928571428571429,84.02168642517313,128.86539808137172,81.25069331387027,-0.5099079689795065,-0.09438226680778641,-0.30748570732627606,0.08424356406820804,-0.009904660763445695,2.7849322548360442,0.19362988714581594,1.0,0.6071428571428571,56.0
14,-1,3030.0,True,True,83.03438496986884,112.73325564329791,99.7903827670205,,,,2.4835695399733684,0.19814188057032533,70.0,0.08571428571428572,83.00183299509678,96.61365134087862,62.91846111564976,-0.42729588760446724,-0.14358022915245783,-0.26787816378944607,0.024153123933045785,0.011787042060025748,2.4835695399733684,0.19814188057032533,0.9850746268656716,0.835820895522388,67.0
14,-1,3060.0,True,True,80.53597436644334,106.25991529209138,106.33978492527876,,,,2.1349548185220066,0.11673512974726642,75.0,0.02666666666666667,80.64346567924855,70.69469922828698,47.70157972636109,-0.42102402618845125,-0.12455386331184724,-0.23376104271145082,0.030948886481111416,-0.03238939130435642,2.1349548185220066,0.11673512974726642,1.0,0.868421052631579,76.0
14,-1,3090.0,True,True,79.91237677984667,97.92424849332495,115.90777185203856,,,,1.8383057253227022,0.11335029138010133,77.0,0.012987012987012988,79.75223687996714,54.816108668631806,33.248384416473904,-0.43054164078487855,-0.0965273959195718,-0.18532954570665233,0.024881312845054255,-0.14271729061420974,1.8383057253227022,0.11335029138010133,1.0,0.8076923076923077,78.0
14,-1,3120.0,True,True,79.81524249422633,97.66325019713454,110.81446259678397,,,,1.962248170066066,0.1631455162155695,68.0,0.029411764705882353,79.91414805873264,70.88329092026233,37.04555715811583,-0.4496344937267265,-0.08931862849445908,-0.18421279497852464,0.018236171374848068,-0.1831726511584704,1.962248170066066,0.1631455162155695,1.0,0.7464788732394366,71.0
14,-1,3150.0,True,True,77.4453781512605,116.56342395484964,117.05721924821638,,,,2.2672848477042233,0.11377388329698969,57.0,0.03508771929824561,78.74987484760135,95.64736938115483,47.21363406179645,-0.43582095570561286,-0.11632377853185721,-0.21199432654902853,0.010434587681801572,-0.12766894250387592,2.2672848477042233,0.10445019598164478,0.9666666666666667,0.8166666666666667,60.0
14,-1,3180.0,True,True,80.91428571428571,103.98195865682884,97.9382946313058,,,,2.0987836412356344,0.10275721129204535,65.0,0.03076923076923077,82.06413570584596,73.366258158221,36.81848199868124,-0.4287727640345902,-0.1069478135959887,-0.23334917710213277,0.018791259046318502,-0.09155028711582126,2.0987836412356344,0.11306687286103177,0.9701492537313433,0.8507462686567164,67.0
14,-1,3210.0,True,True,84.62809917355372,76.04443700627328,95.97834446742306,,,,2.135459815522743,0.186959850830495,58.0,0.06896551724137931,85.34457015223909,41.78994705048238,25.972579658667495,-0.4827215102839104,-0.08760629895124045,-0.23386909709297324,0.05698839062043683,-0.09595787002410008,2.135459815522743,0.186959850830495,0.984375,0.75,64.0
14,-1,3240.0,True,True,82.43881494203521,109.08260844681531,137.57438464163235,,,,2.1136250029173493,0.18761050882483904,59.0,0.0847457627118644,84.07198774699643,62.74060442222587,26.442355478154877,-0.4760044950921705,0.015470779404109791,-0.2240596949854785,0.029105465028874403,-0.1286579740719734,2.1136250029173493,0.172473451100231,1.0,0.6307692307692307,65.0
14,-1,3270.0,True,True,83.14128440366973,117.76883738661553,152.12302442815883,,,,1.8983371661602844,0.15631972259028376,69.0,0.043478260869565216,84.47894591089752,70.80244929914765,26.969876676497964,-0.45565580570092834,-0.016874543489134773,-0.2132711688755829,0.016841050043769994,-0.13205537407622842,1.8983371661602844,0.13755754124974628,1.0,0.6666666666666666,75.0
14,-1,3300.0,True,True,84.31618569636136,126.56096002279202,169.34324141654292,,,,2.532527257705391,0.12288945338689457,47.0,0.02127659574468085,86.14424159806845,68.77291596558842,52.320082503540924,-0.4699659695230508,-0.00873448187102392,-0.1818709183089496,-0.024803017808577868,-0.19190483159192212,2.532527257705391,0.1394107554212991,0.9655172413793104,0.6379310344827587,58.0
14,-1,3330.0,True,True,79.58549222797927,95.08458670590234,117.42503100961352,,,,2.756623221579328,0.09255475053762073,47.0,0.0425531914893617,82.35442875640533,74.58015309236823,64.75678152060377,-0.49408626835766056,-0.0025788308210793784,-0.20084105930701218,0.0125473966905657,-0.2301956150846121,2.756623221579328,0.1047755973848736,0.9649122807017544,0.6140350877192983,57.0
14,-1,3360.0,True,True,79.9502796768179,116.83090154541141,113.84419058785322,,,,2.464172944369011,0.0668103183397883,71.0,0.014084507042253521,80.17632851264548,85.94524504054571,54.44547814852879,-0.4512769357575885,-0.05158536499203862,-0.22110826123916674,0.03714095746199835,-0.1756364447832197,2.464172944369011,0.0668103183397883,1.0,0.7162162162162162,74.0
14,-1,3390.0,True,True,76.25680087051144,119.57549173910189,136.88948816893813,,,,1.8257982567043565,0.13549458924480895,74.0,0.013513513513513514,76.62230271770945,70.35770417520106,45.169961397932155,-0.43282016363808373,-0.11140001817506338,-0.19532196399104196,0.038174737720633775,-0.1773950436849296,1.8257982567043565,0.14179145455298153,1.0,0.8648648648648649,74.0
14,-1,3420.0,True,True,76.54485049833887,113.8023250738621,143.75377410504547,,,,2.0333008108755446,0.2672656866901367,60.0,0.05,76.89390471892811,55.609213592122316,45.126388783580886,-0.4336631391727964,-0.10633040082967957,-0.19843397807222385,0.03180586154464938,-0.13744699756095666,2.0333008108755446,0.2672656866901367,1.0,0.9152542372881356,59.0
14,-1,3450.0,True,True,79.29788332472896,132.29359887797494,135.42918611999778,,,,2.2383830852755175,0.26798606437711886,52.0,0.07692307692307693,79.68219324020352,96.96363740406538,46.39489318037217,-0.4579244513058346,-0.04353155350881171,-0.2316229315841564,0.000993473969303455,-0.09141339339331898,2.2383830852755175,0.22747972707230824,1.0,0.6,55.0
14,-1,3480.0,True,True,78.11727163940965,134.17035830994718,151.4899955442603,,,,2.0383741859037294,0.08331713411951343,61.0,0.01639344262295082,79.33137799645915,99.05859459002735,41.720379516622494,-0.49031195733812216,-0.01526018354455627,-0.20131023969355888,-0.005046902123592369,-0.23533099001474486,2.0383741859037294,0.08331713411951343,1.0,0.5873015873015873,63.0
14,-1,3510.0,True,True,80.84210526315789,108.24393215019522,134.15160001175641,,,,2.227166236484742,0.12278146886611187,70.0,0.02857142857142857,80.76789626534841,61.11983059016487,36.830345086178916,-0.44760298445457114,-0.028858586015805116,-0.1951022829946732,0.00283976361183086,-0.2671903043714135,2.227166236484742,0.12278146886611187,0.9850746268656716,0.7014925373134329,67.0
14,-1,3540.0,True,True,80.04632310364795,91.97154904014768,125.90253879633373,,,,2.147710353399303,0.08941078733904412,76.0,0.013157894736842105,80.24387923031416,64.72802301236041,26.1875246684595,-0.4290794665596865,-0.04261248409266924,-0.17852404025017107,0.009657384979119651,-0.15337099837645965,2.147710353399303,0.08941078733904412,0.9863013698630136,0.7534246575342466,73.0
14,-1,3570.0,True,True,78.05651958353991,91.52433026100552,126.53677722142024,,,,2.3529570689084496,0.3668768903338664,51.0,0.0392156862745098,81.62287688361442,96.62121542434234,30.547614718566308,-0.44369777507759106,0.0046815588995629525,-0.17852404025017107,0.01041564247141459,-0.20580400725524353,2.3529570689084496,0.3418181002379135,0.9824561403508771,0.631578947368421,57.0
14,-1,3600.0,True,True,80.64620355411955,84.41880142125216,107.95427059843986,,,,2.3855995512406407,0.3286868743917264,50.0,0.1,82.4178800258661,87.71784197253896,33.71789388786777,-0.5749839024674976,0.07748351634131331,-0.13185493926120695,,,2.3855995512406407,0.3767573021199928,0.9824561403508771,0.49122807017543857,57.0
14,-1,3630.0,True,True,75.90296495956872,100.47876949109228,130.43209939306863,,,,1.945599353195569,0.28160798132873804,69.0,0.07246376811594203,76.10201025370523,66.15372873119988,28.72748678010444,-0.5356062243817483,0.04073960889828216,-0.11618048092886757,-0.0076766375093109875,-0.4307167288576752,1.945599353195569,0.28160798132873804,1.0,0.6714285714285714,70.0
14,-1,3660.0,True,True,73.4225621414914,94.10222179972654,139.34952246891064,,,,1.5732373268780748,0.1487969006279129,71.0,0.04225352112676056,73.59278056716056,46.323404303265974,35.52895897902836,-0.5185320816085828,-0.008943850072889949,-0.12904200106431005,-0.0034216891333311954,-0.35512825782831514,1.5732373268780748,0.1487969006279129,0.9863013698630136,0.7397260273972602,73.0
14,-1,3690.0,True,True,75.4585152838428,88.6042136163909,128.91470480930957,,,,1.636791367160804,0.13002924133904314,73.0,0.0273972602739726,75.53342369129706,49.52601272485864,32.4571416535448,-0.5007588652575704,-0.016214470365787555,-0.15761432700763203,-0.013467326935434735,-0.32404612688769896,1.636791367160804,0.13002924133904314,1.0,0.7866666666666666,75.0
14,-1,3720.0,True,True,80.08781558726675,84.92853678033741,113.9400837908098,,,,1.6887485182511939,0.12776073817229922,77.0,0.03896103896103896,79.9670469715908,50.69976021218681,29.74238741870702,-0.4936534092539901,0.01042074336158507,-0.16396089118991497,-0.02342226629755148,-0.3325584543057119,1.6887485182511939,0.12776073817229922,1.0,0.8227848101265823,79.0
14,-1,3750.0,True,True,79.69415619879847,87.86051201972602,112.79379076931102,,,,1.6564334735861936,0.13605230909374422,77.0,0.07792207792207792,79.7494387863105,47.48855319547569,28.137364901217644,-0.5195247715730545,0.029418297183090296,-0.15733421134766234,-0.028411643056719487,-0.3576863695668878,1.6564334735861936,0.13605230909374422,1.0,0.7215189873417721,79.0
14,-1,3780.0,True,True,75.3762268266085,89.23583519013748,105.0448305721145,,,,1.7258892172747018,0.13699036687812305,73.0,0.0684931506849315,75.62533526296023,48.72497904906492,31.745434900566256,-0.5290470201624106,0.02977763988764846,-0.15511091451995002,-0.01791502724755161,-0.37267451609346364,1.7258892172747018,0.13699036687812305,1.0,0.6891891891891891,74.0
14,-1,3810.0,True,True,73.04347826086956,90.7807035022553,106.5042207542102,,,,1.7051848758619939,0.16169255847293998,71.0,0.028169014084507043,73.09958332909382,58.08871613997598,36.86784023336787,-0.5300520837720921,0.014922129021338583,-0.1502720826060483,-0.002264931389936889,-0.41431774297775886,1.7051848758619939,0.16169255847293998,1.0,0.7083333333333334,72.0
14,-1,3840.0,True,True,75.76870375445327,103.03981720125647,117.5994362394912,,,,1.6947583758682607,0.1403152272495483,73.0,0.0684931506849315,75.57112591259906,57.041171864780175,31.273943037691467,-0.5370566573540092,0.03889603672546079,-0.1494524647654909,-0.005114176447051285,-0.44824687130201357,1.6947583758682607,0.1403152272495483,1.0,0.6666666666666666,75.0
14,-1,3870.0,True,True,77.0957095709571,121.02113454050058,124.08307855249448,,,,1.7002847844770461,0.15116328457910616,74.0,0.16216216216216217,76.87525540903812,54.44743899429177,30.497957583971544,-0.5260419225490648,0.05859196637390893,-0.14460387327895605,-0.025537996531682105,-0.4370799307039506,1.7002847844770461,0.15116328457910616,1.0,0.6710526315789473,76.0
14,-1,3900.0,True,True,74.55291222313372,117.99197794727174,114.12055703020927,,,,1.7828355934666922,0.15435648771186233,72.0,0.1388888888888889,74.7108629662013,57.69117212974675,33.14251735631984,-0.5335516302775379,0.042839060889526,-0.10037088145524067,-0.03922289141364238,-0.40594433818110803,1.7828355934666922,0.15435648771186233,1.0,0.6575342465753424,73.0
14,-1,3930.0,True,True,76.29831246597713,103.44983806153657,111.12511112516668,,,,1.7593688518012303,0.1371008893365769,74.0,0.06756756756756757,76.6518326921506,58.572066070292344,41.274383755058714,-0.5261793038938902,0.04512006597559205,-0.15118054925285151,-0.05412333350912149,-0.4022679761461562,1.7593688518012303,0.14265621185707808,0.9868421052631579,0.6973684210526315,76.0
14,-1,3960.0,True,True,80.89887640449437,106.75967448829566,117.24272688561861,,,,1.5729593964799864,0.14630050797445093,77.0,0.12987012987012986,81.29356572974228,49.70397887998252,30.311864566271637,-0.5261793038938902,0.0678882100806512,-0.15407419954081183,-0.04652031262267371,-0.4219619775785394,1.5729593964799864,0.15213074865221912,1.0,0.7215189873417721,79.0
14,-1,3990.0,True,True,78.85010266940452,133.04474046908246,127.07067253684274,,,,1.6374101727323889,0.1572065728663108,74.0,0.13513513513513514,79.33233078535156,76.37792859352781,34.823024727000856,-0.532175123581859,0.0675754498103961,-0.13100693751215597,-0.038804905059339354,-0.4220299893435711,1.6374101727323889,0.1572065728663108,1.0,0.7,70.0
14,-1,4020.0,True,True,75.2255125284738,130.99258559935532,136.68920374015516,,,,2.4572114377024388,0.17162111746579578,51.0,0.11764705882352941,76.09020881913847,82.09823869723732,34.396761043409654,-0.5849042949887713,0.10307970338906376,-0.15535681148693808,-0.05211966707394863,-0.5240047811350197,2.4572114377024388,0.17162111746579578,1.0,0.6111111111111112,54.0
14,-1,4050.0,True,True,79.46439440048692,102.90815903605427,119.83613951901751,,,,2.682594017166091,0.15448642987894873,43.0,0.06976744186046512,80.83473866336232,87.32908957482378,23.222387912986783,-0.584419694318733,0.08378223554547443,-0.1359501397682631,,,2.682594017166091,0.12998817706860974,0.9833333333333333,0.45,60.0
14,-1,4080.0,True,True,75.89509692132269,100.89498851451202,91.94942083476016,,,,2.657484966578235,0.14802893175040285,59.0,0.03389830508474576,78.16427623860987,53.98747875615635,26.66367625125488,-0.5559492976977658,0.05552547948270053,-0.05369255786518153,0.01079742440320551,-0.6020206117329006,2.657484966578235,0.14365088667070564,1.0,0.53125,64.0
14,-1,4110.0,True,True,74.57851239669421,102.5051540298472,106.00343751985423,,,,2.830867959462739,0.1298746221935664,56.0,0.03571428571428571,76.01221690521376,45.19620717495512,44.54666135156233,-0.5633557080064696,0.04867842569287483,-0.07722750777245568,-0.00830667804574915,-0.6112582006771599,2.830867959462739,0.11247909891252789,1.0,0.5692307692307692,65.0
14,-1,4140.0,True,True,77.05159705159704,85.66166306913733,85.10486790816766,,,,2.7514917479080663,0.1289607772513566,59.0,0.0,77.89339684040841,62.85932051568211,59.4992747793938,-0.552464542477474,0.04894775346964575,-0.09787836344452111,0.0016007314243007516,-0.5744463106678854,2.7514917479080663,0.1289607772513566,1.0,0.5522388059701493,67.0
14,-1,4170.0,True,True,76.87150837988827,108.304362847331,56.00747379780775,,,,2.580921711256474,0.20030987301310643,52.0,0.038461538461538464,83.10032866761985,111.60208877716136,67.9522118960595,-0.5475380797195791,0.05825241362186558,-0.10198714475134357,,,2.580921711256474,0.15016992912520696,0.9672131147540983,0.4918032786885246,61.0
14,-1,4200.0,False,True,,,,,,,,,,,91.73882897052744,103.59686361502222,24.322838429883113,-0.6652330869229255,0.18169120788865065,-0.1808148102904798,,,2.802797616915111,0.15449108577801363,0.9411764705882353,0.35294117647058826,51.0
14,-1,4230.0,True,True,82.72108843537416,110.22423559442602,69.33285454838554,,,,2.522204863582176,0.30361825164001344,52.0,0.09615384615384616,84.74853735956067,92.97133204305264,34.6674012957004,-0.631681410231524,0.1374091283442007,-0.16135477591203382,,,2.522204863582176,0.238219107321049,0.9666666666666667,0.43333333333333335,60.0
14,-1,4260.0,True,True,80.25504782146652,95.78491773623033,109.63848134167625,,,,2.074852614146624,0.209391445731207,66.0,0.12121212121212122,81.74777817039556,69.07014580486471,35.16843040843685,-0.5867260692393335,0.12529260734767403,-0.17349715561556633,-0.000881377965080871,-0.5385869540717868,2.074852614146624,0.22778377167709127,1.0,0.5857142857142857,70.0
14,-1,4290.0,True,True,82.15931533903884,129.76974410808322,146.39921402722237,,,,1.6667667232720742,0.22361785942415252,70.0,0.15714285714285714,82.26235755511591,53.973011123004234,29.922513737089297,-0.5908139444439517,0.12703776553431628,-0.1989835244008961,-0.003915411718891369,-0.49402524410663273,1.6667667232720742,0.22361785942415252,0.9868421052631579,0.5526315789473685,76.0
14,-1,4320.0,True,True,84.513329200248,147.44693909706834,158.81054134873497,,,,1.3054939215460097,0.1488741237198176,74.0,0.25675675675675674,84.60760353991117,39.99026838835204,22.026299747727403,-0.6120491820446723,0.1333137272103354,-0.18455002986354313,-0.02272927130271251,-0.5334026504786302,1.3054939215460097,0.1488741237198176,1.0,0.6052631578947368,76.0
14,-1,4350.0,True,True,85.80219780219781,133.33706876598052,150.48903416781536,,,,1.486739400650216,0.10974337810088991,67.0,0.2835820895522388,85.70451719195397,49.640682226474816,31.506395467387524,-0.6191677632730034,0.16792808199698153,-0.21795159257519556,-0.03141853692276102,-0.5544663946167963,1.486739400650216,0.10974337810088991,1.0,0.6285714285714286,70.0
14,-1,4380.0,True,True,82.40343347639485,140.7985040758601,146.84389684397024,,,,1.5381669442295771,0.13054594322147786,59.0,0.1694915254237288,82.82063623045954,85.09741974807221,42.032552539065286,-0.6275240169819934,0.1908414729937604,-0.24479547110141175,-0.02183901001328521,-0.5362980705708564,1.5381669442295771,0.13054594322147786,0.95,0.6,60.0
14,-1,4410.0,True,True,80.38277511961722,144.20911110550654,151.7350401801715,,,,1.5812170426905061,0.13711957109826664,49.0,0.12244897959183673,82.71449069921589,86.36147680480862,36.7903101959048,-0.6261958162664036,0.16818920799139905,-0.2747293547322106,0.01120899176309537,-0.47268411667656474,1.5812170426905061,0.15664402818337425,0.9423076923076923,0.5384615384615384,52.0
14,-1,4440.0,True,True,79.15712322491983,119.53715552025545,137.61320585494573,,,,1.677957790126752,0.1556687928394784,55.0,0.18181818181818182,81.22334859097013,48.532193834041074,23.25842529707552,-0.6148229403504171,0.16617579373577285,-0.23476418827187423,,,1.677957790126752,0.15045811144196888,0.9833333333333333,0.4666666666666667,60.0
14,-1,4470.0,True,True,80.38058991436726,114.51833489679706,135.34987669137482,,,,1.3872287808577515,0.12559428798186886,73.0,0.1780821917808219,80.59553260390302,33.3784112439218,22.29763158115941,-0.6049692331621747,0.19375935025916302,-0.2423006302014708,-0.00599873589804636,-0.47920400698087795,1.3872287808577515,0.12559428798186886,1.0,0.5555555555555556,72.0
14,-1,4500.0,True,True,82.82588308846513,103.2965309209287,125.42758556829206,,,,1.1858244488302467,0.16928928212543906,75.0,0.18666666666666668,82.72049315252312,37.316461529115294,21.235632899111966,-0.5993440623326023,0.2114495846156345,-0.24652073395840482,0.006459143078598564,-0.492414165772981,1.1858244488302467,0.16928928212543906,0.9868421052631579,0.631578947368421,76.0
14,-1,4530.0,True,True,83.73464373464374,107.06410062366434,120.67120613222849,,,,1.3113874316521523,0.15718592815166646,75.0,0.2,83.61053756910441,44.43724093211796,24.61092798247303,-0.6121473711284597,0.19650759015718192,-0.2423235986209417,-0.008685877337451587,-0.5626283946542867,1.3113874316521523,0.15718592815166646,1.0,0.6052631578947368,76.0
14,-1,4560.0,True,True,83.67117860680094,124.3108644275087,128.70881344668737,,,,1.2965920070681043,0.16864959851960412,73.0,0.1917808219178082,84.51139137177772,44.5825002750131,41.17193019807658,-0.6217402426777889,0.239465570526667,-0.2681712694630378,-0.03059278358813715,-0.5802770743145519,1.2965920070681043,0.1488001849391033,0.9866666666666667,0.5733333333333334,75.0
14,-1,4590.0,True,True,81.8927024325225,124.91059511970346,124.88275751680052,,,,1.4618250721874995,0.17105333034526918,71.0,0.16901408450704225,82.23380867216409,33.31936176768881,20.626053181072024,-0.6146977769846063,0.21897790841611942,-0.27968309068700126,-0.02931286508193989,-0.5664427524569124,1.4618250721874995,0.17105333034526918,1.0,0.6,70.0
14,-1,4620.0,True,True,81.74454828660436,117.68061899433673,128.30906494021897,,,,1.8716192215312528,0.18645197885520992,51.0,0.19607843137254902,81.67876800192667,44.50067869195755,28.215935279451244,-0.6264410951813498,0.20328176263719105,-0.2607725150264505,,,1.8716192215312528,0.18645197885520992,0.9821428571428571,0.4107142857142857,56.0
14,-1,4650.0,True,True,79.62085308056872,128.069264368311,154.96345335271798,,,,2.039197895294696,0.23217323916868346,45.0,0.2,82.73247668432815,67.803561151168,28.209454943925518,-0.6614512299455513,0.25773764944654504,-0.26702073046664454,,,2.039197895294696,0.263901716941536,0.9818181818181818,0.43636363636363634,55.0
14,-1,4680.0,True,True,88.17102137767222,150.77380202833257,141.03290513522848,,,,2.1992729195454968,0.2887223259620292,44.0,0.1590909090909091,88.65235483796405,121.33918511179732,47.27911003370506,-0.5671579250358033,0.2123083287665544,-0.2828097301352334,,,2.1992729195454968,0.2887223259620292,0.9827586206896551,0.39655172413793105,58.0
14,-1,4710.0,True,True,92.68338854708945,99.12975348986188,106.68040651692036,,,,2.045220386316615,0.19484261586092572,64.0,0.09375,93.10707368448331,93.27744882340401,45.11359394948658,-0.4566103407452633,0.04393372867789137,-0.26734621903233263,,,2.045220386316615,0.19484261586092572,0.9705882352941176,0.36764705882352944,68.0
14,-1,4740.0,True,True,88.1159420289855,90.32865188231912,110.20887484113973,,,,1.6768488766780087,0.1192182654754415,81.0,0.012345679012345678,88.20020419034606,43.0250366010247,27.29687228579484,-0.43623899235561436,0.006193457247888495,-0.23814461691122685,-0.015505982179462034,0.038337439324129856,1.6768488766780087,0.1192182654754415,0.9879518072289156,0.6024096385542169,83.0
14,-1,4770.0,True,True,84.47517284726588,119.7873063838733,118.00065103987068,,,,2.307642913607282,0.12365937595460647,77.0,0.03896103896103896,83.07401493686581,71.79865281578023,33.15616405892539,-0.44909281395831224,0.01019985179180565,-0.248451803966553,-0.003974350054156489,0.01660042420212209,2.307642913607282,0.14024828242959328,0.9722222222222222,0.6805555555555556,72.0
14,-1,4800.0,True,True,77.67210787792762,129.05049910221467,99.27663815395933,,,,2.3847118086845196,0.16070392578110587,67.0,0.04477611940298507,75.89440259581477,88.71329146577736,35.611216965515574,-0.49704554184913113,0.04451414347031887,-0.15411523113396153,0.015742976615259092,-0.4391637983860016,2.3847118086845196,0.14769233786730954,0.953125,0.5,64.0
14,-1,4830.0,True,True,73.30396475770925,63.49950230502933,66.62522386112826,,,,2.210930517747782,0.15877080518947886,62.0,0.0967741935483871,73.72551215353987,43.65335463754972,34.93949902809201,-0.5045751367254435,0.0387131111534961,-0.151389161365399,,,2.210930517747782,0.14647520083705606,1.0,0.45161290322580644,62.0
14,-1,4860.0,True,True,74.13127413127413,125.02663068595355,82.51551832163989,,,,2.3043176279967987,0.17374365250515364,58.0,0.08620689655172414,76.50665108412295,121.61584634557532,76.23516615833867,-0.5058509109897427,0.028305393725018287,-0.14348106352667897,0.005720206504558958,-0.42435484221322106,2.3043176279967987,0.15066436868757893,0.95,0.5666666666666667,60.0
14,-1,4890.0,True,True,76.73735725938009,148.16172242779885,120.51169233673912,,,,2.391819948699093,0.22230763671007694,60.0,0.03333333333333333,78.64917492789709,129.78148171360974,88.72090707132264,-0.5097362649033488,0.042490727729194884,-0.13638565291628715,,,2.391819948699093,0.20488603189663396,0.9365079365079365,0.4603174603174603,63.0
14,-1,4920.0,True,True,78.11934900542495,127.85081681584906,130.64321317132118,,,,2.4970081049405963,0.22694535790016956,54.0,0.14814814814814814,79.53619217022296,103.94792080328335,66.79576412534392,-0.5897204787549462,0.07144628484343965,-0.14216540399137031,,,2.4970081049405963,0.19670935503782588,0.9838709677419355,0.4032258064516129,62.0
14,-1,4950.0,True,True,76.57722987672227,136.66022827591152,130.9502671636759,,,,1.93568149478231,0.413866172357131,61.0,0.22950819672131148,78.49968562492388,94.60703643333602,62.509110667010845,-0.6136703376446363,0.12861369946964027,-0.1452759771974922,-0.036340274008432365,-0.5738607535187913,1.93568149478231,0.38602148187064683,0.9855072463768116,0.5072463768115942,69.0
14,-1,4980.0,True,True,76.97850087158628,123.94824736704558,124.59826627039915,,,,1.514195060039525,0.20483607211722188,72.0,0.2361111111111111,77.440005926432,63.626038550316856,29.668495831032384,-0.5983731077601199,0.1311532888525134,-0.16361483231119223,-0.012165600963162508,-0.5738327853957358,1.514195060039525,0.20483607211722188,1.0,0.6,75.0
14,-1,5010.0,True,True,77.4700109051254,107.01280747646432,110.72064495505026,,,,1.4272396662651785,0.19431269827448153,75.0,0.22666666666666666,77.57793035307841,50.304946760869534,26.52227822723267,-0.5981003998217991,0.13868908879697692,-0.17648269526582427,-0.026620844984119423,-0.518026100953295,1.4272396662651785,0.19431269827448153,1.0,0.5921052631578947,76.0
14,-1,5040.0,True,True,77.83073130649137,117.47686953055562,129.5440706468424,,,,1.4730432228797623,0.18482022059189981,75.0,0.21333333333333335,77.8773149839287,48.99810409050282,35.53088359781633,-0.5994480354949661,0.15330523707760868,-0.18058486508162477,,,1.4730432228797623,0.18482022059189981,1.0,0.4675324675324675,77.0
14,-1,5070.0,True,True,77.90100081146875,118.37861258602751,145.35532266078073,,,,1.492987377909921,0.19341566857698156,76.0,0.25,78.29346693159005,57.978628750528756,33.50450787597534,-0.5969524698550981,0.15747430237725202,-0.18879164633616483,,,1.492987377909921,0.17798804315294706,0.987012987012987,0.4155844155844156,77.0
14,-1,5100.0,True,True,76.77896466721447,106.59580263148763,127.43347015017731,,,,1.5776858109305432,0.1738321468770741,74.0,0.16216216216216217,77.19158099831287,56.87382222007895,29.61689347004481,-0.5825159226027711,0.14751076002166016,-0.19338442710114553,,,1.5776858109305432,0.1738321468770741,0.9868421052631579,0.42105263157894735,76.0
14,-1,5130.0,True,True,78.21835958718087,98.15702122844519,118.81528778020999,,,,1.624987514580327,0.15962792383789362,76.0,0.15789473684210525,78.04484698177963,38.183214845008905,27.146608370901976,-0.5773847418801932,0.15088198642408596,-0.20260842585668024,,,1.624987514580327,0.17315552863497052,1.0,0.4805194805194805,77.0
14,-1,5160.0,True,True,76.46481178396071,99.58159591346563,116.6164471760014,,,,1.716293704755788,0.16278770420396835,74.0,0.12162162162162163,77.02289947298915,58.32924708817849,39.21104437793781,-0.5793964836917963,0.1481319172812223,-0.19378276483605664,-0.06536711942583291,-0.48368983310626934,1.716293704755788,0.16878693240261494,0.9868421052631579,0.5789473684210527,76.0
14,-1,5190.0,True,True,76.07055630936229,108.78778344429048,138.02306673435993,,,,1.714026280027381,0.17270291779818064,74.0,0.21621621621621623,76.03776102433869,46.95020530055158,32.89181498690448,-0.5809038623596756,0.14709058038289946,-0.172705563033172,-0.07268306336224856,-0.48848457665298295,1.714026280027381,0.17270291779818064,1.0,0.5333333333333333,75.0
14,-1,5220.0,True,True,78.79049676025917,116.23903457055526,142.1712256964987,,,,1.623603178570954,0.18716223265347318,77.0,0.36363636363636365,79.04346464528653,51.05235213935048,31.25864620965393,-0.6183390747432815,0.19275686774316492,-0.20131759045682204,,,1.623603178570954,0.18716223265347318,1.0,0.3974358974358974,78.0
14,-1,5250.0,True,True,77.55458515283843,111.99597074851513,115.79577232641905,,,,1.6443975815556104,0.17808452899749172,75.0,0.22666666666666666,77.51334124663393,59.22907247669782,32.84835273293935,-0.5922762658888534,0.16894328039527018,-0.20161278155919404,,,1.6443975815556104,0.17808452899749172,1.0,0.4868421052631579,76.0
14,-1,5280.0,True,True,76.3911459792659,109.72386157322957,123.63799305477626,,,,1.6252117533218302,0.16929416564535077,73.0,0.1506849315068493,76.27760440080367,42.95608086837937,28.94178902860251,-0.5809892463615343,0.15537435146838058,-0.2031145908975826,-0.051369379149013135,-0.4817481685871281,1.6252117533218302,0.16929416564535077,1.0,0.52,75.0
14,-1,5310.0,True,True,77.92300805729633,124.96634307365208,130.07761800366916,,,,1.6133589947903775,0.19851096793210593,71.0,0.2676056338028169,79.6904893136703,79.65138405557866,46.26730183247344,-0.6028683032986462,0.1532994126397806,-0.21043645074765688,,,1.6133589947903775,0.16344657770404658,1.0,0.4520547945205479,73.0
14,-1,5340.0,True,True,78.51040525739322,143.86349230652039,111.41451630934114,,,,1.9275726549887975,0.13873726281606613,62.0,0.27419354838709675,81.21140430527694,110.07935327066171,51.32726646772722,-0.6077130347325908,0.166618676575704,-0.21043645074765688,-0.0400721080492253,-0.5356595075168881,1.9275726549887975,0.14264294925529578,0.9666666666666667,0.5,60.0
14,-1,5370.0,True,True,83.09119010819165,136.2390086630461,106.18313403994749,,,,2.310284077876589,0.23357676555537188,55.0,0.12727272727272726,87.89636331165129,97.51825680711555,21.659566949411616,-0.6082671696697319,0.1700549387347517,-0.21322457191367084,,,2.310284077876589,0.21623838566541329,0.9824561403508771,0.40350877192982454,57.0
14,-1,5400.0,True,True,82.90307762976572,144.75760341326745,119.5082698498309,,,,2.3003666146827024,0.25648697673471577,59.0,0.05084745762711865,86.36966108266202,88.41776008452301,50.40721243812853,-0.5906541109995085,0.13352246356382064,-0.18403239803132654,,,2.3003666146827024,0.24477142911713953,0.96875,0.359375,64.0
14,-1,5430.0,True,True,75.87628865979381,160.68289126691033,139.75424859373686,,,,2.1286114718157916,0.24098624765045712,57.0,0.08771929824561403,76.76175463810448,87.73625201912348,75.84121826527864,-0.542841743645708,0.07900004619542486,-0.16948884681318732,-0.017973157838924177,-0.5117365523473889,2.1286114718157916,0.2611158800806855,0.9692307692307692,0.6,65.0
14,-1,5460.0,True,True,74.47803764974329,165.1889618520513,140.30898836464146,,,,2.657558728170843,0.21910821031600913,47.0,0.14893617021276595,77.96707319777423,126.132011899973,76.068621996354,-0.5288577399606764,0.07900004619542486,-0.16085587809315288,0.004982275428360757,-0.5083552577279401,2.657558728170843,0.222288416967754,0.9818181818181818,0.6181818181818182,55.0
15,-1,0.0,True,True,84.20355812991312,104.0216167778384,91.58588499521716,0.23745882588625752,0.8630304636436981,1.1448804892444355,1.6862375954596822,0.5735977469091865,62.0,0.7419354838709677,84.92340520461188,34.93396843789897,32.95354233011964,-0.8395743506345598,0.3995597829295644,-0.31931670943256085,,,1.6862375954596822,0.4963595064181941,1.0,0.3142857142857143,70.0
15,-1,30.0,False,True,,,,,,,,,,,85.79282128844007,75.2530599705017,29.458588708993204,-0.8711851622225286,0.42293963826086145,-0.31012922590615233,,,2.7577497450480197,0.18173575298051153,0.9661016949152542,0.15254237288135594,59.0
15,-1,150.0,False,True,,,,,,,,,,,78.38820297882606,64.52731852266929,34.47705073094861,-0.7808578775812557,0.33098282020492714,-0.2694196498172453,,,2.8335174089424364,0.3631115975784938,1.0,0.43636363636363634,55.0
15,-1,180.0,False,True,,,,,,,,,,,76.18623666921728,88.79173970697799,62.09969033898132,-0.7893519293857766,0.3097688146914973,-0.27890076432169864,,,3.2181114414577245,0.08866666670544045,0.92,0.38,50.0
15,-1,240.0,False,True,,,,,,,,,,,81.46534918007559,67.86989092783305,51.497866089464644,-0.7832348982784095,0.3177898759009483,-0.24676682282903137,,,3.1916020350123158,0.2127432586490369,0.9459459459459459,0.13513513513513514,37.0
15,-1,270.0,True,True,81.19402985074626,79.90671087003729,68.16957178420134,0.24646082446856885,0.8621478470482364,1.1234216974031987,2.058474536259752,0.15181386095585017,42.0,0.6190476190476191,81.09906693913707,114.9137553607035,24.75806331432451,-0.8851011051377137,0.4499763471268647,-0.2790094965858667,,,2.058474536259752,0.14133839609559268,0.9848484848484849,0.3787878787878788,66.0
15,-1,300.0,False,True,,,,,,,,,,,79.96700297606563,71.14601609575739,45.65961605221084,-0.8598445360556808,0.4374965021440351,-0.3027659464382995,,,2.8040948911179973,0.25861906024840225,0.9838709677419355,0.3064516129032258,62.0
15,-1,330.0,False,True,,,,,,,,,,,81.44305667970922,53.23057045283209,42.675591298983406,-0.8703087595329215,0.4378184796395558,-0.30005557777070707,,,2.7239338473820682,0.2092338199817301,0.9848484848484849,0.3181818181818182,66.0
15,-1,360.0,True,True,81.8548990276739,122.50867991504497,92.65347105033042,0.3053464274343338,0.8271564971582803,1.1471038105813463,2.171034627902712,0.3989490089387599,66.0,0.7575757575757576,82.86378252283824,50.45949952111944,26.70748840723288,-0.8840157400898234,0.43276152360090925,-0.2998897916293624,,,2.171034627902712,0.3586954151655044,0.9859154929577465,0.3380281690140845,71.0
15,-1,390.0,True,True,77.49336165693043,202.15456101333885,104.81568644530265,0.30400462943533463,0.8192783441563883,1.135854157723786,2.174554381554887,0.34504887312166055,49.0,0.673469387755102,82.30511033601256,108.40945712705539,74.02519567598779,-0.813940948695644,0.3578010485908658,-0.28241731909437295,,,2.174554381554887,0.28099574684383544,0.9838709677419355,0.3709677419354839,62.0
15,-1,420.0,True,True,80.95325389550871,151.4039768860027,49.57501680954497,0.23896958228487863,0.8747143458685223,1.0607174947996614,2.4636995433071958,0.5158369375088793,30.0,0.7,84.0518909124419,96.28102108746467,65.8364370331565,-0.8157557814174381,0.37561974238790774,-0.2435957006735722,,,2.4636995433071958,0.5188509724125399,1.0,0.3137254901960784,51.0
15,-1,450.0,True,True,79.92760180995477,98.32343047654678,65.21646017403566,0.2266661642486146,0.8830814920145384,1.055901260452327,2.4304075958199403,0.5303897843144533,53.0,0.7547169811320755,80.88118408262412,74.6747880332969,31.735431762279788,-0.8530255799412225,0.3919137989126498,-0.22727051271821005,,,2.4304075958199403,0.5303897843144533,1.0,0.3230769230769231,65.0
15,-1,480.0,True,True,77.7825159914712,102.90472562957935,75.10319767975353,0.25446361278354995,0.8465711725872104,1.101854787001701,2.2392853076696877,0.47409235390713766,47.0,0.7872340425531915,80.91263588330531,82.94040664348908,28.42106473708238,-0.8758941837779411,0.4170343817086864,-0.2737729213149049,,,2.2392853076696877,0.35503940981680915,0.9836065573770492,0.3442622950819672,61.0
15,-1,570.0,True,True,82.13903743315508,116.92679333668566,101.45173615930307,,,,2.6362708933258605,0.31771998311112587,47.0,0.46808510638297873,86.36897631545959,97.87646857033633,54.076652293651854,-0.8446393709528643,0.3323542787606125,-0.2658067754633688,,,2.6362708933258605,0.27050967040785917,0.9285714285714286,0.25,56.0
15,-1,600.0,True,True,81.75824175824177,210.30901243733132,140.26710994510773,,,,2.49642902058699,0.22119285690763404,40.0,0.45,82.69266064704671,120.32988485971575,64.2628377959011,-0.8600413610603622,0.32991993263688424,-0.25602999921989544,,,2.49642902058699,0.22119285690763404,0.9649122807017544,0.2982456140350877,57.0
15,-1,630.0,False,True,,,,,,,,,,,80.41992786789098,127.09328085970235,86.40243313064832,-0.8986700773468436,0.35389215909892213,-0.27653337104098674,,,2.7147299926838806,0.179477686178552,0.9818181818181818,0.4,55.0
15,-1,660.0,True,True,84.14342629482073,91.54944676201649,77.22698166074193,0.2319987206116911,0.8325107962125586,1.1176033036910786,2.7512521517943593,0.32848858262314523,53.0,0.6037735849056604,84.09215598217914,96.42311782962828,60.15838479513759,-0.8561152407531243,0.3617391744968822,-0.2829289443155015,,,2.7512521517943593,0.32848858262314523,0.96875,0.234375,64.0
15,-1,690.0,True,True,79.85406785844582,123.46577651920887,98.49840679576674,0.20001168298518,0.8664558355450008,1.0782600377466687,2.5459030194043764,0.4657075152835201,63.0,0.5873015873015873,82.10064586850798,86.40638842658895,34.75377916065238,-0.7759547157436743,0.3298925735453619,-0.2694950185998932,,,2.5459030194043764,0.537269410235698,0.9857142857142858,0.2571428571428571,70.0
15,-1,720.0,True,True,77.08632061944364,152.5210114012704,159.63659458139745,,,,1.3431206600657,0.2282784208491596,72.0,0.4166666666666667,77.86392900815797,84.55644952094335,40.124576626439804,-0.7528483458822504,0.333148268169447,-0.2936835830482263,,,1.3431206600657,0.2282784208491596,0.9859154929577465,0.36619718309859156,71.0
15,-1,750.0,True,True,77.29288214702451,157.8842102294605,173.75419941986362,,,,1.399577298114212,0.29445776834298826,72.0,0.4444444444444444,77.81982648350493,69.20634435151226,28.036740907289758,-0.7979705204239635,0.34508254177249575,-0.2915230033202225,,,1.399577298114212,0.29445776834298826,0.9864864864864865,0.28378378378378377,74.0
15,-1,780.0,True,True,79.95101041028781,136.6421517363721,136.01105214218646,0.26487491004471253,0.874368307909655,1.1256941245274517,1.5334672075329845,0.28396781821907724,73.0,0.6438356164383562,80.52248563016957,60.5060994151502,22.681316948334956,-0.8205303645218753,0.4007275599952055,-0.3057694165852428,,,1.5334672075329845,0.28396781821907724,0.972972972972973,0.16216216216216217,74.0
15,-1,810.0,True,True,84.12537917087968,79.40507786801774,73.61468205415565,0.33090106672786046,0.7907932033263002,1.194992465078155,2.161493731408004,1.0076343671003236,69.0,0.6956521739130435,84.74180475352634,74.46984225933495,26.471290761103525,-0.8614791099528484,0.46270391406142536,-0.3072823292641053,,,2.161493731408004,0.8319823863528658,0.9868421052631579,0.2236842105263158,76.0
15,-1,840.0,True,True,84.29809358752166,92.09529060711654,96.74049802607662,0.30136202469580664,0.7964204629166549,1.1156621839968217,2.2941408803034693,0.7045430845368015,49.0,0.6530612244897959,84.17712495232706,65.2386111834986,47.53272623689086,-0.8614791099528484,0.44534538594041395,-0.3070998905569161,,,2.2941408803034693,0.8442867433069611,0.9583333333333334,0.2777777777777778,72.0
15,-1,870.0,True,True,81.61943319838056,86.34033777510734,73.90971847040821,0.2419770972229605,0.8747454777082894,1.0557239808773329,2.289843258769341,0.4208795985391872,53.0,0.7547169811320755,82.2571466488723,39.803793377627336,31.90009489782725,-0.8626561307027427,0.42633462612164796,-0.30719293926876423,,,2.289843258769341,0.4208795985391872,0.9705882352941176,0.3235294117647059,68.0
15,-1,900.0,True,True,83.53591160220995,68.73901660159109,61.618241218506626,0.256518983478625,0.8663168454182449,1.1251424423802976,2.0946345250023573,0.2914403795273929,70.0,0.8428571428571429,82.79850196492201,42.590286833864376,33.909032822244285,-0.8757532843930801,0.43445206956323984,-0.3075145187008698,,,2.0946345250023573,0.3355302604380878,1.0,0.3333333333333333,72.0
15,-1,930.0,True,True,84.1490138787436,69.75661064090875,74.10090824188815,0.28535596458018225,0.8515853224712276,1.158924302656681,2.5234807552436367,0.39469594952855813,65.0,0.9076923076923077,84.72285460847927,61.44646740694255,40.97160223470974,-0.8963966723976645,0.49511208002714857,-0.33343067017644973,,,2.5234807552436367,0.33964460855082523,1.0,0.22077922077922077,77.0
15,-1,960.0,True,True,78.99821109123434,146.25254423313132,75.74499777213015,0.3314403029507505,0.8052842478678118,1.1226344941883075,2.6421532125804745,0.5003540767472622,35.0,0.7142857142857143,86.26215634625525,104.12666089001216,45.32191475962705,-0.8963966723976645,0.4942041194324973,-0.34030429158124176,,,2.6421532125804745,0.4565961592154059,1.0,0.23636363636363636,55.0
15,-1,1050.0,False,True,,,,,,,,,,,81.3159628144034,128.93602542759777,31.831972841165754,-0.8824405787123308,0.4054341018666434,-0.318288688005509,,,2.5507160623600287,0.5568557796887352,0.9787234042553191,0.3617021276595745,47.0
15,-1,1080.0,False,True,,,,,,,,,,,84.01048840837545,98.49758007203312,70.74802118399465,-0.9947663207933919,0.45036417166374876,-0.28906565717444366,,,2.5963478542927314,0.5352980191832261,1.0,0.40476190476190477,42.0
15,-1,1140.0,True,True,83.24475524475524,135.1203851429635,113.27376651526846,0.26911771552698455,0.8309510847447334,1.0244478813948317,2.540431208061534,0.42609165793796544,43.0,0.5348837209302325,84.05477289174067,113.0087516369964,62.60350754994455,-0.8319272394905971,0.3920096046260905,-0.2969405982862223,,,2.540431208061534,0.42609165793796544,1.0,0.3137254901960784,51.0
15,-1,1170.0,True,True,87.38621586475942,114.1262448504088,110.39701082909808,,,,2.282532066695889,0.47340721605114655,46.0,0.3695652173913043,86.62352602356624,122.52940970340737,76.7562088783944,-0.8125707644271595,0.3658607264304467,-0.3347523651132134,,,2.282532066695889,0.47340721605114655,1.0,0.21311475409836064,61.0
15,-1,1200.0,True,True,82.17898832684826,116.51832650899992,106.7644815183818,0.3057486456378044,0.7921590797841681,1.27668560843286,1.6455325225222799,0.20685198033613986,63.0,0.5714285714285714,81.84356414185497,98.66267883284563,57.79053870027881,-0.8897139920432189,0.37599033251932373,-0.35026105780888894,,,1.6455325225222799,0.20685198033613986,0.9705882352941176,0.3382352941176471,68.0
15,-1,1230.0,False,True,,,,,,,,,,,78.12756743556172,53.842338211310604,44.90004802591038,-0.9126175299719439,0.3871083268651807,-0.35742364431057805,,,2.188184790840046,0.2941821382975269,0.9807692307692307,0.4807692307692308,52.0
15,-1,1380.0,True,True,73.68265682656826,164.96489464836498,132.9910972375386,,,,2.6298714433196797,0.40570829707158007,40.0,0.175,74.24630408161656,100.90826560948409,67.18477329009824,-0.6345283803692778,0.15658057006202528,-0.19303039119925522,,,2.6298714433196797,0.40570829707158007,1.0,0.41509433962264153,53.0
15,-1,1410.0,True,True,73.89878831076265,155.51012809091873,144.3031840178273,,,,2.2489369631603555,0.3878217018415805,62.0,0.1774193548387097,74.86733144100477,96.5655708857194,71.78248060680875,-0.5946594404088408,0.21582821384200432,-0.2459677477936607,,,2.2489369631603555,0.3878217018415805,1.0,0.4107142857142857,56.0
15,-1,1440.0,True,True,74.08941176470589,151.40546145242567,148.95369774520435,,,,2.107760426343938,0.23198607309053895,53.0,0.20754716981132076,81.74415500607266,135.6333274611282,98.80044235785408,-0.6643046688353649,0.2245889345887068,-0.2875677507846701,,,2.107760426343938,0.21982935562809908,0.9830508474576272,0.3389830508474576,59.0
15,-1,1470.0,True,True,74.431718061674,159.2131168062502,164.8495591597758,,,,2.090673693997436,0.21736865054617288,54.0,0.48148148148148145,76.57621940581004,72.04261943888224,57.635019397358164,-0.7131392102435823,0.3129335166010364,-0.28477322561272866,,,2.090673693997436,0.2205978974391992,1.0,0.2542372881355932,59.0
15,-1,1500.0,True,True,73.5784567581564,158.9965993047193,167.69186348641205,0.1970246445504925,0.8947272983091517,0.9606247820715728,2.475803955047576,0.559217061418314,47.0,0.6170212765957447,75.12732159229624,38.52607252376774,35.07357872315919,-0.7131392102435823,0.31373586680133936,-0.2840448561692064,,,2.475803955047576,0.4634881921678705,1.0,0.32727272727272727,55.0
15,-1,1560.0,False,True,,,,,,,,,,,81.80961526829392,92.38035756958135,48.08993465651564,-0.7262383905135578,0.31783051719188526,-0.2705197671866765,,,2.499918072333311,0.48225821006376174,0.9761904761904762,0.40476190476190477,42.0
15,-1,1590.0,True,True,74.58992805755395,93.19513179799448,86.51732585368286,0.1803570789815761,0.9150258726251398,1.0528556095137909,1.979170852641059,0.6729988942923715,60.0,0.8333333333333334,75.46577596991023,79.96212303964997,47.34589155877822,-0.8082201751607806,0.3533854157901501,-0.299274552320106,0.06148012893097013,-0.9183960770195994,1.979170852641059,0.5715146877684862,1.0,0.5492957746478874,71.0
15,-1,1620.0,True,True,77.29947352121401,126.27848667693112,134.6969388503248,0.20340279814504827,0.922843754381344,1.042842757419716,0.5324124753066292,0.2686099599679753,69.0,0.7101449275362319,77.90912574757611,71.00916905240291,50.28240490294692,-0.8688693256449962,0.4248583882008786,-0.35584569239278246,0.06148012893097013,-0.9635078462582302,0.5324124753066292,0.2686099599679753,1.0,0.5147058823529411,68.0
15,-1,1650.0,True,True,78.51301115241635,149.87796224568572,132.18734169190117,0.23951910353559627,0.8706254287548938,0.9986481168731343,1.6282731983063754,1.6066851947142042,64.0,0.609375,78.68942580083298,91.83524147173641,48.59774221960843,-0.8291468469565114,0.40438052038116634,-0.32115384193618085,,,1.6282731983063754,1.6066851947142042,0.9841269841269841,0.49206349206349204,63.0
15,-1,1680.0,True,True,74.86792452830188,103.07869275038098,75.39886497345775,0.22368856480521576,0.8725833259594367,1.1003315201438575,1.6332780990573004,1.9352483647552043,67.0,0.8208955223880597,75.52794741609173,73.03904469736388,42.03651244451735,-0.8203890087017341,0.37522975902060474,-0.306947567351734,0.05236049786818472,-0.9347861128833013,1.6332780990573004,1.5561678879755172,0.9701492537313433,0.5223880597014925,67.0
15,-1,1710.0,True,True,74.8659626320065,97.2228499012127,113.32165227792966,0.1811808159699602,0.9158652077538588,1.0723620650007122,0.6484642203954395,0.2454836362870215,73.0,0.7945205479452054,75.29523790946087,28.88807479194024,31.515947382395083,-0.7941961553931465,0.3281741733762752,-0.3046145567716819,0.05246499110690436,-0.9811421034986101,0.6484642203954395,0.22627736281370836,0.9855072463768116,0.6376811594202898,69.0
15,-1,1740.0,True,True,76.3321577428663,107.49588628401793,114.622783612806,0.1626889147452241,0.922000654609793,1.0329898242989626,1.2145351162294453,0.7841200658535018,65.0,0.6923076923076923,76.93801389812887,73.09482955067962,53.02809943691856,-0.7873136361136441,0.28327277599883854,-0.26629455004504143,0.06004530851207691,-0.9396379901295311,1.2145351162294453,0.8398631256102428,1.0,0.6,70.0
15,-1,1770.0,True,True,76.55305466237942,124.68561734588468,93.91863690874295,0.2002332115115727,0.8924576260399913,1.0736002009900307,1.2151146298432733,0.8924521750570913,65.0,0.6615384615384615,76.74016482356687,106.95230491453663,65.02280119241522,-0.776797122124532,0.3040579007731462,-0.2632810761123031,0.08354407532551901,-0.9165569692036853,1.2151146298432733,0.8924521750570913,1.0,0.5,70.0
15,-1,1800.0,True,True,74.52291105121293,138.66673045709697,137.19636276872362,0.20138410265824053,0.9149518930909892,1.0842104446955452,0.6246820512349373,0.2569524650491242,73.0,0.6164383561643836,75.83473100485956,65.63202431127819,52.23317601410314,-0.7811848666185814,0.35638124936278387,-0.3379911028540376,,,0.6246820512349373,0.23666878402581515,1.0,0.417910447761194,67.0
15,-1,1830.0,True,True,75.3967821107172,101.20472563318408,118.74750794833294,0.19724117647789183,0.9277596875896236,1.090227856110438,0.6533954652584542,0.2466707773442903,73.0,0.7808219178082192,76.20383882559582,44.08106822766925,44.232955635212214,-0.8175207644133732,0.42070637102871195,-0.3518830687348834,,,0.6533954652584542,0.2466707773442903,0.9864864864864865,0.44594594594594594,74.0
15,-1,1860.0,True,True,77.07078925956063,80.64672092244865,87.33642235426672,0.22696902445367498,0.9021940514432736,1.137116507102423,0.6489379783050623,0.2955055224524394,75.0,0.9333333333333333,77.70026144544758,48.85199790387772,36.22374167897154,-0.8655148453788536,0.4390278725198334,-0.3385530217954623,,,0.6489379783050623,0.2955055224524394,1.0,0.4666666666666667,75.0
15,-1,1890.0,True,True,78.75114784205692,108.46106089277585,107.31257681161678,0.2466696987383416,0.8816751358797872,1.1323013241434075,1.56552251697358,0.6513902730300397,71.0,0.8169014084507042,78.59478031747763,70.37265615154689,42.9936839770259,-0.8491252880735438,0.4319849883835498,-0.345729645271552,,,1.56552251697358,0.6513902730300397,0.9857142857142858,0.4142857142857143,70.0
15,-1,1920.0,True,True,76.7520299812617,129.50610491284735,135.04385970791608,0.209603705001852,0.9109519132079776,1.0843215469590846,1.5732752797439238,0.6972814378907424,68.0,0.7794117647058824,76.1655750378319,61.97550607276981,39.35233226496118,-0.8082696515797317,0.4013620681214837,-0.3198339208114149,,,1.5732752797439238,0.6483070279908892,0.9855072463768116,0.391304347826087,69.0
15,-1,1950.0,True,True,73.99594320486815,135.17735082905588,134.98977995199994,0.17950441853184534,0.9377147548360304,1.058220045773643,2.128451258776002,0.2018792104593783,61.0,0.6885245901639344,74.92733263192677,83.00019801464398,32.87793285541755,-0.7871731898320149,0.3453873752522775,-0.2861678278737035,-0.00789754622341492,-0.8973264171269931,2.128451258776002,0.17240710194424413,1.0,0.5238095238095238,63.0
15,-1,1980.0,False,True,,,,,,,,,,,84.62999720914236,139.5997630220791,75.78796418262594,-0.7941287044417893,0.18646418367474946,-0.25321314077858903,0.02286059037038628,-0.9513551185733852,2.647441247844339,0.1126893978000587,0.9565217391304348,0.5,46.0
15,-1,2010.0,False,True,,,,,,,,,,,92.93289650088845,115.88553887141461,125.89226464724752,-0.8016834661900697,0.2405890364820943,-0.25681658011185965,,,2.588739131001553,0.14330323736027148,0.92,0.3,50.0
15,-1,2040.0,True,True,85.0632911392405,123.37736504865552,102.60004532879402,,,,2.3881189382525307,0.24899055136811235,42.0,0.38095238095238093,89.90255529402374,105.67670489202567,107.53723811993066,-0.7359953043436871,0.2669808771934556,-0.33744304783455326,,,2.3881189382525307,0.2174189096138207,0.9423076923076923,0.34615384615384615,52.0
15,-1,2070.0,True,True,77.46397694524495,204.4529495944815,137.6087105766292,,,,2.6865125143484514,0.2782706227984428,38.0,0.13157894736842105,81.73334741960943,73.40639792107403,61.08083821037287,-0.643059176578794,0.23553186720096975,-0.29001241634423236,,,2.6865125143484514,0.25490799249499413,1.0,0.39215686274509803,51.0
15,-1,2100.0,False,True,,,,,,,,,,,77.97163548476023,56.271038788079046,36.745499876467846,-0.6417001036429698,0.24317621672181972,-0.253717328070922,,,2.7649424187904406,0.19463804144568347,1.0,0.3877551020408163,49.0
15,-1,2130.0,False,True,,,,,,,,,,,77.79387650872688,58.31439348088632,78.79009296820213,-0.6794976152655375,0.24481198504046361,-0.2603628333810778,,,2.859179237871741,0.12994573919359836,0.975609756097561,0.4146341463414634,41.0
15,-1,2160.0,False,True,,,,,,,,,,,78.23942343232873,116.19954442270425,91.77977204650969,-0.6532424466912301,0.2018703287403172,-0.3262731924348692,,,2.792955874833775,0.39268191757210746,1.0,0.4186046511627907,43.0
15,-1,2190.0,False,True,,,,,,,,,,,78.35466457749959,108.42102959812799,69.73441507918615,-0.7100177358133195,0.22824827035294987,-0.2753264764447565,,,2.6575139154008784,0.5872520293434672,1.0,0.36538461538461536,52.0
15,-1,2220.0,True,True,76.8,137.7129033533169,125.75725487135037,,,,2.62377157888451,0.5850489316866019,35.0,0.4,78.42890456632571,99.82576097562031,49.739994639956166,-0.7587535761654496,0.21488271459346708,-0.24445937658145542,,,2.62377157888451,0.5236946440717453,0.9811320754716981,0.41509433962264153,53.0
15,-1,2250.0,True,True,73.00380228136882,107.37059892177426,77.71029639269932,0.2765447341095744,0.833779488469355,1.219265850482163,2.4145986559277826,1.217979918670455,50.0,0.66,75.01455031724697,114.95028004631031,71.4284263725984,-0.7373380380459686,0.24017020603710737,-0.27069705295229873,,,2.4145986559277826,0.9551300690788553,0.9836065573770492,0.4426229508196721,61.0
15,-1,2280.0,True,True,70.17971367651538,101.67312532306183,75.65861302883121,0.22201390100756233,0.9075387973607421,1.1587195204363339,1.5167316433760336,0.4180367885174075,62.0,0.8387096774193549,72.42058141346291,105.77201906414587,57.03257381052131,-0.7299960649848891,0.34363253151063944,-0.28182369323077283,,,1.5167316433760336,0.3997367893012047,1.0,0.421875,64.0
15,-1,2310.0,True,True,69.11371693482411,117.09142817976041,105.8371528015356,0.196462109581344,0.9267424346275268,1.1284376430429919,1.2570416504892157,0.3201992770164166,67.0,0.835820895522388,71.55814953201185,84.65769779928483,54.22264713559623,-0.7141815680011132,0.3210578251366625,-0.24598722017961586,0.021318726370660773,-0.8020709240159422,1.2570416504892157,0.2732318087840147,0.9824561403508771,0.5087719298245614,57.0
15,-1,2340.0,True,True,69.76052848885219,115.38865586966985,123.11542808874351,0.19230724367322252,0.9343463098277398,1.0863813608491637,1.2737868241514652,0.2859668264405418,67.0,0.8208955223880597,70.73079912871927,73.38663433903324,67.36136206789492,-0.7106050521244818,0.30808815630999276,-0.2787259615984117,,,1.2737868241514652,0.26530964910767224,0.9833333333333333,0.36666666666666664,60.0
15,-1,2370.0,True,True,70.76422764227641,96.60672587737042,105.80922227224403,0.2016859740322828,0.9269217026079274,1.1026484892933766,1.3109412240824203,0.25933569213644647,69.0,0.8840579710144928,71.20278585345392,70.00780123466916,44.72875771477414,-0.7272912506719371,0.3149865120800359,-0.2605673383224414,,,1.3109412240824203,0.25933569213644647,1.0,0.36764705882352944,68.0
15,-1,2400.0,True,True,70.63024073573168,115.48134265261436,115.70806737146165,0.1863281832219177,0.9286468851040652,1.073608093382071,1.3906122660168536,0.24160249263547282,69.0,0.8840579710144928,71.05647801605144,67.62325678600301,48.35512788395437,-0.717626030515159,0.30504700810917607,-0.2592907632662207,,,1.3906122660168536,0.24160249263547282,1.0,0.4057971014492754,69.0
15,-1,2430.0,True,True,70.4876712328767,117.82051910841348,107.93845843547253,0.18326270168922618,0.9233182578331148,1.096744060563729,1.4291075684117316,0.2744497341972842,68.0,0.8823529411764706,71.66101338699427,67.40320429493686,43.71710911339906,-0.7194079230796844,0.3086636791129463,-0.2667666483538146,,,1.4291075684117316,0.2554433445874655,0.9846153846153847,0.3384615384615385,65.0
15,-1,2460.0,True,True,70.37199124726476,107.85002505568337,88.49788833683755,0.19846549333207295,0.908876303191187,1.1398120354326016,1.4691081577129714,0.27874006445764365,68.0,0.9117647058823529,73.18522269701892,56.249988510531956,43.84032959260493,-0.7265679229484134,0.3357390578329766,-0.27987609618379206,,,1.4691081577129714,0.27827976895324813,1.0,0.25806451612903225,62.0
15,-1,2490.0,True,True,71.74654752233955,86.52492646409107,67.40868443264783,0.23318617667892305,0.8786102991527805,1.1733077207540166,1.4530403904184466,0.28760966032497964,70.0,0.9428571428571428,72.28807465709002,72.87898935607423,48.17150407379785,-0.799409814829672,0.3660771570590912,-0.2744253367906261,,,1.4530403904184466,0.3036403155010725,1.0,0.3181818181818182,66.0
15,-1,2520.0,True,True,71.69686985172982,78.76983659400122,56.370064170758084,0.2321081894722886,0.8759822062994173,1.2014515751924417,1.4130036108047972,0.30871713665105105,69.0,0.9710144927536232,72.01278285913399,75.99160846372588,44.88764418038158,-0.7667548834252178,0.3165679412714225,-0.24504728007447557,,,1.4130036108047972,0.30871713665105105,1.0,0.3888888888888889,72.0
15,-1,2550.0,True,True,73.65300784655624,79.76105973413709,46.40302001371724,0.22636629801239067,0.8721137876476175,1.1874784910794522,1.4678726472110624,0.33455266028233227,69.0,0.927536231884058,73.6237499539179,65.99815621272104,29.939999544088725,-0.7625549631648604,0.31442711104164495,-0.26275476722161883,,,1.4678726472110624,0.33455266028233227,0.971830985915493,0.29577464788732394,71.0
15,-1,2580.0,True,True,75.75282854656224,58.29220309807305,31.54453996960392,0.26683794044389025,0.8295479685706807,1.2191923671745688,1.4944129705163975,0.3350348584837442,71.0,0.9436619718309859,75.2132535736099,45.732845014089165,30.929746422281678,-0.8195432768599873,0.3621587211851145,-0.28704415182461146,,,1.4944129705163975,0.3350348584837442,0.9726027397260274,0.1643835616438356,73.0
15,-1,2610.0,True,True,74.35684647302904,50.82509007043374,36.522975819080784,0.26202080386101523,0.8357817631785358,1.2007492615959938,1.5204452710982512,0.31963530370256865,71.0,0.9577464788732394,74.63567666463672,59.04250401999899,40.81247195366044,-0.8149911642380097,0.40363778588175087,-0.29287365513391406,,,1.5204452710982512,0.31963530370256865,1.0,0.1780821917808219,73.0
15,-1,2640.0,True,True,74.8644793152639,74.13596554436397,76.04370512597157,0.25834831345131853,0.8387146159218111,1.111837232148621,2.461030298092803,0.5513758191248505,49.0,0.8163265306122449,77.89604588289191,121.49107649292064,70.7284573199461,-0.8343675328809087,0.36939224634138734,-0.29152053081540985,,,2.461030298092803,0.5156860299355197,1.0,0.19672131147540983,61.0
15,-1,2670.0,True,True,74.75126171593367,138.34612831492373,121.38618034773053,0.31227034558653116,0.7815150019394667,1.0234273939944845,2.5285589213389685,0.3669172110106408,39.0,0.6666666666666666,79.13773031670065,113.49185562801716,75.62514674388001,-0.8810665333157441,0.31227493913655213,-0.33435828751218444,,,2.5285589213389685,0.3060082195672835,1.0,0.25,48.0
15,-1,2700.0,False,True,,,,,,,,,,,78.28362392458082,88.51643431930023,31.113854336194983,-0.780254770456344,0.3185520995072465,-0.340885385099911,,,2.7618762416822022,0.28340242952417494,1.0,0.391304347826087,46.0
15,-1,2730.0,True,True,75.1417004048583,195.8850904817147,126.78616931772629,0.38817623719342986,0.6931523949506461,1.0190851576650648,2.7347495969635762,0.40429747285273687,44.0,0.5,78.524326313492,168.66764520212178,66.17365214731656,-0.7915238560745527,0.315417991625418,-0.22843900162374153,,,2.7347495969635762,0.4079535642591904,0.96,0.48,50.0
15,-1,2760.0,True,True,80.16373311502251,138.28804368766225,64.38140475151017,0.30600888254886893,0.7883705440792688,1.1260441991943944,1.9430367157897837,0.34527411471471464,59.0,0.7457627118644068,82.49189983405715,124.21733380886118,50.866899013151546,-0.9103012325319941,0.4355597633247765,-0.2797075962733441,,,1.9430367157897837,0.4092516001388382,0.9714285714285714,0.3142857142857143,70.0
15,-1,2790.0,True,True,86.92223439211391,110.93819244575755,103.46896215928305,0.3155283511190448,0.8173345749886586,1.1569212683633092,1.6135602904279867,0.5581081143913735,71.0,0.676056338028169,87.18148209575922,68.3519429496203,40.023206498184784,-0.9035260166509962,0.45510631127366263,-0.38057704421559835,,,1.6135602904279867,0.5581081143913735,1.0,0.27631578947368424,76.0
15,-1,2820.0,False,True,,,,,,,,,,,86.39664802713123,88.8799427581782,39.31829709775173,-0.7655793938656598,0.31578690396326736,-0.4023058042483486,,,2.6935894437765104,0.2810843093708811,1.0,0.4426229508196721,61.0
15,-1,2850.0,False,True,,,,,,,,,,,85.6958317540673,90.04293529076156,30.957685682294464,-0.6741415929979181,0.26839980073641,-0.31458113193156456,-0.018606764452365483,-0.6407499168964302,2.725323350717059,0.1794979196776073,1.0,0.5423728813559322,59.0
15,-1,2880.0,False,True,,,,,,,,,,,84.21187962997276,68.49157267146352,37.62468397391583,-0.6582722364567472,0.24268352676744484,-0.28975112371454254,-0.014341520716802877,-0.5957114845146739,2.6730502879107982,0.07991534468034914,0.9692307692307692,0.5076923076923077,65.0
15,-1,2910.0,True,True,86.55737704918032,102.073398123132,130.4404981502766,,,,2.5580421731207306,0.0756560113113833,43.0,0.16279069767441862,87.03258188184242,49.78343862808248,34.36214738878158,-0.7034990007231019,0.2200012246822142,-0.2563786172501508,,,2.5580421731207306,0.0756560113113833,0.9726027397260274,0.3698630136986301,73.0
15,-1,2940.0,True,True,87.0528967254408,121.81476297225808,152.91797852276167,,,,2.3471415238107576,0.19888441937818974,62.0,0.4032258064516129,87.17050517318576,45.06083414463615,41.22171095343416,-0.7560125689302859,0.24867332689444804,-0.2964503017759148,,,2.3471415238107576,0.19888441937818974,0.9863013698630136,0.3972602739726027,73.0
15,-1,2970.0,False,True,,,,,,,,,,,84.77615106170126,88.45907633523822,60.18788490710735,-0.7756125644814493,0.2424224105132795,-0.3424154896156979,,,2.7023105000446033,0.2323919129242917,0.95,0.36666666666666664,60.0
15,-1,3030.0,False,True,,,,,,,,,,,86.83209318053454,146.39862481208576,77.88626509120222,-0.5862247095676263,0.07536174798884127,-0.24975912146758658,,,2.8052164801554986,0.20402950862865454,0.9411764705882353,0.47058823529411764,51.0
15,-1,3420.0,True,True,74.68175388967468,108.94803025045724,143.71956765731022,,,,2.050843687228026,0.21000272168915288,62.0,0.08064516129032258,76.07828705713814,94.40788033100647,80.90591689160561,-0.687103460653932,0.03322725070220509,-0.33435423368221556,0.08515473829310506,-0.41800675064606957,2.050843687228026,0.1814868707666583,0.9848484848484849,0.6212121212121212,66.0
15,-1,3450.0,True,True,80.76752767527675,114.93634566738585,146.44870489615423,,,,1.9679221183745266,0.17096534242969744,66.0,0.045454545454545456,81.7537163459126,80.46886589429704,58.24493931362144,-0.6758611615764786,0.057503603215309944,-0.3288710983574418,0.1125262035459359,-0.34514094010996266,1.9679221183745266,0.20171748454889832,1.0,0.5915492957746479,71.0
15,-1,3480.0,True,True,89.37931034482759,98.25848328724882,99.42191905110703,,,,2.362542760027732,0.7535444147486404,64.0,0.109375,90.78088389454011,64.8804958346257,38.2606880164117,-0.7307108594255987,0.13633350849349396,-0.25693015526501345,,,2.362542760027732,0.6276803077885402,0.9868421052631579,0.4868421052631579,76.0
15,-1,3510.0,True,True,85.22354454808621,73.33104269350771,73.62011868368592,,,,2.3213457451578243,0.9039542651636859,74.0,0.16216216216216217,85.5545286313252,67.49291093785247,38.57550940148776,-0.7072791435202698,0.08245432709833256,-0.2726290191723497,0.10829846504602059,-0.5459312440301113,2.3213457451578243,0.9039542651636859,0.987012987012987,0.5064935064935064,77.0
15,-1,3540.0,True,True,81.47317854283426,65.65344906540402,79.73599423122326,,,,2.0476304474460463,0.2174179514692331,63.0,0.14285714285714285,81.19862398083905,58.49276658606585,41.979252588926805,-0.7350429152420408,0.07949824204941963,-0.338347445297751,0.0462898216710436,-0.37287486080297977,2.0476304474460463,0.2174179514692331,1.0,0.5,70.0
15,-1,3570.0,True,True,79.61722488038278,107.62590751826232,119.90887769841255,,,,2.0938308939917625,0.16677111859813362,55.0,0.09090909090909091,82.25801748962013,121.66371551291145,103.14525198216006,-0.8550038711676021,0.0739525922313458,-0.2833039970030451,0.09825055754775047,-0.8485368700917962,2.0938308939917625,0.1974363132327533,0.9848484848484849,0.6363636363636364,66.0
15,-1,3600.0,True,True,77.40989615149662,100.27271422023443,112.80341029862528,,,,2.4170724540123105,0.3145579047839073,44.0,0.11363636363636363,80.44594263179867,71.86674152965779,83.13307215808183,-0.7695700360931261,0.03815506764403164,-0.3224124266238077,0.13279801022658466,-0.49304394597209134,2.4170724540123105,0.25020786132781453,1.0,0.7333333333333333,60.0
15,-1,3630.0,False,True,,,,,,,,,,,80.66824617849814,230.45198978170893,78.79430802982415,-0.7776644394317189,-0.12286873054172773,-0.3675544414422642,0.14069643751700514,-0.32909226138855435,2.9124462656158645,0.2090411218822457,0.9130434782608695,0.5434782608695652,46.0
15,-1,3660.0,False,True,,,,,,,,,,,84.50988445078917,134.23632916838835,69.54130557239517,-0.7944592623625871,-0.06807686785448906,-0.333255256166162,0.07276524791505479,-0.35190294542440603,2.7677455101271384,0.1560058822716853,0.9180327868852459,0.5409836065573771,61.0
15,-1,3690.0,True,True,78.6169244767971,127.02355151265805,155.6807813502302,,,,1.952325015693727,0.33724217561932274,59.0,0.1016949152542373,79.28069914304854,101.12584526538912,95.99528918818845,-0.795698487258038,-0.005372545574576424,-0.22848229950727422,0.09784070245206603,-0.6939253693775008,1.952325015693727,0.33724217561932274,0.953125,0.59375,64.0
15,-1,3720.0,True,True,82.65270506108202,116.26340476978842,106.8835699326689,,,,2.1488570824206623,0.21602934334147936,52.0,0.038461538461538464,84.5847474641138,114.86256192355633,85.50753707847146,-0.8177058734542364,0.05248418805707062,-0.24965920243357154,0.1359970447495127,-0.6821542106059189,2.1488570824206623,0.14684257995691483,0.9558823529411765,0.5441176470588235,68.0
15,-1,3870.0,False,True,,,,,,,,,,,77.14519458092036,164.40478401026388,115.69760862881462,-0.7067700606731845,0.004193965092432103,-0.24017680576438408,,,3.0114845847383105,0.26202303645127445,0.875,0.4791666666666667,48.0
15,-1,3930.0,False,True,,,,,,,,,,,74.73119283285958,99.61366890033655,89.66551920540977,-0.8685418803670153,0.14467365986885933,-0.19273640749836166,0.04549225136741789,-0.7303227763442559,2.9770480599449,0.3204668826959539,0.9782608695652174,0.5,46.0
15,-1,3960.0,True,True,74.6321147616844,170.9963120108938,175.2085325870414,,,,1.8138379157924713,0.2353577147331152,55.0,0.2909090909090909,76.06645544623409,116.25539703823219,96.53339856345909,-0.7563872358830344,0.13571272817508467,-0.22701248471358684,0.08685407661098671,-0.659738924582493,1.8138379157924713,0.19901990710118642,0.9642857142857143,0.6071428571428571,56.0
15,-1,4170.0,True,True,73.3446519524618,141.6532622334865,170.32069115295837,0.2980155744482662,0.7993235078640537,1.1097757610344536,2.3173626178439366,0.156163181691486,52.0,0.6153846153846154,74.84991821195979,45.50117858131581,33.597756531244364,-0.919658495634865,0.3218489801155959,-0.3766556811232389,,,2.3173626178439366,0.1380483117958743,0.96875,0.46875,64.0
15,-1,4680.0,True,True,66.23694961416251,169.98293810418951,155.71784379126242,,,,2.282285091691776,0.43141494341134423,46.0,0.45652173913043476,66.90362021742955,138.6482649387104,85.24917319316698,-0.9516534552720347,0.2538795737784118,-0.3493612257892974,0.13109426148979328,-1.0749022678973195,2.282285091691776,0.33771673094579685,0.9836065573770492,0.5737704918032787,61.0
15,-1,4710.0,True,True,65.89029535864978,160.87253815185727,159.8831860065768,,,,1.0045951586439108,0.21203685236291941,63.0,0.49206349206349204,70.9963608359483,110.96024673905605,53.67469175196072,-0.9288113686154849,0.23518290271922987,-0.23927754766987602,0.16456453654057465,-1.0612788626292815,1.0045951586439108,0.17081076334309298,1.0,0.6538461538461539,52.0
15,-1,4740.0,True,True,67.26352666407163,188.64536010934071,183.31261720078078,,,,2.398042088553283,0.7408456140626054,54.0,0.4444444444444444,67.11245230723475,92.88325385447543,73.35799109320214,-0.8579277086160546,0.19126896209998104,-0.24931222371339593,0.21021032825786867,-0.9599139414632313,2.398042088553283,0.7408456140626054,0.9830508474576272,0.7457627118644068,59.0
15,-1,4770.0,True,True,70.18629173989456,152.03684169877607,135.75631971670143,0.29291272754990494,0.8076073400730637,1.2997747875691719,2.3996131430392604,0.6932672836623986,59.0,0.5932203389830508,69.22553791821457,94.35572831285984,61.29945485048003,-0.8495960005456838,0.12057877841141168,-0.24623262321365824,0.21402076807390297,-0.9647742794310395,2.3996131430392604,0.7924326538184853,0.9838709677419355,0.8387096774193549,62.0
15,-1,4800.0,True,True,67.87878787878788,146.46031148356118,137.68370081672063,0.2440198860519142,0.8496851120775748,1.2793751656657306,1.0948056062083142,0.2294287848520201,65.0,0.6307692307692307,72.13657209189172,117.3827331048716,79.41589732835884,-0.9260079595667637,0.21672162813755824,-0.2654172196824396,0.16588611979011778,-0.9938370912623837,1.0948056062083142,0.20188597196813088,1.0,0.6785714285714286,56.0
15,-1,4830.0,True,True,65.46054440472918,173.48453588833672,140.7135492185222,0.22373298513065265,0.8795813022619245,1.218977899728518,1.0786804070652138,0.25284966038080564,63.0,0.6349206349206349,74.48033911858883,152.70944836470008,59.95882122343869,-0.9333633022661348,0.3014836805350702,-0.3260447530402777,0.1943498420700845,-1.058129115779072,1.0786804070652138,0.21669711872674066,0.9821428571428571,0.5535714285714286,56.0
15,-1,4860.0,True,True,63.78737541528238,176.1858279617753,152.78361570221074,0.2414129099482116,0.8558447493529195,1.2029530902078114,1.106440369849772,0.26343837418127725,61.0,0.6229508196721312,73.60694610102406,154.72354601660444,97.51283717935179,-0.9008215279561236,0.2736799028862633,-0.3408270202170442,0.26049823935820526,-1.0265681482889846,1.106440369849772,0.24522267923906582,1.0,0.5892857142857143,56.0
15,-1,4890.0,True,True,65.26315789473685,169.73550904121907,160.5991926954941,0.24846506103303134,0.8537380568333346,1.2237618466176534,1.0905377993334813,0.2705218494977368,63.0,0.5714285714285714,67.7726440447034,88.4834136615375,57.52819178924773,-0.8070980465291603,0.2893214481004758,-0.3108243254142077,0.18872086241027364,-0.924718459759881,1.0905377993334813,0.2283952860249437,1.0,0.6909090909090909,55.0
15,-1,4920.0,True,True,65.08474576271186,161.81187056244679,156.6586916979834,0.23767741813216073,0.8663043453665412,1.1768672260181399,1.1634553346691787,0.24532513518891474,63.0,0.6507936507936508,67.13502844325004,100.44589115551369,59.96617177595686,-0.813776723334417,0.2874150209290979,-0.28105235263518624,0.08793806668726918,-1.0293966255666702,1.1634553346691787,0.20801583055313266,0.9830508474576272,0.6949152542372882,59.0
15,-1,4950.0,True,True,66.73655172413793,131.9521289230187,141.05019576043347,0.20068941788554062,0.8942820953233045,1.1720165642961409,1.2434162399974968,0.20896684494980777,64.0,0.703125,68.85909249798569,105.95755590337212,55.78465791939225,-0.8442261985802305,0.3082625052473183,-0.298727534477206,0.045730437034012916,-0.9261642610136507,1.2434162399974968,0.21837442138122054,0.9672131147540983,0.6229508196721312,61.0
15,-1,4980.0,True,True,68.14086814086814,119.0423124479053,140.12387168991899,0.200270295314115,0.8975023300007163,1.0865512563067972,1.2137090452931205,0.2178283356827336,66.0,0.6666666666666666,71.95345285863083,122.83323213092123,42.05653104140888,-0.8205693848521313,0.3478058543390996,-0.35688278369237403,-0.009527449762063095,-0.7017865122936091,1.2137090452931205,0.1835949235733543,1.0,0.6101694915254238,59.0
15,-1,5010.0,True,True,64.96043656207368,164.6099822693774,145.67458972204548,0.2100073360882674,0.8924431131386414,1.0928942427060482,1.203903111918004,0.22578617696771505,63.0,0.5714285714285714,68.55555766571155,142.48720471430596,86.89172055648017,-0.7668072680173847,0.2860075251170845,-0.320256630092615,0.09837689003324164,-0.6813988050378504,1.203903111918004,0.2019130222620634,1.0,0.660377358490566,53.0
15,-1,5100.0,False,True,,,,,,,,,,,75.62929998756925,191.0619756684253,90.07670914431856,-0.8697147316163505,0.2773488580605323,-0.27855562372462694,,,2.9797229396997746,0.24203129238847132,0.8636363636363636,0.4318181818181818,44.0
15,-1,5130.0,True,True,68.95356037151703,220.58001458439458,187.57657749961905,,,,2.536334056313401,0.5363017331268021,41.0,0.43902439024390244,71.85927609022832,150.22355965804587,94.65782749507778,-0.818083475863617,0.37280194953998835,-0.2915747037222386,-0.013683917355615957,-0.9022846248207838,2.536334056313401,0.4242702790073357,0.9574468085106383,0.5531914893617021,47.0
16,-1,0.0,True,True,75.9364094610314,117.39585236268267,92.06067244330929,0.18356726752951297,0.8848549048466103,1.0789968664045515,1.440389623982399,1.0219908015580534,58.0,0.5517241379310345,77.32485146448282,85.1169273890196,51.768213735502925,-0.720737002826027,0.2835413241891151,-0.18040855106966427,0.0686920594558505,-0.9125953451098815,1.440389623982399,1.1280823397220883,0.967741935483871,0.5806451612903226,62.0
16,-1,30.0,True,True,71.17701575532901,153.5402043471401,119.40608234089251,0.2589897033469908,0.8366708454788756,1.0582839426012172,1.4250556184781875,0.9316047201468163,49.0,0.5510204081632653,74.16744694698333,80.62300361563105,55.429651260143636,-0.649413664777895,0.18904813482712815,-0.20492076944290574,0.0830809446944959,-0.8807529203875384,1.4250556184781875,0.9284630131949346,0.9482758620689655,0.6206896551724138,58.0
16,-1,60.0,True,True,73.80314502038439,185.5154105100034,152.14329761055038,,,,2.15456118090445,0.23609060600670592,44.0,0.4090909090909091,74.66187515369343,89.42838951155402,68.73408742785746,-0.6941692003195712,0.16446394379472679,-0.2844895444431874,,,2.15456118090445,0.23609060600670592,0.9591836734693877,0.42857142857142855,49.0
16,-1,120.0,True,True,63.48606518658479,187.82032336996522,160.03597763285842,,,,1.9225420507814726,0.22289043962980187,46.0,0.45652173913043476,66.65619918919833,154.54363016989353,71.38027211927718,-0.6364624353082609,0.17473202602721521,-0.18670439454586607,,,1.9225420507814726,0.20084385939986754,0.9583333333333334,0.3958333333333333,48.0
16,-1,150.0,True,True,61.358189081225035,164.48712057429128,148.01678077604697,,,,2.0885487267728897,0.2793688560073492,47.0,0.40425531914893614,65.93418760859825,173.30951947412535,112.53787334201424,-0.6411820154836082,0.1512032102400892,-0.18456339988885961,,,2.0885487267728897,0.2352454265306627,1.0,0.46296296296296297,54.0
16,-1,180.0,True,True,59.979173897952094,161.23059451787014,166.07441108847067,,,,1.914506042829966,0.2266299788986825,50.0,0.38,64.93795996566449,197.89296528221405,102.11188986738235,-0.618883879113281,0.1512032102400892,-0.17744861654982708,,,1.914506042829966,0.22606638863501016,0.9827586206896551,0.3793103448275862,58.0
16,-1,210.0,True,True,63.89351081530782,172.0705636023151,163.41268512200568,,,,1.8692739106404757,0.23440115758778082,55.0,0.43636363636363634,65.2558426288931,151.93042750460887,61.843151611983686,-0.620587378010353,0.17207391114948195,-0.17008796513777868,,,1.8692739106404757,0.25089685392648686,1.0,0.3392857142857143,56.0
16,-1,240.0,True,True,67.08021390374331,187.54151591826522,133.65236896204522,,,,1.9748584711791042,0.21163975483598135,54.0,0.3148148148148148,66.37249878722155,114.28137521890868,65.96942218716458,-0.6035675920020483,0.16046841667105724,-0.16467263481649522,,,1.9748584711791042,0.2386491386201909,1.0,0.43636363636363634,55.0
16,-1,270.0,True,True,64.53781512605042,164.5381823551722,137.6087105766292,,,,2.090685062361688,0.34493214500838937,50.0,0.34,65.23570254810691,142.34184156926707,95.64514932237019,-0.5733725499263324,0.1669740156265442,-0.18184507440964648,,,2.090685062361688,0.34493214500838937,0.9607843137254902,0.39215686274509803,51.0
16,-1,300.0,True,True,62.535866614967034,155.219909546936,132.6153999655987,0.19816863758105366,0.8807488049638564,1.0700418103186204,1.846055795094511,0.30428263148354995,51.0,0.5686274509803921,66.28371259240677,173.91783779982143,97.84538329895851,-0.5933189566732153,0.1960155588504601,-0.2018956711376072,,,1.846055795094511,0.2579956607435836,0.9807692307692307,0.38461538461538464,52.0
16,-1,330.0,True,True,61.761158021712916,153.74138027614669,168.48157961115285,,,,1.9376246126985968,0.2738434246198679,49.0,0.40816326530612246,64.86638609726907,149.72184727004714,85.69825490438913,-0.6120576614786849,0.19495078681535302,-0.19850788113554724,,,1.9376246126985968,0.254632363892266,1.0,0.37254901960784315,51.0
16,-1,360.0,True,True,62.49250535331906,142.91479276547417,142.3198951902519,,,,2.2961390453066235,0.3435801415800487,46.0,0.21739130434782608,64.43127875844036,142.519111266106,81.56030467245705,-0.613700733569095,0.21071122029103326,-0.18751301710018542,0.027265398860248764,-0.7433974529384739,2.2961390453066235,0.3156868306576369,1.0,0.5227272727272727,44.0
16,-1,390.0,True,True,63.93910561370124,161.44590853069806,145.09162710398496,,,,2.329957797211491,0.2983867411630323,45.0,0.35555555555555557,64.78918481211545,156.58573256457566,76.65733149266481,-0.6185770181643456,0.19256791440009502,-0.16148153580328858,0.019218435098589958,-0.7182420589794023,2.329957797211491,0.3233364393958743,1.0,0.5208333333333334,48.0
16,-1,420.0,True,True,61.26778783958602,174.53955943512577,161.44489191361862,,,,1.9652691434527523,0.27619268638652256,44.0,0.3409090909090909,64.49703340571538,147.07061206559047,76.22569921787043,-0.6063993553154077,0.18290454319923152,-0.1541943359210837,,,1.9652691434527523,0.22665719561239364,1.0,0.4423076923076923,52.0
16,-1,450.0,True,True,63.655200994612514,175.9029582216792,144.40559833987237,,,,1.8512371804999388,0.28648492528085745,47.0,0.48936170212765956,68.18133469339348,161.07007618513404,58.97195749495356,-0.6264761510332071,0.21199314931197058,-0.18594122565529045,,,1.8512371804999388,0.2634458820126567,0.9821428571428571,0.44642857142857145,56.0
16,-1,480.0,True,True,69.24956369982547,165.15453570920351,95.16540659869656,0.25185037157751755,0.8192518448953742,1.231449829329652,1.8963099609550653,0.3403814985112741,41.0,0.5365853658536586,73.52914964831542,182.08716266145478,60.43161010217575,-0.7093263679947022,0.24859967314040954,-0.1871250782502517,,,1.8963099609550653,0.3004359632569695,0.9423076923076923,0.4807692307692308,52.0
16,-1,510.0,False,True,,,,,,,,,,,75.26984895592446,158.17366092556296,63.03574151732597,-0.7703439624691018,0.2722660532921929,-0.19604756168832227,,,2.4171986537434016,0.16820348551753783,0.925,0.45,40.0
16,-1,540.0,True,True,69.38452851496329,140.74308298327165,133.76105595159495,0.2742950919676828,0.793746750025117,1.08451758490876,2.4189737441349624,0.23773610706036935,44.0,0.5227272727272727,71.61178481862306,103.30585058436807,49.275179807664045,-0.6954239676987901,0.2694926658972022,-0.21211000061205573,,,2.4189737441349624,0.19104102614534751,1.0,0.37777777777777777,45.0
16,-1,570.0,True,True,70.37593984962406,186.11725857808239,150.24258812486667,,,,2.036609058294377,0.3240499239773611,49.0,0.3673469387755102,74.45009179311772,150.1032921946634,70.51310395750107,-0.6464966664468029,0.20665946203257116,-0.20111034655797322,,,2.036609058294377,0.3019303769153271,1.0,0.4528301886792453,53.0
16,-1,630.0,True,True,60.401606425702816,169.62912237128495,145.40487655164802,,,,2.1327133919053423,0.19880084894595956,52.0,0.4807692307692308,63.175268043582854,161.75888166316992,94.02549440803116,-0.5529894500411207,0.137000274469801,-0.13451033013565106,0.08067989660064631,-0.8089407179031,2.1327133919053423,0.16987363579910547,0.9636363636363636,0.5272727272727272,55.0
16,-1,660.0,True,True,58.27779610689541,159.8280685961371,145.82691898865633,0.16379033701383722,0.9044794955467977,0.984552137859789,2.2063734262093027,0.33142547541407325,50.0,0.64,62.09263059112093,174.55746400430962,95.12184201201273,-0.5507008693995871,0.13872401957934952,-0.14992057514147483,,,2.2063734262093027,0.28816377747269006,0.9649122807017544,0.3508771929824561,57.0
16,-1,690.0,True,True,62.53638253638253,172.48100842813318,135.56682380021218,,,,2.172989280400987,0.22920113901481645,52.0,0.4807692307692308,67.65129875453164,186.67207603730273,87.2948878936916,-0.5795086124010081,0.15236284608186867,-0.17006502376328025,,,2.172989280400987,0.1783481497837174,0.9655172413793104,0.3448275862068966,58.0
16,-1,720.0,True,True,69.58389261744966,176.57004163624185,119.1156777874661,,,,2.1035722605555764,0.2745160567887362,59.0,0.4406779661016949,71.19139686238078,157.9632554244054,70.24288133304535,-0.5967539690639079,0.15256976085347934,-0.15490504327920684,,,2.1035722605555764,0.23942131315062834,0.9830508474576272,0.4576271186440678,59.0
16,-1,750.0,True,True,70.08775008775008,174.74312977999253,121.98512652676145,0.21775821410234136,0.8531565917909816,1.2310890746390273,1.9199476862424727,0.3393022944491575,57.0,0.543859649122807,72.77273059967648,152.9179281200843,68.861891573197,-0.6694725789825535,0.20168130790119293,-0.18412825895003063,,,1.9199476862424727,0.31719018312352915,1.0,0.48333333333333334,60.0
16,-1,780.0,True,True,64.81012658227847,131.38490853482804,122.03515118604147,,,,1.9843519279688653,0.7249521390824839,48.0,0.4583333333333333,67.31161108839763,129.4453579389593,51.95876412439494,-0.6947979819909994,0.23721336866554651,-0.20284361175099025,,,1.9843519279688653,0.5084553168103745,1.0,0.4727272727272727,55.0
16,-1,810.0,True,True,62.374010828821326,119.03936307103473,106.88472822941765,,,,1.943354666357264,0.7567343075922791,47.0,0.14893617021276595,65.52830892965133,149.11014924189544,52.643166606355535,-0.629252319752834,0.20514027883356348,-0.22892583043460613,,,1.943354666357264,0.6091942306870917,1.0,0.4528301886792453,53.0
16,-1,840.0,True,True,65.78899909828675,174.72759674320412,151.58666044543628,,,,1.851596059085845,0.35189205319592165,48.0,0.20833333333333334,68.12672670488101,156.05319329444086,72.57391093683073,-0.6755039295526697,0.19570829097103404,-0.21924000134726135,0.11392605035639224,-0.7200819856533484,1.851596059085845,0.3486849887297952,0.9622641509433962,0.5471698113207547,53.0
16,-1,870.0,True,True,67.10353866317169,193.65846098018736,182.11143972925797,,,,2.004378252660826,0.3604807047510237,52.0,0.28846153846153844,68.62520248959387,130.48238529484652,81.1682356939074,-0.6768712260773571,0.16828680591956402,-0.21924000134726135,0.1417354832793985,-0.6806451250429464,2.004378252660826,0.40569957823876146,0.9642857142857143,0.6785714285714286,56.0
16,-1,900.0,True,True,64.11873840445269,189.71297702620785,140.43886490849218,,,,1.9240507411849648,0.3775658362851456,54.0,0.3333333333333333,65.07817587189538,115.96072051390712,71.16516094980105,-0.5906288941271041,0.14847652311934767,-0.20989809314934607,0.17333118011168724,-0.7889351556944209,1.9240507411849648,0.4252483658944622,0.9818181818181818,0.6545454545454545,55.0
16,-1,930.0,True,True,64.16273156556484,207.8109960081423,156.00566834153014,,,,2.024502697778397,0.40557731807264175,54.0,0.35185185185185186,63.707056542527035,147.2275165992118,90.48900228608015,-0.6011890019296701,0.14847652311934767,-0.22616337920576968,0.11418661334666703,-0.7124109576107781,2.024502697778397,0.3542051523541577,0.96,0.56,50.0
16,-1,960.0,True,False,67.21626199887069,190.2892336405718,178.86880001567522,,,,2.3678552360733764,0.31100573944760757,45.0,0.3111111111111111,,,,,,,,,,,,,
16,-1,1050.0,True,True,62.80015955325089,145.68001976694944,150.45402478570904,,,,1.8884323611026934,0.1951191759570634,47.0,0.2765957446808511,63.74988492721458,126.94955576878964,73.46973818113143,-0.6212148964572718,0.20934607174507627,-0.202970275712045,,,1.8884323611026934,0.1951191759570634,1.0,0.39215686274509803,51.0
16,-1,1080.0,True,True,63.180987202925046,154.132666657064,143.20549046737,,,,1.7198539289318644,0.26226661787870686,57.0,0.2982456140350877,63.20134276832486,65.31166070143918,57.71184715947534,-0.6233391215162507,0.23756339209687505,-0.19271969331134522,,,1.7198539289318644,0.26226661787870686,1.0,0.4745762711864407,59.0
16,-1,1110.0,True,True,65.06128334534966,185.378892400638,160.99156428260858,,,,2.18488470026561,0.5217674611719709,54.0,0.4444444444444444,63.849384799941014,97.59906452059253,61.426356449692065,-0.6451860707236658,0.24583973896119848,-0.21238448315669242,,,2.18488470026561,0.4519175204065483,1.0,0.46296296296296297,54.0
16,-1,1140.0,True,True,65.33081285444234,218.05089533489468,175.85357308473053,,,,2.3312393449527615,0.5526981645467971,48.0,0.4166666666666667,70.5608473946793,217.08330131417443,61.457923488810565,-0.6568095793553814,0.2070856362556713,-0.2243074353612784,,,2.3312393449527615,0.42298519202603374,0.9565217391304348,0.45652173913043476,46.0
16,-1,1170.0,True,True,68.57142857142857,226.69715825854544,199.59303874166162,,,,2.0648402952749185,0.3322564911191424,51.0,0.3333333333333333,73.7841555605557,210.57794161521687,78.46856680299214,-0.5879917071959825,0.12278193195795986,-0.22865144877741078,0.13662181638069248,-0.5098711726988059,2.0648402952749185,0.27263046575563593,0.9591836734693877,0.6326530612244898,49.0
16,-1,1200.0,True,True,67.54491017964072,227.12936775428582,154.7077908769811,,,,1.8655710705677255,0.37497531051113436,55.0,0.4,69.90150614948743,160.5938031536172,57.373070120729835,-0.5733107854017443,0.17162771242956967,-0.21845004310986813,0.1299151532287697,-0.7224336686803934,1.8655710705677255,0.3698634567449323,0.9818181818181818,0.5454545454545454,55.0
16,-1,1230.0,True,True,65.53729456384323,175.50882371090162,112.24873813079824,,,,1.7472230645015792,0.323908585132152,57.0,0.21052631578947367,65.69839794747809,136.79503052545738,62.93130716174345,-0.531157925670567,0.17030904626729831,-0.21428198198492995,0.06397408505863941,-0.6518889676810747,1.7472230645015792,0.323908585132152,0.9827586206896551,0.5689655172413793,58.0
16,-1,1260.0,True,True,67.04309063893017,185.4708512063329,120.58163440406484,,,,2.1368801478341686,0.2681900581122211,52.0,0.11538461538461539,67.1154434931314,162.4957228465158,73.06785396296542,-0.5552859030304897,0.14447863230922658,-0.20063791487328697,0.09704522942932865,-0.6559523605279273,2.1368801478341686,0.2681900581122211,1.0,0.5964912280701754,57.0
16,-1,1290.0,True,True,79.63444639718804,108.13909944456749,85.69129943043764,,,,1.8880365087814392,0.1991400084854071,63.0,0.4126984126984127,81.6476064583261,97.85145829066721,37.64841736714243,-0.760612927424281,0.22648504774119194,-0.22000902782481752,0.09448839201990945,-0.868048019607495,1.8880365087814392,0.22227105323982194,1.0,0.5362318840579711,69.0
16,-1,1320.0,True,True,83.0142063001853,54.36699002186222,53.53349733146959,0.221291275183883,0.8398651240764433,1.1798145904307618,1.3083769082324583,0.26539014663106175,74.0,0.5,83.79576083069747,58.80000580191348,38.84772761485425,-0.7257637555207102,0.2528592871694585,-0.17334907725675316,0.05110927151168857,-0.9207368430154592,1.3083769082324583,0.26539014663106175,1.0,0.5263157894736842,76.0
16,-1,1350.0,True,True,82.33641404805915,101.88138517376909,86.42169947591938,,,,1.621820758853913,0.22598131742851774,66.0,0.45454545454545453,83.516435666649,62.59011095559432,46.01149775859697,-0.713946268475955,0.22242089157313058,-0.13825879236382743,0.029771997906329232,-0.8372593152276516,1.621820758853913,0.21045139923913708,1.0,0.5285714285714286,70.0
16,-1,1380.0,True,True,74.43037974683544,129.90531279680553,115.71997788303452,,,,1.8308036468355957,0.2528471448721651,59.0,0.3389830508474576,76.64434338518515,104.94602668257882,73.94541595896051,-0.6439850005837211,0.16584320996054416,-0.12001597010277129,,,1.8308036468355957,0.23887236538889842,0.984375,0.484375,64.0
16,-1,1410.0,True,True,68.13834586466166,141.95855691694103,138.2540286295183,,,,1.620964763949015,0.2355956241938873,63.0,0.36507936507936506,69.35356827487016,108.53597934874372,78.42373495027478,-0.5924656666953974,0.1463486628373722,-0.17358490915825658,,,1.620964763949015,0.2355956241938873,0.9692307692307692,0.38461538461538464,65.0
16,-1,1440.0,True,True,63.68887617958249,165.3855803432036,168.43904098015932,,,,1.6852723651223656,0.20719417493025388,61.0,0.4426229508196721,64.19338452035572,110.69725034615827,79.58482094810584,-0.5585196717174021,0.15689297462831422,-0.19128728932549954,,,1.6852723651223656,0.21835102147031893,1.0,0.4166666666666667,60.0
16,-1,1470.0,True,True,65.55801454315522,174.43161391640515,168.14529643081175,,,,1.7733852718116163,0.1990656550784645,58.0,0.43103448275862066,65.06597149563584,123.23324361615178,66.81389235999337,-0.5442556241269196,0.17501481467558053,-0.20047840943342007,,,1.7733852718116163,0.21374485888978384,1.0,0.49122807017543857,57.0
16,-1,1500.0,True,True,67.84452296819788,164.99267835888062,164.02529340013388,,,,1.747662175188413,0.17241863857667764,59.0,0.423728813559322,69.0354925254749,113.26302033835282,47.75787885791219,-0.5745799737101295,0.19435008429726705,-0.19331765400368878,0.057567653469314514,-0.7259024909232066,1.747662175188413,0.18729948065756485,1.0,0.6,60.0
16,-1,1530.0,True,True,69.23076923076923,145.28435309987694,137.32155540483927,0.17640634889875814,0.8976669360730163,1.1542177638876168,1.987631643280538,0.12505572520873673,64.0,0.546875,71.05529573422253,102.76645718424705,74.61160619293301,-0.6204588466955228,0.19263689153454006,-0.18174772775844683,0.06901021861230659,-0.810527713724183,1.987631643280538,0.10248962676560652,1.0,0.5151515151515151,66.0
16,-1,1560.0,True,True,73.03157093952073,174.02384683307523,122.7278298744602,,,,2.043679755363893,0.28475460465705416,60.0,0.4666666666666667,77.32961037068715,156.43113632483121,78.22635352593987,-0.6844616516523719,0.20666150464165492,-0.22919227907133158,,,2.043679755363893,0.25251265218863433,1.0,0.2982456140350877,57.0
16,-1,1590.0,False,True,,,,,,,,,,,92.93473323522586,130.31055343638786,67.77858575045704,-0.7831687946333146,0.18507759308737637,-0.34164667409655436,,,2.1528389326585344,0.15981342806998544,0.9821428571428571,0.3392857142857143,56.0
16,-1,1620.0,True,True,83.14354450681635,153.21800042256794,141.38885678698097,,,,2.107107604312663,0.15944179009906437,43.0,0.16279069767441862,93.85871732619239,109.2589428711032,50.679193541575174,-0.7093247718395324,0.1950391504241408,-0.2731624869068922,,,2.107107604312663,0.1300448983540617,0.9807692307692307,0.38461538461538464,52.0
16,-1,1650.0,True,True,95.38178472861085,109.25410493992923,71.08945728798328,,,,1.9300529926937375,0.1117087107239156,40.0,0.3,101.65946366158654,83.64493891581662,36.901730615529864,-0.7186248301629719,0.22940981787907438,-0.24019773650180215,,,1.9300529926937375,0.10340333439831777,0.9855072463768116,0.21739130434782608,69.0
16,-1,1680.0,False,True,,,,,,,,,,,106.67123928030608,112.36147292145561,18.01840948120842,-0.7684741212194385,0.25018531778039504,-0.25781136762677714,,,1.9011905313429565,0.11507894417407381,0.9655172413793104,0.08620689655172414,58.0
16,-1,1710.0,False,True,,,,,,,,,,,114.50789521624083,82.00341125720747,18.022513210642497,-0.8279502467996311,0.1964218177261238,,,,2.233883190068239,0.05234115271538751,0.9523809523809523,0.047619047619047616,63.0
16,-1,1740.0,True,True,109.36221419975932,41.80542058623923,51.34898976610933,,,,1.8482560601811133,0.13990885239157766,81.0,0.037037037037037035,111.5952253307928,36.73187304911423,19.86201730392947,-0.7616361407052715,0.18556891417672025,-0.12510251129770975,,,1.8482560601811133,0.12479977793668276,0.9888888888888889,0.03333333333333333,90.0
16,-1,1770.0,True,True,111.7882797731569,27.854860574897128,23.47467290202662,,,,1.7290761913384558,0.19805512897064237,84.0,0.011904761904761904,111.72527891840537,26.106021344389642,19.101704737610387,-0.7650717474539759,0.18761466060461526,-0.10366571679287621,,,1.7290761913384558,0.19805512897064237,0.989010989010989,0.04395604395604396,91.0
16,-1,1800.0,True,True,114.26341463414634,30.76163828026382,27.818693660578887,,,,1.9135976598677016,0.20166852488360115,71.0,0.07042253521126761,113.19510547382717,70.5385251392746,18.28113731174855,-0.7753510817014413,0.16488186779847858,,,,1.9135976598677016,0.23572380888068514,0.9882352941176471,0.08235294117647059,85.0
16,-1,1830.0,True,True,111.51984511132625,57.54661794015852,59.75413492491545,,,,2.452831052209384,0.15932943218073453,46.0,0.10869565217391304,108.82911813991143,111.30915960824628,15.769807655190892,-0.7240893172165614,0.1422071347225966,-0.10665380181949867,,,2.452831052209384,0.12941951991914497,1.0,0.14864864864864866,74.0
16,-1,1860.0,False,True,,,,,,,,,,,104.31112882584381,116.54364797361056,25.489780988067466,-0.7660810501252333,0.1806855624689819,-0.17214644913610636,,,2.731448552827582,0.2408499262888764,1.0,0.234375,64.0
16,-1,1890.0,False,True,,,,,,,,,,,114.9879467475701,68.4888891446473,22.807232856640525,-0.8108033821568865,0.16047157801901915,-0.20552894226112772,,,2.7041994432014875,0.19456015873047713,1.0,0.18571428571428572,70.0
16,-1,1920.0,True,True,116.88838782412627,49.16362215331188,28.02670019665254,,,,2.3969214354887862,0.16831674902268703,37.0,0.10810810810810811,121.27527052552453,73.50495276275004,14.037174112855201,-0.8204654510001933,0.2037910923102101,,,,2.3969214354887862,0.13045503168138758,1.0,0.14705882352941177,68.0
16,-1,1950.0,True,True,131.39664804469274,139.03416239401844,52.643385277862905,,,,1.5242123105157979,0.16653449888791266,65.0,0.09230769230769231,140.91820149548164,42.587809141212205,25.077866442475134,-0.9117855274760656,0.39787535824994563,,,,1.5242123105157979,0.13098607297572565,1.0,0.043478260869565216,92.0
16,-1,1980.0,True,True,134.02597402597402,96.55031696240233,42.4967263042148,,,,1.1982604910801364,0.20310237029231215,100.0,0.23,141.3662218860605,24.5523006061504,23.645755416890733,-0.8912183156855706,0.40131696084241164,,,,1.1982604910801364,0.1831173893084568,1.0,0.009259259259259259,108.0
16,-1,2010.0,True,True,134.94451294697905,24.71767472408487,35.73026753649022,,,,1.2316542273936075,0.12418257800022972,75.0,0.3333333333333333,135.00329944719735,21.290884056194784,24.205005848662918,-0.9083871303780855,0.3814850574391404,,,,1.2316542273936075,0.12418257800022972,1.0,0.0449438202247191,89.0
16,-1,2040.0,False,True,,,,,,,,,,,124.51017485862107,114.70746190040875,37.310547008088456,-0.9159291908831617,0.33868775277888774,,,,1.8765965611150761,0.10940201498794183,0.9857142857142858,0.08571428571428572,70.0
16,-1,2070.0,False,True,,,,,,,,,,,125.61159004645597,41.11176648574184,47.04043560666947,-0.8746345050148303,0.24530764279572165,,,,1.904266844021951,0.09726832307935683,0.972972972972973,0.08108108108108109,74.0
16,-1,2100.0,False,True,,,,,,,,,,,122.74829235459072,84.35264848686842,59.90682929672612,-0.9324784989423056,0.21579092450684031,,,,1.7692840783693455,0.10856239526892064,0.9714285714285714,0.11428571428571428,70.0
16,-1,2130.0,False,True,,,,,,,,,,,123.89470405046288,82.33480344539353,25.37660267455258,-0.8672627691849529,0.2897271548687934,,,,1.6914930190323483,0.11514248617513259,0.984375,0.109375,64.0
16,-1,2160.0,True,True,115.38028169014085,86.95036903870657,58.798007076436825,,,,1.021245437919122,0.18073279928594507,77.0,0.23376623376623376,118.87872783251782,40.37280073536816,46.77309081988876,-0.8577694881659625,0.2886133413681478,,,,1.021245437919122,0.18994011500260496,0.9887640449438202,0.1348314606741573,89.0
16,-1,2190.0,False,True,,,,,,,,,,,116.25629620257563,33.771219529398586,45.48231409829925,-0.8573163973730638,0.25488008003790374,-0.21692216280695503,,,1.9881904164787285,0.10814560670957316,0.9878048780487805,0.15853658536585366,82.0
16,-1,2220.0,False,True,,,,,,,,,,,111.33767794423656,84.31506787551828,52.257967016170596,-0.8702171262055233,0.21903493337991925,-0.3353979876687639,,,2.042197679917225,0.08272787423397968,0.9523809523809523,0.19047619047619047,63.0
16,-1,2250.0,False,True,,,,,,,,,,,113.4141284675889,65.69397765985168,34.23874702008632,-0.8364793740390741,0.21619107449157776,-0.35275611964132203,,,1.777153629938368,0.04920698632406948,0.9666666666666667,0.2,60.0
16,-1,2280.0,False,True,,,,,,,,,,,114.19994992963944,62.93925554346466,35.433576065572986,-0.8853303849937814,0.2647020499256675,-0.34299737894152604,,,2.0868208779386874,0.049575690038974496,1.0,0.15789473684210525,57.0
16,-1,2310.0,False,True,,,,,,,,,,,132.7987464610074,56.294509460898084,43.40363315025365,-0.8742896498847317,0.23678598654613156,,,,2.010525964288363,0.059901835151929976,1.0,0.1111111111111111,72.0
16,-1,2340.0,True,True,141.2630288166769,76.57312851396804,27.775607554111215,,,,1.073328064922179,0.0744685149925737,70.0,0.08571428571428572,145.63071100911557,39.98829469155058,31.739880684753945,-0.8945214340229134,0.2754611094685297,,,,1.073328064922179,0.062031233852183364,1.0,0.025,120.0
16,-1,2370.0,True,True,149.22662562524047,19.249985936088475,26.961742688858685,,,,0.44447822765694184,0.14772053844415994,117.0,0.1452991452991453,149.19851860017758,15.83754055619038,18.85549307288622,-0.9177569626327013,0.3637122887784695,,,,0.44447822765694184,0.14772053844415994,1.0,0.022388059701492536,134.0
16,-1,2400.0,True,True,142.32871583676527,25.152971683550682,27.56543861248858,,,,1.1896391759142388,0.16267796159195874,113.0,0.2831858407079646,140.4788196810324,57.28212352977086,19.57072589748256,-0.8693206209065188,0.42536465898466724,,,,1.1896391759142388,0.1770639087699567,1.0,0.06153846153846154,130.0
16,-1,2430.0,True,True,137.14285714285714,24.285902788601987,27.0157726834568,,,,1.1690948354167086,0.1557438829176967,111.0,0.36936936936936937,135.54926660929607,55.67114606561011,19.84718781307736,-0.8506637534856015,0.42802613710642556,,,,1.1690948354167086,0.1557438829176967,1.0,0.05511811023622047,127.0
16,-1,2460.0,True,True,131.21257937707892,29.896592375699434,27.35678511062265,,,,0.23526987806490715,0.26582229627844184,120.0,0.4,131.2805911259135,28.694003116458745,19.52296303769117,-0.8631216645189788,0.34909894642750944,,,,0.23526987806490715,0.26582229627844184,1.0,0.07258064516129033,124.0
16,-1,2490.0,True,True,128.4927450399763,27.522709366174883,31.394342569488067,,,,0.1830972585887025,0.25090903992773117,118.0,0.3135593220338983,128.3741776476538,23.754286026797836,21.367137115146228,-0.8585679244720665,0.3323143913620613,,,,0.1830972585887025,0.25090903992773117,1.0,0.08064516129032258,124.0
16,-1,2520.0,True,True,126.67295004712535,26.653750019648083,32.26971494375214,,,,0.0747000965627558,0.29427802576714707,113.0,0.2920353982300885,126.90262884378885,22.734311746552937,20.372846399997712,-0.8728224964166603,0.31728396419526395,,,,0.0747000965627558,0.29427802576714707,1.0,0.07563025210084033,119.0
16,-1,2550.0,True,True,120.27169811320755,98.93509098299599,31.622353562994228,,,,0.6080052201583113,0.18907369755334608,95.0,0.3894736842105263,123.86757265972507,22.036459081056528,20.786139657680508,-0.9064355974815153,0.3052828378550081,,,,0.6080052201583113,0.21111302605089777,0.9907407407407407,0.09259259259259259,108.0
16,-1,2580.0,True,True,119.64946445959104,32.57265814829619,34.122763381198055,,,,1.5606456674472813,0.09840767769019876,48.0,0.3958333333333333,121.61540307339249,27.03667833590343,21.873183982898432,-0.8518140466956547,0.29036919951879653,,,,1.5606456674472813,0.08252003886956291,0.9801980198019802,0.07920792079207921,101.0
16,-1,2610.0,True,True,118.62068965517241,28.531954883498187,31.57384284630766,,,,1.5895006323858683,0.10525628898107017,56.0,0.30357142857142855,118.92963945523005,26.37239402535512,19.665844019503115,-0.8216568622588114,0.24607538818659225,-0.2031533523602522,,,1.5895006323858683,0.10525628898107017,0.989247311827957,0.07526881720430108,93.0
16,-1,2640.0,False,True,,,,,,,,,,,112.61633584781816,78.09765647625228,66.83421929145968,-0.8735809676842826,0.23625954787884174,-0.2877506483870394,,,2.0500478767470036,0.15067608297437224,0.9821428571428571,0.16071428571428573,56.0
16,-1,2670.0,True,True,94.33526011560694,144.82518543405058,67.65823467065927,,,,2.1958470080111585,0.21158048516275393,47.0,0.1276595744680851,103.52967666392631,88.5401589910235,83.84003661942653,-0.711941863304332,0.16302067428698103,-0.26630509017909804,,,2.1958470080111585,0.19441487351815787,0.9696969696969697,0.19696969696969696,66.0
16,-1,2700.0,True,True,94.77302776553547,123.1752850502067,74.93486755176123,,,,2.0427665958390913,0.12878488448182018,66.0,0.06060606060606061,100.4159994139297,73.14235732155316,63.4012929760091,-0.6772245880533746,0.14487108768560011,-0.21091851088965277,,,2.0427665958390913,0.11189719458737171,0.9733333333333334,0.22666666666666666,75.0
16,-1,2730.0,True,True,85.6692913385827,169.35875870128876,138.08048463883387,,,,2.177350994267916,0.20352524002359806,50.0,0.1,94.56637768047625,52.040620216648996,55.2003106753016,-0.6686602200370405,0.14000145338132242,-0.23778346149772422,,,2.177350994267916,0.1801348997749722,0.953125,0.296875,64.0
16,-1,2760.0,True,True,89.24770642201834,139.871613754795,179.30109144131123,,,,1.8017724761935079,0.2809892025232451,56.0,0.125,94.8663843695032,63.46283500512649,88.4768021276993,-0.6268663241738041,0.1122809987976902,-0.24443150939356434,,,1.8017724761935079,0.19905138038292142,0.9523809523809523,0.38095238095238093,63.0
16,-1,2790.0,True,True,88.02973977695167,126.58239680661093,143.87873538084656,,,,1.908045024317592,0.11149825102309312,50.0,0.1,93.24020569307461,70.11578893431353,90.11736758422057,-0.5963538690873882,0.09447820498097531,-0.14730550810783385,,,1.908045024317592,0.1041523845567384,0.9795918367346939,0.4489795918367347,49.0
16,-1,2820.0,False,True,,,,,,,,,,,89.56892737665156,87.71232278064538,112.16117621230839,-0.7208494258081407,0.14959150050130013,-0.16318897313210856,,,2.410462702490066,0.11764068638213494,0.9736842105263158,0.42105263157894735,38.0
16,-1,2850.0,True,True,87.04446381865736,92.65360968993414,101.39252080137135,,,,2.2728104423249134,0.1778432965645928,58.0,0.2413793103448276,85.22079448249407,33.586115157387034,26.41970475847839,-0.6073193863437699,0.14580067545487524,-0.151510726870627,0.01543101452280141,-0.605279684765165,2.2728104423249134,0.15788482418772953,0.9821428571428571,0.5714285714285714,56.0
16,-1,2880.0,True,True,84.77922077922078,109.52196009315695,108.03292463354887,,,,2.4269936775218928,0.137841173487581,60.0,0.3,85.58718201207881,57.05667537222731,25.038823864951798,-0.6089366614479277,0.1343219948829625,-0.15816016579268233,0.026937320695220576,-0.605279684765165,2.4269936775218928,0.137841173487581,0.984375,0.59375,64.0
16,-1,2910.0,True,True,85.01845018450186,156.8996909520007,134.0576841274349,,,,2.5127228376350184,0.12961184304141174,44.0,0.2727272727272727,94.06729116126851,66.95580566373272,39.89384734539849,-0.644245468094074,0.11869826629774181,-0.20242005007353137,,,2.5127228376350184,0.12040817176580404,0.9833333333333333,0.4,60.0
16,-1,2940.0,True,True,90.56603773584906,86.23451437559439,113.4039966324198,,,,1.4988936366254546,0.15892392429609498,79.0,0.24050632911392406,92.05308614818438,57.757653640949975,33.153299008092034,-0.61784239970565,0.1465530202750906,-0.21004910810562682,,,1.4988936366254546,0.17441281373478343,1.0,0.38095238095238093,84.0
16,-1,2970.0,True,True,91.36977491961416,87.62729904040111,99.02684032203929,,,,1.3399781647667763,0.2616802337484871,81.0,0.37037037037037035,91.91393823023363,64.94440128509463,36.63979381267124,-0.620488185003096,0.17636369812358044,-0.2320908989235323,,,1.3399781647667763,0.2616802337484871,0.9880952380952381,0.38095238095238093,84.0
16,-1,3000.0,True,True,94.68493150684931,90.98944917467689,95.64065775948357,,,,1.9630416974134846,0.14531834509802505,45.0,0.4444444444444444,92.33885822177488,137.09317535869926,42.92415395676794,-0.6229159472982726,0.15154223373224998,-0.23772504779793424,,,1.9630416974134846,0.1585865287250151,0.9827586206896551,0.43103448275862066,58.0
16,-1,3060.0,False,True,,,,,,,,,,,85.17889433043686,87.93924871947611,45.69452884495371,-0.5537503920935097,0.12181595120509009,-0.16283885878663634,,,2.4613981100019875,0.4197725502250737,0.9607843137254902,0.43137254901960786,51.0
16,-1,3090.0,True,True,83.3084745762712,157.57299650701768,99.14289615850272,,,,2.125952748765747,0.30692641890065864,45.0,0.3111111111111111,86.92677307853171,120.68971685631121,47.373038477391354,-0.5909361829697652,0.07434863444850191,-0.1825688256284481,0.03942805127450803,-0.6324293856029071,2.125952748765747,0.3109581351355238,1.0,0.5,54.0
16,-1,3210.0,True,True,81.16248348745046,162.3039634448253,127.89613706050703,,,,2.2120551813525573,0.30347703115866786,46.0,0.1956521739130435,76.18139998600766,102.57738831920679,57.24781799939652,-0.5579841659133156,0.10429422455698423,-0.31547688745101093,0.08531646795694922,-0.6193815812945629,2.2120551813525573,0.3587042313094268,0.9318181818181818,0.6363636363636364,44.0
16,-1,3240.0,True,True,75.88932806324111,129.29413920135045,128.63031885434876,,,,1.9983343874198107,0.1328003891857777,55.0,0.18181818181818182,74.74097842931842,79.58712602185615,50.3290828436494,-0.5053270161083854,0.06114149869566727,-0.2319318897748503,0.08498212147750725,-0.3813771262305531,1.9983343874198107,0.15369085970060142,0.9629629629629629,0.6296296296296297,54.0
16,-1,3270.0,True,True,74.99138426191844,119.04490219835633,103.29496375446887,,,,1.7583512978430893,0.2683375526443949,48.0,0.10416666666666667,75.28434538913825,89.43834264894501,49.92311898076831,-0.47726156429364763,0.043977458623262536,-0.23839498330850323,0.045698627681426,-0.2415799632698558,1.7583512978430893,0.2683375526443949,0.9607843137254902,0.5686274509803921,51.0
16,-1,3330.0,True,True,74.78260869565217,156.3944169255644,169.09686573085855,,,,1.6409995072581396,0.145000229364202,54.0,0.1111111111111111,76.13655686153147,131.95355378648702,54.40279574145916,-0.5186043952190209,0.046771787153989525,-0.27017401624051507,0.09801733473618801,-0.27359232096204683,1.6409995072581396,0.12627854743864703,1.0,0.7058823529411765,51.0
16,-1,3360.0,True,True,75.14376996805112,139.47172122883552,164.52199126120686,,,,1.693731254740491,0.10537235726714507,59.0,0.13559322033898305,75.79831049121,119.22571449659827,42.252644659123995,-0.5069451939793493,0.06205818651539468,-0.26402120780299215,0.08748600203049528,-0.31116329981209295,1.693731254740491,0.10537235726714507,1.0,0.7037037037037037,54.0
16,-1,3390.0,True,True,79.55114372032801,124.69792220235534,159.26576824885328,,,,1.724600007450464,0.1752903427993517,60.0,0.23333333333333334,78.960736204634,105.68045595721048,50.44977170966712,-0.5288041489884749,0.13506358196963064,-0.2634532512650336,0.07906335053937127,-0.4231399516105471,1.724600007450464,0.20124672821789819,1.0,0.6379310344827587,58.0
16,-1,3420.0,True,True,80.65753424657534,130.49877028498668,168.41070387172968,,,,1.7452855317489175,0.19612638938019689,57.0,0.22807017543859648,81.38215280146592,72.48714331702027,49.959293065725774,-0.5000670997209631,0.13132083318700824,-0.20990121063439865,0.057671305396726366,-0.44450318192521443,1.7452855317489175,0.2225274238398143,0.9818181818181818,0.6363636363636364,55.0
16,-1,3450.0,True,True,77.88748564867969,155.63535675868607,167.30329565339258,,,,1.6818793687238298,0.16921545639608443,60.0,0.23333333333333334,79.17042301008891,81.47102732537195,56.58968313870134,-0.4883850433475355,0.07030124018483239,-0.19006999818098197,0.07780342173809637,-0.45246868090948966,1.6818793687238298,0.1540347293873592,0.9655172413793104,0.6551724137931034,58.0
16,-1,3480.0,True,True,83.5350101971448,137.99538596271617,125.234877709476,,,,1.4588390641516977,0.13237460475292037,70.0,0.34285714285714286,86.11425403575531,89.5260677329106,48.67587552916488,-0.5329790664275457,0.09234331706068512,-0.25418656683603286,0.13484523522248112,-0.3527030071273972,1.4588390641516977,0.11218730129729122,0.9861111111111112,0.5138888888888888,72.0
16,-1,3510.0,True,True,82.94050776809398,123.56052132417895,109.89617470788295,,,,1.7840987739600425,0.1588393434392344,65.0,0.2153846153846154,85.33868033787468,82.39390493518184,27.953401951993953,-0.5294341118453346,0.12301903568535741,-0.23733899279092238,,,1.7840987739600425,0.13638385924169769,1.0,0.4927536231884058,69.0
16,-1,3540.0,True,True,71.08185931715343,154.84054960431934,156.6519451295731,,,,1.8215883103397477,0.13958988088197377,54.0,0.1111111111111111,74.80314160976131,120.65996856420057,65.53059950146108,-0.503696537508977,0.07208616311783118,-0.17784128674116664,0.03377097790830588,-0.4951190739152418,1.8215883103397477,0.14791782151441546,0.9824561403508771,0.6666666666666666,57.0
16,-1,3570.0,True,True,66.63774403470715,171.80897260302515,155.98936595699936,,,,2.310416758240583,0.29601735487,46.0,0.15217391304347827,69.90713238740543,114.76758237711704,73.70108258017441,-0.5190025680989714,0.07841911880936646,-0.14685435215810072,0.04972429624639632,-0.5174856553434266,2.310416758240583,0.28812568544442313,0.9583333333333334,0.7083333333333334,48.0
16,-1,3600.0,True,True,71.55279503105591,175.87792784879508,157.0293065800139,,,,2.3607109482976445,0.3037729808422392,47.0,0.14893617021276595,76.45166226684098,168.56671575956628,86.66123240573951,-0.582176575412685,0.09854014790329543,-0.19384612159738912,,,2.3607109482976445,0.2585678154184705,0.9272727272727272,0.43636363636363634,55.0
16,-1,3630.0,True,True,80.70052539404554,181.9251204258617,167.55945773068137,,,,2.110971088038379,0.30968075152266633,49.0,0.14285714285714285,86.84003133484927,160.8095623096422,99.44439278107548,-0.6024829604313067,0.128711989480931,-0.26138700274989585,,,2.110971088038379,0.3222026609660322,0.95,0.43333333333333335,60.0
16,-1,3660.0,True,True,84.4182305630027,141.92635493398527,154.9424456317033,,,,1.9267116063409733,0.21955593256970987,51.0,0.21568627450980393,91.74244010160447,106.28467563420865,72.66829748616381,-0.6042175078210442,0.17492940476442256,-0.26592044641847146,,,1.9267116063409733,0.23901805533543932,0.9803921568627451,0.45098039215686275,51.0
16,-1,3690.0,True,True,82.37623762376238,136.71210054396533,135.95056102353396,,,,1.5116235932816273,0.46106063721187057,59.0,0.3389830508474576,85.32729826084405,124.39892051395208,65.34305856351119,-0.6146895632359187,0.19869512956204563,-0.26241430551585043,0.0638187363932877,-0.5386326154419158,1.5116235932816273,0.3670841535915172,0.9836065573770492,0.5081967213114754,61.0
16,-1,3720.0,True,True,77.41935483870968,149.93046587487692,138.0296403087887,,,,1.409414906358521,0.1618995957895767,63.0,0.2857142857142857,78.95883124981059,125.70550579458181,59.95017046192596,-0.5756861419318352,0.16621823247619055,-0.25078654603072736,0.055369894064453855,-0.5563794189097435,1.409414906358521,0.15133116638693508,0.9672131147540983,0.6065573770491803,61.0
16,-1,3750.0,True,True,74.50381679389312,138.04266053307282,123.64760748701994,,,,1.4527013212120197,0.1312842260752891,64.0,0.28125,75.97565429808806,113.967009592905,75.27324312788241,-0.5550073959880386,0.12532053526756404,-0.17321197831565277,0.059571986232137164,-0.47288353648110276,1.4527013212120197,0.115747826167025,0.96875,0.703125,64.0
16,-1,3780.0,True,True,78.02612481857764,134.59265889448338,113.25806185795196,,,,1.075072768447234,0.22079521576717054,72.0,0.4027777777777778,78.97481468447576,101.47673081178688,65.88521320508089,-0.5830446374598564,0.133248242614966,-0.17817649370757352,0.06353508060355205,-0.6634261662182351,1.075072768447234,0.20383601258143416,1.0,0.7323943661971831,71.0
16,-1,3810.0,True,True,78.3673469387755,130.61315275682202,110.12905925684015,0.13209693384552815,0.9459052735615608,0.9629864432921297,1.24220463322043,0.1829597416471422,70.0,0.5,80.77174174890848,85.64168474843262,47.216766766692096,-0.6427285931415737,0.22551340283964144,-0.22668753712382836,0.02994212745980567,-0.7087621307996864,1.24220463322043,0.1655158981361615,0.9861111111111112,0.5833333333333334,72.0
16,-1,3840.0,True,True,74.98349834983497,154.38429639080036,117.19539114845512,0.1332334010296168,0.945710049536775,1.003958494399487,1.03509175236089,0.2256196829454237,72.0,0.5,79.04012191840779,109.39877011804765,57.64679722232343,-0.6266466679458025,0.23093909305193094,-0.26156111455750114,,,1.03509175236089,0.2319291433975314,0.9863013698630136,0.4931506849315068,73.0
16,-1,3870.0,True,True,73.63160952934341,167.14969522796585,132.95351775628927,,,,1.079750041946278,0.2604825350741603,68.0,0.47058823529411764,78.1691145787785,119.3045290378623,65.8120359860761,-0.5790668624608188,0.23403667392703656,-0.2796016530526233,0.061943502669215514,-0.5227750841211115,1.079750041946278,0.23956066570542314,1.0,0.5076923076923077,65.0
16,-1,3900.0,True,True,77.51901696898771,148.02767802321347,130.74395483805327,,,,1.089581414105675,0.26378668659189325,71.0,0.4788732394366197,79.80860812523076,96.86041549963213,49.48604163774519,-0.612931372827982,0.2347824387695786,-0.2303761151515244,,,1.089581414105675,0.21318215084198852,1.0,0.4142857142857143,70.0
16,-1,3930.0,True,True,79.71929824561404,153.11556811997994,118.25127806045495,,,,1.1479674181387747,0.23181566554744681,75.0,0.4533333333333333,80.76088350221487,87.33358994826628,55.46654534192778,-0.6574927627494349,0.25205626159122096,-0.23897880298893093,,,1.1479674181387747,0.23181566554744681,1.0,0.3424657534246575,73.0
16,-1,3960.0,True,True,78.2773471145564,149.12054603068935,112.2642395309344,,,,1.1396441160697337,0.2466763891992607,74.0,0.4594594594594595,79.59208190206267,90.80356208592261,53.15666370352161,-0.6644924180813273,0.30878841928283257,-0.21837775614509305,,,1.1396441160697337,0.22537789667744065,1.0,0.4583333333333333,72.0
16,-1,3990.0,True,True,77.38562091503267,134.08006375787494,132.45298307176543,,,,1.0866099542696699,0.2549280826750163,75.0,0.4533333333333333,77.53256208044968,87.48284485510837,49.913048422704584,-0.6593099821611751,0.2705319895735839,-0.22399341207343457,,,1.0866099542696699,0.2549280826750163,1.0,0.49333333333333335,75.0
16,-1,4020.0,True,True,76.29831246597713,136.58983988401727,148.1912593036998,,,,1.1492472380894092,0.2216347082594766,74.0,0.43243243243243246,76.90599790255563,82.08176013442626,52.832274204698265,-0.6496596309376881,0.2728480320874272,-0.2563792526126152,,,1.1492472380894092,0.23407302894357357,0.9866666666666667,0.37333333333333335,75.0
16,-1,4050.0,True,True,78.83306320907617,127.72589744991406,141.60288019439375,,,,1.099426424936002,0.22723071802813477,77.0,0.4155844155844156,79.30156470325643,80.2953281900582,48.57356488828804,-0.6766932579330949,0.25886307739976333,-0.27670410904644055,,,1.099426424936002,0.22723071802813477,1.0,0.42105263157894735,76.0
16,-1,4080.0,True,True,81.70212765957447,115.9483092445365,115.72751247156893,,,,1.8798966129131214,0.22740276917493385,66.0,0.4696969696969697,81.90393625919421,90.18800750101018,53.554748428853934,-0.6854622452516952,0.23327327295880876,-0.2312462195393509,,,1.8798966129131214,0.22740276917493385,1.0,0.4857142857142857,70.0
16,-1,4110.0,True,True,85.50607287449394,98.14508335298125,74.43742812941444,,,,1.9430606507278665,0.19903835726603689,65.0,0.3230769230769231,88.83743804808398,79.0218932978049,41.586046710844535,-0.6890048139812119,0.19871074765627192,-0.1435384014148027,,,1.9430606507278665,0.20829796087117755,1.0,0.34782608695652173,69.0
16,-1,4140.0,True,True,84.78632478632478,73.90698902117867,63.01380782348497,,,,1.6038876524849444,0.20592059319889833,71.0,0.22535211267605634,86.31575509449132,80.8612533207069,74.33648627098532,-0.6558328966574124,0.18453096805377012,-0.12237614252884182,,,1.6038876524849444,0.22499292382556854,1.0,0.41333333333333333,75.0
16,-1,4170.0,True,True,77.82664941785252,111.83551285316088,140.3353498469529,,,,2.0611313380876384,0.31504669213201386,57.0,0.3508771929824561,79.32245568320145,86.56156999485619,64.7562384308158,-0.6043487504660308,0.16832131617211213,-0.16593897830099183,,,2.0611313380876384,0.28580159214161166,0.9838709677419355,0.46774193548387094,62.0
16,-1,4200.0,True,True,75.06766917293233,152.56225085064585,171.80396259254323,,,,2.5671998054260374,0.2420725917247361,37.0,0.2972972972972973,81.4106298573753,138.21095957705407,41.8871711432793,-0.6709873896028973,0.19133902395361474,-0.20485433689464322,,,2.5671998054260374,0.24794284926304824,0.9607843137254902,0.45098039215686275,51.0
16,-1,4260.0,False,True,,,,,,,,,,,91.42015031656734,102.02108033179846,85.47474910337475,-0.73967145493299,0.18958302974454194,-0.19294679093935563,,,2.314026691317749,0.2076165960213735,0.9607843137254902,0.3333333333333333,51.0
16,-1,4290.0,True,True,78.71156661786237,159.7748643187498,149.10582779712036,,,,1.9708638989488436,0.27208834854876357,51.0,0.3137254901960784,82.17305895009181,120.12464799674737,76.15073543247036,-0.6656105487837572,0.2493015920830669,-0.26487110610492204,,,1.9708638989488436,0.25627397985747913,0.9848484848484849,0.45454545454545453,66.0
16,-1,4320.0,True,True,76.24548736462093,148.24285594667148,168.91169652096596,,,,1.6881282538367535,0.1693263284548381,59.0,0.4915254237288136,76.79104384210827,86.80496640471213,46.08234431356692,-0.6597169039114766,0.280613169297093,-0.28777886875719716,0.06912178466865038,-0.714148381050184,1.6881282538367535,0.18425099671670622,0.953125,0.53125,64.0
16,-1,4350.0,True,True,79.84877126654064,147.62885019369276,163.755076035296,,,,1.6061392897388256,0.171585651336043,60.0,0.45,81.38493963550468,90.63105292980282,51.04369865865823,-0.6704307354282184,0.2989882785839807,-0.2833920762374346,0.0960500626671795,-0.8408842160860401,1.6061392897388256,0.18630076145219326,0.9538461538461539,0.5692307692307692,65.0
16,-1,4380.0,True,True,83.39458737053124,150.36350123785763,173.21623930768106,0.20182757510699978,0.892740051912615,1.1438891735361654,0.8970231980563395,0.5103484463383487,70.0,0.5857142857142857,84.54524224577101,62.799834100839796,48.31036947385277,-0.733248767498865,0.3579037033032327,-0.3000446243898316,0.1998810671604124,-0.9270028795136367,0.8970231980563395,0.4397896874221459,1.0,0.5540540540540541,74.0
16,-1,4410.0,True,True,85.63380281690141,135.690091704745,159.70228491937033,0.23124306542184597,0.8847345262201018,1.1052522578568293,0.4098926776260913,0.2660663698593648,80.0,0.5625,86.33910483114511,58.8979005828105,53.6970527152396,-0.7376403902065922,0.31676566501358566,-0.3070715232886412,,,0.4098926776260913,0.2788480682305151,0.974025974025974,0.37662337662337664,77.0
16,-1,4440.0,True,True,87.18127837932238,113.63195877607875,130.6576367551963,0.2561766020539079,0.8630382369370918,1.101296848931802,0.6786854938864734,0.2224584810567831,74.0,0.5,88.19096315422749,60.35370042065898,48.44252890825624,-0.7376403902065922,0.27283479880585526,-0.27694688009278273,,,0.6786854938864734,0.20059096786892602,0.9466666666666667,0.4,75.0
16,-1,4470.0,True,True,89.62929061784897,129.95539157349188,132.27526145000306,0.2855759894850889,0.8481500331266509,1.0956204244479892,1.4350103908863352,0.1656375082614216,63.0,0.5238095238095238,89.84310737750789,71.26831148868209,57.191013690473625,-0.8004403241935916,0.326798740154975,-0.26816082249681855,,,1.4350103908863352,0.1656375082614216,0.9855072463768116,0.4057971014492754,69.0
16,-1,4500.0,False,True,,,,,,,,,,,86.4823577906683,69.04825843194925,51.09664833178176,-0.8197191054583652,0.4290972327630796,-0.3673473758563168,,,1.8171873236867697,0.09674753423872064,1.0,0.49295774647887325,71.0
16,-1,4530.0,True,True,83.02702702702703,141.338531846382,162.6301562082916,0.2157187103084063,0.9132500872670182,1.1212624949047911,1.7331439021550237,0.08217518439794316,34.0,0.5882352941176471,85.41522744240706,48.90778061418629,37.66374543417743,-0.7447567294964572,0.41191625874709803,-0.33646476702618816,0.17958183465239644,-0.9268005727071241,1.7331439021550237,0.06605475641112805,1.0,0.5844155844155844,77.0
16,-1,4560.0,True,True,87.3953357684743,120.81231608005902,127.34378375312782,0.23688800658509693,0.89247064943614,1.1490092541888546,0.31348944447542015,0.3221633594560662,82.0,0.7073170731707317,86.7868867732564,47.7111919404154,33.73062782633338,-0.7454502709602291,0.345481048160707,-0.3066941346291485,0.19498117169881693,-0.9139980116773416,0.31348944447542015,0.3221633594560662,0.9753086419753086,0.5061728395061729,81.0
16,-1,4590.0,True,True,84.02625820568927,125.03460755104179,143.09889909386095,0.24287802363874877,0.8811550613358361,1.125710396867272,0.30957337982928046,0.29264068005432514,82.0,0.6463414634146342,85.19478077908607,74.36194060918746,46.66487474237517,-0.77316452057767,0.3781544363925059,-0.3040242767868463,0.1267925682163733,-0.9522756179225853,0.30957337982928046,0.2655502771109337,0.9625,0.525,80.0
16,-1,4620.0,False,True,,,,,,,,,,,96.58501285149688,42.054269183735194,16.103576651285508,-0.6419029016876991,0.2313010273764082,-0.23399545741212305,,,2.604844461330908,0.2080202800171912,0.967741935483871,0.25806451612903225,31.0
16,-1,4650.0,False,True,,,,,,,,,,,92.44603204490659,67.0590662522293,19.826026829242952,-0.6719279839681184,0.2749718151363638,-0.22685358170737185,,,2.5229097265330047,0.27761704988514346,0.975609756097561,0.36585365853658536,41.0
16,-1,4680.0,False,True,,,,,,,,,,,84.78680109490631,76.01676723675894,29.429327769077716,-0.7274983307963401,0.3297343944966343,-0.29031887874039763,0.0860061815018732,-0.835206953109731,2.330720985162791,0.27004641575963884,1.0,0.5185185185185185,54.0
16,-1,4710.0,True,True,87.0528967254408,100.08009612817946,135.0003616893303,,,,2.348412202021085,0.2825865063601282,39.0,0.2564102564102564,92.44174901797157,80.64160780036855,56.66425172715897,-0.6630466152978947,0.17356776801579354,-0.25288925473428964,,,2.348412202021085,0.2414258100276496,0.9672131147540983,0.39344262295081966,61.0
16,-1,4740.0,True,True,88.60686472454572,90.8689614454422,118.18457864832318,,,,1.1922323019083796,0.22766881026213368,84.0,0.2976190476190476,88.810563546369,49.714475613992676,44.74279374317066,-0.6151252858742589,0.19599885807113196,-0.16945176587569466,,,1.1922323019083796,0.22766881026213368,0.9880952380952381,0.3333333333333333,84.0
16,-1,4770.0,True,True,88.95752895752896,96.06803503364681,124.25632366164471,,,,1.9969882877683152,0.17153051774397438,67.0,0.373134328358209,88.94772108985983,49.502299122387655,31.71468913072452,-0.6172054290650422,0.218385672007751,-0.1919642144878348,,,1.9969882877683152,0.17153051774397438,0.9743589743589743,0.38461538461538464,78.0
16,-1,4800.0,True,True,84.97021276595744,128.7726945084304,132.99619649166664,,,,2.3164853664592147,0.15209338456430385,39.0,0.46153846153846156,86.72950946357702,76.54433726484022,46.72464426919915,-0.6666578247414281,0.20161182337286337,-0.21924752306972195,0.08798385296481902,-0.7261059072413738,2.3164853664592147,0.1733309490974331,0.9655172413793104,0.5344827586206896,58.0
16,-1,4830.0,True,True,76.58627087198516,126.1379285173929,111.75044912119091,,,,2.0366187274334724,0.26729651980654434,51.0,0.23529411764705882,79.13750059486465,81.83753060807342,59.05838398729495,-0.6337273691726982,0.15423624487459897,-0.19852249870354505,0.08408640039790041,-0.7146788086176715,2.0366187274334724,0.2446173177190992,1.0,0.5263157894736842,57.0
16,-1,4860.0,True,True,73.9986235375086,156.6947809048683,147.23151020988752,,,,2.1562042903016065,0.1866134389293146,61.0,0.19672131147540983,74.81868406695496,84.46132071865925,67.01324976960204,-0.6126319422081528,0.16838568796306633,-0.19714607860671907,0.02115652334649893,-0.7004213398615282,2.1562042903016065,0.1866134389293146,0.9836065573770492,0.5245901639344263,61.0
16,-1,4890.0,True,True,74.68175388967468,158.65313181676987,147.36454320408964,,,,1.863911641500823,0.19391290814034576,61.0,0.3442622950819672,75.55787071683466,85.78494163100889,43.7159689333652,-0.627048148152822,0.19700352239303237,-0.1942631002398536,,,1.863911641500823,0.16865753806951897,1.0,0.49206349206349204,63.0
16,-1,4920.0,True,True,75.29411764705883,140.5335960254419,131.933022166412,,,,2.1848770059808027,0.19374542210334358,47.0,0.40425531914893614,79.91686140408991,107.76893395602019,74.16865486014116,-0.6988128575612882,0.22108677204547206,-0.21182919495939273,,,2.1848770059808027,0.1670969891490465,0.9310344827586207,0.4482758620689655,58.0
16,-1,4950.0,True,True,74.54117647058824,152.04905451819454,174.5657151918857,,,,2.095753005543718,0.2384372278620977,41.0,0.2682926829268293,79.13391776567876,100.46695685077181,83.91187231657402,-0.6904096169165755,0.20755105772049603,-0.25088593167429596,,,2.095753005543718,0.20999035665863716,0.9464285714285714,0.48214285714285715,56.0
16,-1,4980.0,True,True,76.92821368948248,146.64091338258422,142.14338317104438,,,,2.219858596875248,0.2531398382927655,45.0,0.26666666666666666,78.26539446003136,98.48553126458343,48.8428884668182,-0.6603929518049447,0.23762940249206582,-0.2460583554372087,,,2.219858596875248,0.22828621914723898,0.9811320754716981,0.41509433962264153,53.0
16,-1,5010.0,True,True,72.32286995515696,132.93280615551961,134.55852489389747,,,,2.092776633830022,0.365041247249498,48.0,0.2708333333333333,75.03013893991486,115.73576963950518,58.49148208006655,-0.624143542179446,0.23451503869556284,-0.22850668889561163,0.02954563521526133,-0.6999641374815634,2.092776633830022,0.26389531333525235,0.9629629629629629,0.5,54.0
16,-1,5040.0,True,True,74.24274973147153,150.34283819216697,149.362069407791,,,,1.9468903936271675,0.3658211630458302,58.0,0.3793103448275862,76.54915130002587,138.11578422924723,85.2720914244359,-0.5940163431443564,0.22216343452420378,-0.24314041340185266,0.05255166032301523,-0.5804824624768357,1.9468903936271675,0.33679886106265344,0.9846153846153847,0.5384615384615384,65.0
16,-1,5070.0,True,True,76.6248574686431,150.07128762374103,148.1595100076325,,,,1.0537420847432197,0.2634139476625147,71.0,0.4507042253521127,79.25096502236232,108.7287652849561,73.5027086087393,-0.611465626380409,0.2626586390839917,-0.25862360419421865,,,1.0537420847432197,0.2438258076263579,1.0,0.47297297297297297,74.0
16,-1,5100.0,True,True,76.96325539022168,135.41715696074053,137.50570706500304,,,,1.5457382629237564,0.15609072050037928,70.0,0.4857142857142857,79.51820130208505,85.11989085478638,57.00843668616756,-0.630895528193778,0.2710139749740063,-0.25769211972888795,,,1.5457382629237564,0.12953139862430657,0.9863013698630136,0.4931506849315068,73.0
16,-1,5130.0,True,True,75.83248212461694,131.63250561801507,141.45783257291345,,,,1.7129880947206957,0.12609148097239722,64.0,0.46875,77.4794508242913,104.78595635209085,47.286823822448966,-0.6526952796943322,0.25263183145462753,-0.2492554489386221,0.0402252323367433,-0.7088269965775493,1.7129880947206957,0.14310725249117753,1.0,0.5671641791044776,67.0
16,-1,5160.0,True,True,72.40572171651495,160.2814756271591,148.96940815592487,,,,1.8726123474978114,0.19127656023108422,62.0,0.3870967741935484,73.44656352367961,98.060083970409,57.59201728461773,-0.6350370731945191,0.2514040713043333,-0.2217521886690337,0.006528680170776754,-0.6980557178517988,1.8726123474978114,0.19127656023108422,1.0,0.6065573770491803,61.0
16,-1,5190.0,True,True,72.06106870229009,184.17148980521358,147.25531033023748,,,,1.7744955483091711,0.18536045887874678,63.0,0.47619047619047616,73.03566250867595,119.02023392121133,67.44846432042537,-0.6476946089774128,0.25691716758678634,-0.23304571446527242,0.04197702001109779,-0.7702395862682576,1.7744955483091711,0.21269056625299856,1.0,0.6153846153846154,65.0
16,-1,5220.0,True,True,70.98786828422877,153.86872830427632,133.87907609671288,,,,1.1639919564751604,0.2526390473118397,67.0,0.44776119402985076,75.06420291557069,128.6378924932661,61.85535976025039,-0.6503723303158686,0.24566344141738974,-0.2270455095457139,0.03653686578355621,-0.7342896663865384,1.1639919564751604,0.22747371985220205,1.0,0.625,64.0
16,-1,5250.0,True,True,69.8380221653879,125.69536829161224,128.7653520726618,,,,1.10836481221621,0.2796991864481074,67.0,0.417910447761194,73.60915973124784,106.1449729170277,48.29909878722936,-0.6488129936115845,0.24332739886138904,-0.24685326485913217,0.048130764410283876,-0.80162086382538,1.10836481221621,0.27580433899179146,1.0,0.5806451612903226,62.0
16,-1,5280.0,True,True,69.5182571340902,149.68253332082978,141.08720338263615,,,,1.0500841075642153,0.24070207575781827,63.0,0.4126984126984127,72.09695828867376,87.29030933156461,58.35704685445061,-0.6535073156546399,0.26033731049278963,-0.2365950327177393,0.07229696003487036,-0.8076075217560834,1.0500841075642153,0.22138583453552765,0.9824561403508771,0.631578947368421,57.0
16,-1,5310.0,True,True,64.92753623188405,167.08003054567249,150.92488301304064,,,,1.2539617554871694,0.28615494193643176,59.0,0.23728813559322035,67.82432922598933,133.66098041206155,65.29980988247495,-0.6046196359788956,0.2579453549207487,-0.19989031734376786,0.015115882002178973,-0.6811348444673169,1.2539617554871694,0.23701718150700993,1.0,0.7254901960784313,51.0
16,-1,5340.0,True,True,62.41231822070146,125.1430983076628,129.11205162571,,,,1.348642931069888,0.24585748654822304,58.0,0.1206896551724138,62.638007822646344,112.00540233939888,68.20323431164495,-0.6009258011158173,0.18775534682159456,-0.1553186893004356,0.04786823931640684,-0.6628457664149168,1.348642931069888,0.24585748654822304,0.9821428571428571,0.7142857142857143,56.0
16,-1,5370.0,True,True,64.45229681978797,142.77704043910825,116.22110586450968,,,,1.4134522830263554,0.2556203010060175,60.0,0.13333333333333333,64.05136988293772,114.62103938647446,73.44664994882201,-0.6130506644601933,0.17192401095002036,-0.1407537154876461,0.04990925587108445,-0.6590171391830488,1.4134522830263554,0.24294570930996276,0.9824561403508771,0.7543859649122807,57.0
16,-1,5400.0,True,True,73.08931185944363,169.46171002109298,90.21097956087904,,,,1.8619732421556403,0.32607037196377203,60.0,0.3333333333333333,74.984378908173,159.09036204110177,52.72203087062175,-0.6673476029400047,0.20201321000484276,-0.14540062037445672,0.06971251798264735,-0.7354362569476256,1.8619732421556403,0.24220001080485568,1.0,0.6,60.0
16,-1,5430.0,True,True,78.10169491525424,107.33828042319776,82.70758083082102,,,,1.927541901585721,0.20986686239451557,67.0,0.4925373134328358,80.57783551231023,84.48687285593739,58.43119448281348,-0.6837221521341524,0.208866388254766,-0.18994164882435327,,,1.927541901585721,0.1784712564986719,0.9852941176470589,0.4852941176470588,68.0
16,-1,5460.0,True,True,77.5070821529745,109.258155678002,112.41316092878093,,,,2.222635536732526,0.1461204646804641,64.0,0.328125,77.92701338781538,82.46986797591133,81.76258828842673,-0.655265105394784,0.19537327784552838,-0.16585752548131721,0.025594562294699114,-0.782735025205838,2.222635536732526,0.1461204646804641,0.9682539682539683,0.5079365079365079,63.0
16,-1,5490.0,True,True,83.90386016023307,167.76950810090474,139.80561939076446,,,,2.6473596676772795,0.17421780266865816,45.0,0.26666666666666666,89.15355747346892,142.9502810263787,104.60345320910497,-0.778982176433042,0.20758424890529092,-0.17887917025692984,,,2.6473596676772795,0.16438782134375288,0.9454545454545454,0.38181818181818183,55.0
17,-1,0.0,True,False,90.10830324909747,150.6546212495526,157.90142915162295,,,,2.9053967499727906,0.3597983093589339,41.0,0.21951219512195122,,,,,,,,,,,,,
17,-1,30.0,True,False,82.10976478973629,202.88378139612823,157.7273904161861,,,,3.0179058246498656,0.48899504313178616,44.0,0.3181818181818182,,,,,,,,,,,,,
17,-1,60.0,True,False,73.74110953058322,197.35356241240262,196.18371866846707,,,,2.898292204555487,0.47297262519441047,43.0,0.18604651162790697,,,,,,,,,,,,,
17,-1,90.0,True,True,71.50554675118859,157.3303309123097,174.862699517171,,,,2.645943603151949,0.32553620665514715,58.0,0.13793103448275862,73.40169281152131,163.9380531120598,128.7315900351024,-0.4499428932002546,0.02506840089435421,-0.31263359190646195,-0.02620171931782314,0.16779511579887726,2.645943603151949,0.3643071745997914,0.8392857142857143,0.5,56.0
17,-1,120.0,True,True,63.31090174966352,174.73796359261257,145.0440495012867,,,,2.657641929851854,0.14394003315909246,53.0,0.11320754716981132,65.16212170844697,134.6572017607905,118.71448957320744,-0.3596951289683633,-0.06512973578443455,-0.28445985268038354,-0.003274239277070583,0.16779511579887726,2.657641929851854,0.16105686543424275,0.88,0.72,50.0
17,-1,150.0,True,True,64.17344173441734,133.27195412954484,135.6168392322035,,,,2.773596720802364,0.3001732829967645,48.0,0.10416666666666667,65.32142467838595,124.88338279881577,100.47814235145808,-0.3999123853353059,-0.08982130390140029,-0.34029947544968886,0.012681673565063743,0.01717959639547234,2.773596720802364,0.3001732829967645,0.8958333333333334,0.6875,48.0
17,-1,180.0,True,True,65.37873523280055,155.7536226900676,163.03382484893064,,,,2.58444898482126,0.33770915654230493,58.0,0.15517241379310345,65.48113937265077,124.69405746592834,104.01862171242915,-0.5146581047490196,-0.13522490979363694,-0.3489763635508806,0.06996352551642035,-0.052665885344166025,2.58444898482126,0.30386204672666345,0.7818181818181819,0.5636363636363636,55.0
17,-1,210.0,True,True,62.98836862511184,128.212609654475,159.45157474136153,,,,1.9059849632213568,0.13178862784541995,59.0,0.11864406779661017,63.53031335572005,109.1706211854945,91.11925663388884,-0.5025302784743295,-0.15745723390925404,-0.29841291705669315,0.04069685453296256,0.037206844179260935,1.9059849632213568,0.13178862784541995,0.7962962962962963,0.6481481481481481,54.0
17,-1,240.0,True,True,62.47530505520046,124.96321496082021,157.80476466190746,,,,1.9504004169032236,0.18699863813192272,59.0,0.03389830508474576,63.44529244798191,99.1601872819812,94.93270479458684,-0.5177039495403579,-0.06995019020183021,-0.2637819562990418,0.012032706822001341,-0.22426148870297266,1.9504004169032236,0.15960902065399907,0.8421052631578947,0.7192982456140351,57.0
17,-1,270.0,True,True,61.25290023201857,117.11505196012551,158.271429441969,,,,1.8777829370868429,0.22738251624630765,58.0,0.05172413793103448,62.407488521158,84.35177225906372,95.10118007480676,-0.5048851600901028,-0.044632444312111275,-0.2637819562990418,0.011653591798160185,-0.11117652364889788,1.8777829370868429,0.20661581563482354,0.8214285714285714,0.6785714285714286,56.0
17,-1,300.0,True,True,62.566191446028505,122.25547037049657,148.66005793595278,,,,1.7599917334457549,0.16451846193132602,59.0,0.11864406779661017,63.29988022604941,92.8400035426123,103.44776052137713,-0.41147270093923544,-0.017955894341927896,-0.2839310775114953,0.05807137964386609,0.020885309575921742,1.7599917334457549,0.1464661100404158,0.8333333333333334,0.6481481481481481,54.0
17,-1,330.0,True,True,64.61826114054223,168.87666269307238,161.96576847053205,,,,1.9095794321928055,0.1418964214723813,59.0,0.06779661016949153,66.91062145969633,162.25737880146613,126.84643051170389,-0.4885009713863898,0.07983651247916977,-0.2628236199656221,0.060591941727637454,-0.2663585123404958,1.9095794321928055,0.11422733490261129,0.8333333333333334,0.5740740740740741,54.0
17,-1,360.0,True,True,64.76843910806174,177.63304643912488,163.1785841943541,,,,1.827496460098147,0.15536463146065368,62.0,0.08064516129032258,69.62595159391805,170.21145677665947,103.75351722057783,-0.4982171845128067,0.021020249539208134,-0.27065820973802845,0.03258895086572593,-0.12364538748149172,1.827496460098147,0.12731225363281365,0.6938775510204082,0.5306122448979592,49.0
17,-1,390.0,True,True,66.13449972662657,133.5552940510425,136.10922695811476,,,,1.8158431453575066,0.11280578344256469,64.0,0.078125,68.32067307249167,102.41603686444047,83.73666151464087,-0.36478561797617326,-0.01583153902147526,-0.30252735519623597,0.03547709427250523,0.13959940228724013,1.8158431453575066,0.10420026330568427,0.6724137931034483,0.5517241379310345,58.0
17,-1,420.0,True,True,66.44328481186487,100.83910841360252,107.54841885188728,,,,1.8666709322583048,0.11002212183362266,64.0,0.03125,66.70447240465698,83.67063985900475,77.5545379686641,-0.3709979574887116,-0.04557482407195415,-0.2535031549625704,0.022758709069920096,-0.03813601895961567,1.8666709322583048,0.09631328804493629,0.7833333333333333,0.6833333333333333,60.0
17,-1,450.0,True,True,64.56637168141593,104.31976922170564,117.90527728547482,,,,2.29288612759347,0.19110094899266455,60.0,0.0,65.24232067703787,87.85147065304452,81.49503972887874,-0.3707856650528255,-0.05599747242300378,-0.25023974522172787,0.011952659904132029,0.04321412564457015,2.29288612759347,0.19110094899266455,0.84375,0.65625,64.0
17,-1,480.0,True,True,66.78260869565217,130.26834775127634,143.57492928222612,,,,2.2641919121449576,0.14553819219683814,62.0,0.04838709677419355,67.09655266533623,112.90567270045605,85.27761027602888,-0.331365635536687,-0.07895378787254234,-0.2706217491989949,0.019630397192910314,0.04683643858248923,2.2641919121449576,0.14553819219683814,0.8461538461538461,0.676923076923077,65.0
17,-1,510.0,True,True,65.35714285714285,135.96610503946866,131.52365951175338,,,,1.74824100199808,0.15884267496683466,63.0,0.1111111111111111,65.54768567397788,117.47091956256857,97.60497475079778,-0.33866525347468174,-0.07704393121687622,-0.24905107410010718,0.006955842941348527,0.0636410224582652,1.74824100199808,0.14417703208039717,0.7454545454545455,0.6727272727272727,55.0
17,-1,540.0,True,True,65.48431105047749,169.95858776808674,151.79186896660508,,,,2.3454040326174326,0.21470497636679975,55.0,0.12727272727272726,63.48422755729149,112.56787078188412,107.6711848849633,-0.4573228688317821,-0.0492180675980544,-0.2730762754274738,0.018417578808272918,-0.0483214640289349,2.3454040326174326,0.2152499264142586,0.7692307692307693,0.5769230769230769,52.0
17,-1,570.0,True,True,68.62044317369549,210.86418478983893,165.68210984725388,,,,2.7142362839100294,0.3529268806453526,40.0,0.125,74.26188729749484,192.0854337088229,135.27782310583945,-0.544041899630525,0.012550658718512953,-0.30974017504596457,,,2.7142362839100294,0.28257579972131325,0.8367346938775511,0.46938775510204084,49.0
17,-1,600.0,True,True,70.92348284960423,184.76566651075632,156.2871979531517,,,,2.638965581354712,0.23943406271958972,43.0,0.023255813953488372,77.58335734713032,160.5929629085212,120.30331818678128,-0.5288561144173707,0.0030453279626936995,-0.22799930982808633,,,2.638965581354712,0.24352785797682897,0.8235294117647058,0.49019607843137253,51.0
17,-1,630.0,True,True,64.47009443861491,139.93648862455595,167.5220935964827,,,,2.3768746752354573,0.1373493494436892,56.0,0.03571428571428571,72.56317907179108,187.67124356095837,94.53591638052212,-0.3871986732496663,-0.03360845968549264,-0.26034970597039686,-0.015305445109700687,0.02589803770512857,2.3768746752354573,0.10850104151565121,0.8181818181818182,0.5818181818181818,55.0
17,-1,660.0,True,True,66.2915601023018,163.53455181548412,165.32589845170548,,,,2.2453823761513925,0.15951298612963893,61.0,0.03278688524590164,71.57422493121818,181.74671687965582,96.37861844938715,-0.43335902709206287,-0.02560468931368333,-0.2862935788907483,-0.04923923006367662,0.034691606290342035,2.2453823761513925,0.11625746187814642,0.8928571428571429,0.5178571428571429,56.0
17,-1,690.0,True,True,65.04465660609793,168.5806880699907,166.00601150136654,,,,2.153411405283245,0.1683805751595914,60.0,0.08333333333333333,67.24597813150811,180.91536288275896,103.70100118662627,-0.43672985054336727,-0.004369735523759123,-0.24411839265176236,-0.029346017630672936,-0.003683350273058504,2.153411405283245,0.13197872063883406,0.9464285714285714,0.5714285714285714,56.0
17,-1,720.0,True,True,61.83160013418317,138.83088616435612,161.89714975674826,,,,2.2466673145190783,0.16998749284643092,55.0,0.12727272727272726,63.39030883040075,110.76210648295528,99.93481712074144,-0.3643301174375479,0.00045351995603662757,-0.2267635157138837,-0.011525454190385687,-0.00017161529819280594,2.2466673145190783,0.14104823844289915,0.9272727272727272,0.6727272727272727,55.0
17,-1,750.0,True,True,61.107574793125394,120.71580461850833,148.58134477660715,,,,2.20646328689462,0.1868774162164128,56.0,0.05357142857142857,62.454550680812346,100.97981996914001,115.8011338628647,-0.3392455272324168,0.02873620207643808,-0.2809493195277099,0.012807029392959919,0.005547569827038698,2.20646328689462,0.16611584219353656,0.8571428571428571,0.6964285714285714,56.0
17,-1,780.0,True,True,60.73813708260106,140.5416770544157,148.23176532039278,,,,2.5092156905924226,1.0589907628837085,51.0,0.0784313725490196,61.630703358259666,141.64876179286924,126.98017952741874,-0.40290692803320016,-0.011730659802688264,-0.3733384992713333,0.003529499029759237,0.04804453867756717,2.5092156905924226,1.0589907628837085,0.7777777777777778,0.6296296296296297,54.0
17,-1,810.0,True,True,59.29506545820745,136.42194102067242,144.51868108153914,,,,2.5266942592481145,0.9009373907969648,52.0,0.11538461538461539,60.31521156726062,147.36228473393962,114.07640844779644,-0.5526302452293966,-0.04707699364385548,-0.3390507985776886,0.018828238928374375,0.06014453201608798,2.5266942592481145,0.9009373907969648,0.6415094339622641,0.5283018867924528,53.0
17,-1,840.0,True,True,61.391849529780565,152.84776323352003,148.7615249970383,,,,2.089771511578455,0.28738534773336416,54.0,0.07407407407407407,63.82723801327883,163.57551911044453,102.00754783608872,-0.8161507478035221,-0.0256795667543891,-0.3363952790335343,0.09854542704064337,-0.3649788229257291,2.089771511578455,0.22349839192154147,0.6545454545454545,0.5272727272727272,55.0
17,-1,870.0,True,True,69.13256955810148,180.25786453653757,143.2710457422466,,,,2.2467046809386466,0.47317709693141874,51.0,0.058823529411764705,68.77889924595534,171.10795420027557,93.39696316166132,-0.42175722379295144,-0.07608910626477078,-0.3246505517154663,0.048439173425397324,0.11303068433437069,2.2467046809386466,0.47317709693141874,0.8148148148148148,0.5925925925925926,54.0
17,-1,900.0,True,True,62.270270270270274,200.92780179480118,129.73724304201494,,,,2.1365271643077244,0.5636447801886048,51.0,0.0784313725490196,62.12403061235407,178.40699173041295,109.43666636446424,-0.31496311115566544,-0.04129480472622225,-0.30538115952955563,0.004022948691273697,0.059033427725637966,2.1365271643077244,0.5636447801886048,0.9411764705882353,0.803921568627451,51.0
17,-1,930.0,True,True,59.005724615848145,162.94539733375382,154.23626134610623,,,,1.7043219503334943,0.1946923766333762,54.0,0.07407407407407407,59.5429704783453,140.388875260149,126.42631961295075,-0.28450065025105753,-0.010728996978455611,-0.2966211398147983,0.04857062575294898,0.002329259100361289,1.7043219503334943,0.1694059457165957,0.8163265306122449,0.7346938775510204,49.0
17,-1,960.0,True,True,66.30897317298798,152.6365349612991,155.0649505494033,,,,1.6801255362108911,0.1605382259546249,60.0,0.06666666666666667,65.57649794069586,127.34233450759733,112.09773059771129,-0.309147334921664,0.0033666795092380988,-0.34555728651924245,0.01765346625210662,0.043117637217273616,1.6801255362108911,0.1605382259546249,0.7857142857142857,0.6964285714285714,56.0
17,-1,990.0,True,True,68.72727272727273,125.39290767983238,140.5031148200025,,,,1.6233566228618037,0.10168866709979249,65.0,0.03076923076923077,69.84216021187648,91.33835206264224,92.75280992053014,-0.3139786369649291,-0.03996578084770612,-0.3650301292858179,0.017899783278510165,0.07668562461808458,1.6233566228618037,0.09353801050870876,0.8,0.65,60.0
17,-1,1020.0,True,True,67.01936187619307,119.5059898320907,142.3645819026905,,,,1.6681632265817863,0.09141774776403454,65.0,0.046153846153846156,68.00471026509163,104.15511380350215,88.62379221531421,-0.2803363420502125,-0.03961781908589638,-0.36422244897817163,0.05812534824463062,0.0976959262814737,1.6681632265817863,0.09141774776403454,0.7931034482758621,0.6206896551724138,58.0
17,-1,1050.0,True,True,68.6829268292683,125.86023925440004,140.33067317112565,,,,1.7526374062775958,0.11262888857129962,67.0,0.04477611940298507,69.20547318176095,99.56565378221617,87.92794264249929,-0.3448892362851897,-0.03427173359930149,-0.34431639143105774,0.06703504151485132,0.09836838889099817,1.7526374062775958,0.11262888857129962,0.746031746031746,0.6031746031746031,63.0
17,-1,1080.0,True,True,69.53086419753086,122.99459411446146,125.92511151083566,,,,1.7428021215581904,0.11357552076216887,67.0,0.014925373134328358,70.31357036052177,94.74011756043431,101.92450242682747,-0.33272285956292885,-0.011182713493280328,-0.34210194476767425,0.05584320067789472,0.10641443751941068,1.7428021215581904,0.11357552076216887,0.765625,0.65625,64.0
17,-1,1110.0,True,True,63.38212394892557,133.90157133325673,143.5070694124654,,,,1.9057331794032861,0.12995063902908208,57.0,0.03508771929824561,64.32130696181571,101.66494530500005,104.15633793145369,-0.2617034500733074,-0.03888469666111835,-0.35148821736327873,0.06352043623229547,0.14840269148567287,1.9057331794032861,0.14216420936900995,0.7777777777777778,0.7222222222222222,54.0
17,-1,1140.0,True,True,64.3954104148279,182.66648031281485,163.50351200356522,,,,2.560898225953328,0.46106609626226025,49.0,0.04081632653061224,66.12124930393304,184.1004950092511,112.11325807400554,-0.38187706512656416,0.00567638441662496,-0.3439023209852355,0.05688181347306078,0.0532659041758704,2.560898225953328,0.3952794551044935,0.875,0.6666666666666666,48.0
17,-1,1170.0,False,True,,,,,,,,,,,78.73280574854307,156.87871855899235,119.93540322698036,-0.6703234720243048,0.16503387401598793,-0.44487754585863903,,,2.7768848424006483,0.23253551403329825,0.925,0.475,40.0
17,-1,1200.0,True,True,69.59323399113974,159.07561874122646,123.8703692220707,,,,2.5005926823708995,0.25186929772037764,53.0,0.1320754716981132,70.61550343695994,144.64686844622145,106.19296715480505,-0.6062851974727973,0.05601214910526406,-0.3835370451611258,0.06354389632513696,-0.18321279622915887,2.5005926823708995,0.25186929772037764,0.9666666666666667,0.6833333333333333,60.0
17,-1,1230.0,True,True,65.15235457063713,136.34279273056785,131.72989191173323,,,,1.9947011654956492,0.534168044492782,55.0,0.21818181818181817,65.75020571676264,111.27062410190176,102.58458852869963,-0.46165324876211083,0.014780928379828808,-0.3733317600833826,0.17649860527309735,-0.26420926333663475,1.9947011654956492,0.4508072462391137,0.8703703703703703,0.6666666666666666,54.0
17,-1,1320.0,True,True,82.36976506639427,146.8171096405906,171.92962418698215,,,,1.939222800168532,0.2586325668516472,54.0,0.2037037037037037,86.10406505261695,119.43305693543935,102.196877292568,-0.727451885870577,0.24019006890328154,-0.45251765133390615,,,1.939222800168532,0.19245083813673852,0.7241379310344828,0.3620689655172414,58.0
17,-1,1350.0,True,True,82.87769784172662,157.34173196522306,180.59433894049099,,,,2.6035239527161305,0.3797938111396323,43.0,0.23255813953488372,85.37187772807337,148.931496304337,126.01792651291888,-0.7089044365101611,0.142817312703402,-0.4542098942773136,0.07569977115136663,-0.2760347607870612,2.6035239527161305,0.3173457219253925,0.8545454545454545,0.5272727272727272,55.0
17,-1,1590.0,True,True,64.23791821561338,166.20564959215199,151.71545117422943,,,,2.3875476525651997,0.4718028379880786,44.0,0.06818181818181818,63.25673282542267,118.08799900027624,120.11484467057758,-0.33375644775129315,-0.05261815892530666,-0.38795141616018197,0.03945640710738464,0.21397730921346575,2.3875476525651997,0.4371880494905895,0.9024390243902439,0.6585365853658537,41.0
17,-1,1620.0,True,True,68.33415719228869,201.44634126788765,157.25125624072362,,,,2.497672187322861,0.5800591542066762,47.0,0.1276595744680851,69.2021460219844,152.14953108251186,125.82954216977984,-0.49418692658087265,0.09032664064970669,-0.3969954634951526,0.07327420284704844,0.1784416779821478,2.497672187322861,0.5800591542066762,0.8125,0.5208333333333334,48.0
17,-1,1710.0,True,True,71.08049935428325,168.40685087340228,160.0323453633671,,,,1.3211959439528165,0.9175371392419479,53.0,0.37735849056603776,75.99467263324398,147.9986067372328,106.70681750658662,-0.7330281303590338,0.15308718368690333,-0.39334696378045353,0.1743523431257668,-0.7226675567615177,1.3211959439528165,0.8168515230688647,0.9387755102040817,0.6530612244897959,49.0
17,-1,1740.0,True,False,69.08095424325381,158.09933664976018,182.71422114094693,,,,0.5940239311666853,0.2513397183114457,52.0,0.46153846153846156,,,,,,,,,,,,,
17,-1,1860.0,True,False,69.07604251839737,142.4628842701004,155.98936595699936,,,,0.6553511679082474,0.21597184828346022,54.0,0.3333333333333333,,,,,,,,,,,,,
17,-1,1890.0,True,False,70.66666666666667,130.40246172085563,145.55404804668876,,,,0.6106208792944554,0.15733096564146046,59.0,0.3728813559322034,,,,,,,,,,,,,
17,-1,1920.0,True,True,73.77015437392795,149.6747077370145,147.2325250222199,,,,1.4532956726235533,0.30620043962718146,63.0,0.3333333333333333,77.56119573592218,148.28893644093654,113.04573563068308,-0.627775380518019,0.15753600219787683,-0.5452122759757214,0.23154214582150348,-0.10270551141550542,1.4532956726235533,0.25663677867378204,0.8909090909090909,0.5272727272727272,55.0
17,-1,1950.0,True,True,72.23379240846491,132.03824402247002,144.2972889186963,,,,1.4868487059062536,0.3164455443698012,63.0,0.2698412698412698,74.38979105569716,91.1713452685569,79.96891380604804,-0.5027923984492139,0.03729457850625433,-0.404567054412363,0.22199397120933104,-0.277261776549093,1.4868487059062536,0.27904480517156366,0.8947368421052632,0.6666666666666666,57.0
17,-1,1980.0,True,True,74.3410275502606,159.91069067535787,148.421684380116,,,,1.0489248970120024,0.41030088796860825,61.0,0.2786885245901639,76.54409824532993,111.52397717441843,91.64183033791444,-0.6016955016335059,0.03729457850625433,-0.4012724409486756,0.24683589209134277,-0.4297128331075455,1.0489248970120024,0.3870759383972291,0.8431372549019608,0.5490196078431373,51.0
17,-1,2010.0,True,False,72.01046663759269,144.08446993121748,152.26694110727604,,,,0.8652663123340916,0.38044419908376476,54.0,0.2777777777777778,,,,,,,,,,,,,
17,-1,2040.0,True,False,71.67264895908112,144.01703384633333,165.39730962760936,,,,0.6640426181887915,0.13916829378407194,60.0,0.31666666666666665,,,,,,,,,,,,,
17,-1,2070.0,True,True,70.32967032967034,151.13796564427784,161.09900141706575,,,,1.6422722264727105,0.6094280945392031,56.0,0.30357142857142855,73.08666401206251,148.33754844802428,108.00292115782106,-0.5259217228478452,0.08372298334276564,-0.3491381461458461,0.13127720784316138,-0.37675087304880817,1.6422722264727105,0.6103900777873268,0.8166666666666667,0.65,60.0
17,-1,2160.0,False,True,,,,,,,,,,,76.82959097448729,155.1635610927524,100.41320226640062,-0.7570612043652847,0.027272627787022045,-0.43653912698790726,,,2.7680466584194163,0.8419976587394806,0.8076923076923077,0.4423076923076923,52.0
17,-1,2190.0,True,True,73.82249279077219,143.88268984969238,127.91644286948797,,,,1.8405881904104417,0.09453696976426755,66.0,0.13636363636363635,76.45639450414328,134.64287684011583,110.10081317746848,-0.5985002859263657,0.0107661477489946,-0.3967813884034338,,,1.8405881904104417,0.08076045565235193,0.7076923076923077,0.46153846153846156,65.0
17,-1,2220.0,True,True,68.998899889989,182.73433103333792,126.55793120408492,,,,1.9458402764384255,0.34197130063844855,56.0,0.16071428571428573,71.73169373727514,187.47250925092922,114.65614263484849,-0.5845477826610419,0.03461763665233677,-0.36832189106757685,,,1.9458402764384255,0.2449314059356284,0.75,0.46153846153846156,52.0
17,-1,2310.0,True,False,67.79043280182232,237.1553278540668,159.24857117687117,,,,2.069415181333026,0.23091417283283097,42.0,0.11904761904761904,,,,,,,,,,,,,
17,-1,2340.0,True,True,60.52173913043478,168.78235299239742,118.88842347698157,,,,2.4108504208403345,0.5120207202111698,39.0,0.1282051282051282,65.62434633911003,271.30739460545766,121.852572680619,-0.7173497051531004,-0.03842821674361846,-0.37466626858413987,0.02151933064668258,-0.08531805417620261,2.4108504208403345,0.4443933385758823,0.8913043478260869,0.5652173913043478,46.0
17,-1,2370.0,True,False,59.716024340770794,165.05280008443196,140.52851628366707,,,,2.5911630339167484,0.7389665349887082,33.0,0.18181818181818182,,,,,,,,,,,,,
17,-1,2550.0,True,True,62.08273894436519,175.90120498575664,155.43770337221798,,,,2.179248021185259,0.8348007466650735,42.0,0.07142857142857142,62.23123908962137,174.66159478855263,121.97381669424203,-0.5023910498126752,0.06213680752178585,-0.45789853359489907,0.07909923716695358,-0.0695646667721069,2.179248021185259,0.8348007466650735,0.813953488372093,0.6976744186046512,43.0
17,-1,2580.0,True,True,61.38919514884234,147.80270003957884,149.18397827850012,,,,1.1550065086818757,0.12828825157858084,59.0,0.0847457627118644,62.020764289427085,116.64052403739169,98.03248660181805,-0.39429550775273375,0.06817872184265203,-0.38671219861869055,0.07520002522651456,-0.11345567207511036,1.1550065086818757,0.1174498747723423,0.8666666666666667,0.8,45.0
17,-1,2610.0,True,True,62.491582491582484,162.83209817479863,143.08366527265488,,,,1.1744058932484334,0.13139300237037016,59.0,0.1016949152542373,67.88220837330347,145.43260287684217,97.17004759685646,-0.46056538291284504,0.061304149138375286,-0.3902096160144928,0.048509064724068594,-0.19924710221301176,1.1744058932484334,0.0958484646253088,0.8571428571428571,0.8333333333333334,42.0
17,-1,2640.0,True,False,60.048530601240216,143.84479181157124,148.76367028138364,,,,1.156593290124313,0.1177123187196006,59.0,0.13559322033898305,,,,,,,,,,,,,
17,-1,2670.0,True,True,66.30544805001489,160.95664707785002,128.53086124221943,,,,2.0671465228028776,0.29716701657847583,61.0,0.14754098360655737,64.25675224642667,124.55549917160664,109.59392736669781,-0.33800225126723055,0.043484487973169575,-0.4177024659513539,0.14956030905442716,-0.03593379449449224,2.0671465228028776,0.3533799141528569,0.9245283018867925,0.9056603773584906,53.0
17,-1,2700.0,True,True,71.02342786683107,154.88991386357816,118.68463308995157,,,,2.259098470904727,0.341089953490354,63.0,0.06349206349206349,68.409317910018,132.26391519590572,109.90059452883838,-0.33845396197529953,-0.015388777566131369,-0.31739571188603466,0.046432510150871936,0.027577064385515247,2.259098470904727,0.49170129811614566,0.8793103448275862,0.7758620689655172,58.0
17,-1,2730.0,True,True,65.33081285444234,124.87710153355331,115.66722202076092,,,,1.605478758794482,0.32806089534997335,58.0,0.034482758620689655,65.7799065391866,123.19770625524528,99.94123404442448,-0.35793734648862935,-0.03903168712358593,-0.32199777313327227,0.07952114655218502,-0.05417968182045368,1.605478758794482,0.2999548480236476,0.9298245614035088,0.8245614035087719,57.0
17,-1,2760.0,True,True,65.55801454315522,148.83966287519794,123.19002090266889,,,,1.5651388448020866,0.32958539574954676,57.0,0.05263157894736842,66.1335971509072,126.43326851307565,84.05567540587803,-0.4227540190142851,-0.008232543385517562,-0.341294879627208,0.07049069321152672,-0.09341035990670714,1.5651388448020866,0.32958539574954676,0.9298245614035088,0.8070175438596491,57.0
17,-1,2790.0,True,True,64.24574876577071,178.2527283875218,120.03746034892288,,,,1.2378312192430858,0.13632928339806552,62.0,0.14516129032258066,68.916728794509,147.19865054470552,86.86072842161815,-0.41816846510102956,0.015892037809436002,-0.35999065442229605,0.009470583569072462,0.04165432149484844,1.2378312192430858,0.12025212003347972,0.8333333333333334,0.6875,48.0
17,-1,2820.0,True,True,60.67011713429583,136.21586305470797,127.47327797839708,,,,1.3156367408087386,0.1229455748791433,59.0,0.11864406779661017,63.204415269057165,117.53337485267957,89.15556806629941,-0.3496031814486862,0.040022399475108786,-0.35750400937524274,0.053958761589546586,-0.04449221863545638,1.3156367408087386,0.09623932705144467,0.8095238095238095,0.7380952380952381,42.0
17,-1,2850.0,True,True,62.97029702970298,143.61441158654077,145.75811763460374,,,,1.654784180321272,0.36568557112508626,56.0,0.10714285714285714,63.956209015003964,121.56645949240591,109.23006184620978,-0.37311215175488033,0.039136575728025265,-0.35673484966945956,0.1034217582518816,-0.08990464744204994,1.654784180321272,0.36568557112508626,0.8,0.7454545454545455,55.0
17,-1,2880.0,True,True,63.568362967504605,156.4126075614045,150.9059521124953,,,,1.6567663054068458,0.4003301807086393,58.0,0.10344827586206896,64.09359919097177,144.56861034380404,113.96878527558238,-0.2900131993906185,0.006709204163884336,-0.3851893280339048,0.09475884378661817,0.036178563164673154,1.6567663054068458,0.4003301807086393,0.7543859649122807,0.6666666666666666,57.0
17,-1,2910.0,True,True,62.66666666666666,150.95308789497403,124.5466244487797,,,,2.167132471102073,0.6785614012243071,51.0,0.1568627450980392,62.329282856636546,136.12228964883576,96.60530115114362,-0.3131903563068118,-0.024202927463124888,-0.3220546119802781,0.05377314058083964,0.09803032968247834,2.167132471102073,0.6785614012243071,0.8627450980392157,0.7647058823529411,51.0
17,-1,2940.0,True,True,65.4259501965924,158.0144554465215,123.52647110032731,,,,2.3935898820234414,0.660614085289259,46.0,0.2391304347826087,64.13444471263581,147.5824565724102,91.90526963373394,-0.41788690187625044,-0.04850078774552675,-0.30717640471646757,0.07317117959002045,-0.07657459198277893,2.3935898820234414,0.7918602629057359,0.8333333333333334,0.6666666666666666,48.0
17,-1,2970.0,True,True,66.691042047532,170.26005650799382,151.82537340779592,,,,1.9672070706961686,0.30686187596798226,46.0,0.043478260869565216,69.54651198380148,179.20302641596354,109.74437036984997,-0.5138889726138329,-0.05155147600259965,-0.3447534700098843,0.16039527212716662,-0.2718075176661173,1.9672070706961686,0.30694402970793927,0.7659574468085106,0.5957446808510638,47.0
17,-1,3090.0,True,True,81.06966924700914,112.92904103292395,141.80527662384566,,,,1.242584508328882,0.3610404252121399,65.0,0.3076923076923077,81.23778459805867,59.87296681487813,69.58398585134074,-0.6461608243611642,0.1470400667884818,-0.3657549721658562,0.15877081511815716,-0.4908792391555517,1.242584508328882,0.3997139555871027,0.96875,0.703125,64.0
17,-1,3120.0,True,True,81.28854118729866,148.5310298394957,142.57901683511028,,,,1.6258449777305652,0.4649930334385426,58.0,0.15517241379310345,81.66885369205853,96.05310931693656,97.96736660425172,-0.6750221002282945,0.13166457493236886,-0.4423657077505404,0.14300713168713972,-0.20771768354993025,1.6258449777305652,0.4649930334385426,0.9444444444444444,0.5370370370370371,54.0
17,-1,3150.0,True,True,81.29514321295144,156.2054303634946,142.86411813328075,,,,1.4959788379366998,0.29669142667233867,51.0,0.23529411764705882,81.08476926687362,104.9046570136544,98.65908300796684,-0.6629721508703441,0.13443035611135445,-0.414773645927225,0.18056475904244362,-0.2970339794690393,1.4959788379366998,0.2647428392418709,0.9019607843137255,0.5098039215686274,51.0
17,-1,3210.0,True,True,84.74885844748857,176.4362028673991,103.70339691278198,,,,2.6291067641521546,0.4442593914136655,40.0,0.125,91.10468829296993,161.50260560671683,55.15830108129785,-0.8365440195245416,0.05656297035585009,-0.4348444679756425,,,2.6291067641521546,0.3419008017695303,0.9555555555555556,0.3333333333333333,45.0
17,-1,3270.0,False,True,,,,,,,,,,,108.33221398127907,79.81587527356902,60.29586718065938,-0.7789553963266026,0.05455057487382092,,,,2.8868077263934833,0.16860845457283802,0.8604651162790697,0.18604651162790697,43.0
17,-1,3300.0,True,True,105.20547945205479,83.98382107729978,57.597224389313595,,,,2.3437099939889428,0.09892495957717747,51.0,0.0392156862745098,107.60795914784548,46.291386041067426,32.633716114061635,-0.693482057340374,0.1181180288818027,-0.2603719867454045,,,2.3437099939889428,0.07987494844299076,0.9047619047619048,0.07936507936507936,63.0
17,-1,3330.0,True,True,94.61713419257013,140.32336105600123,104.34429966508067,,,,1.6864904754997552,0.1494766249861686,75.0,0.06666666666666667,98.81773185022857,101.47633191572324,49.69130794387855,-0.6645381780748003,0.08384341425917423,-0.27769711524949214,,,1.6864904754997552,0.1405189011338506,0.9615384615384616,0.20512820512820512,78.0
17,-1,3360.0,True,True,82.33391915641477,149.35388151809732,150.03586943576838,,,,1.7442836828547543,0.11391967545501143,70.0,0.07142857142857142,86.36949823952004,124.64066998590356,83.61866606679631,-0.6139213603112411,0.026788901966355284,-0.2960653914932253,,,1.7442836828547543,0.09862617209516036,0.971830985915493,0.4084507042253521,71.0
17,-1,3390.0,True,True,84.21762969211304,146.9427649063536,126.91573409568457,,,,1.9431817149453616,0.3158187592152201,60.0,0.05,88.2924408297896,107.7853563242097,84.23809984194396,-0.5621630452238864,-0.030482030088170665,-0.3379969248529858,0.030382930161266912,-0.16912097065445295,1.9431817149453616,0.26159954859578227,0.9420289855072463,0.5072463768115942,69.0
17,-1,3420.0,True,True,90.27124773960217,98.05040648329033,95.10152693903692,,,,2.6032866016138985,0.19960321230540282,34.0,0.058823529411764705,93.94939907979749,93.92756551521704,78.38576254964626,-0.6220660740859418,-0.002345311549494196,-0.3342308631021056,,,2.6032866016138985,0.2052142077178238,0.96,0.42,50.0
17,-1,3750.0,True,True,90.72967338429466,116.90911303804059,100.39681314307599,,,,2.298820699567936,0.42142817310343694,48.0,0.10416666666666667,94.33416950291176,134.3375709367554,65.4765576391634,-0.6998230694667827,0.02661170871407092,-0.381316494394799,,,2.298820699567936,0.42338148800660724,0.8771929824561403,0.3157894736842105,57.0
17,-1,3840.0,True,True,85.73023255813953,136.2521324211749,130.5724076741841,,,,1.828130901245719,0.24769823028490745,60.0,0.1,86.3544076799228,89.49054785651167,76.75308546813481,-0.5820252919157272,-0.0778374125826328,-0.3535545053342095,,,1.828130901245719,0.28281283176635486,0.7931034482758621,0.4827586206896552,58.0
17,-1,3870.0,False,True,,,,,,,,,,,101.8958406620115,103.01007383314654,54.223276114429424,-0.793807694677171,-0.05296730588049406,-0.4905568515120792,,,2.3440956323328597,0.2293104140024022,0.8571428571428571,0.2857142857142857,56.0
17,-1,3960.0,False,True,,,,,,,,,,,116.34320741098163,100.49400407311711,75.67482654498346,-0.8757047021351914,0.24583522139207994,,,,2.497119713708262,0.34457720714387424,0.9464285714285714,0.10714285714285714,56.0
17,-1,4050.0,True,True,130.22608695652175,34.544995863421065,50.52107739709869,,,,2.4532161121900424,0.24643009602025098,53.0,0.03773584905660377,130.07804738280004,43.05318172495828,58.06207533566341,-0.7265567632396117,0.06789288969745509,,,,2.4532161121900424,0.20660216795863956,0.9493670886075949,0.12658227848101267,79.0
17,-1,4080.0,True,True,132.9742208541747,36.27352504656799,48.38798236493642,,,,2.001720881286381,0.10108782800114614,100.0,0.02,132.26468181621289,34.032127879344834,36.693040964362865,-0.7329113163004276,0.10435666114212848,,,,2.001720881286381,0.10985123735958127,0.9537037037037037,0.07407407407407407,108.0
17,-1,4110.0,True,True,130.3432494279176,69.04058632435138,72.06429715457381,,,,1.8213161506315994,0.09765499912743564,100.0,0.04,130.58297334314324,44.08445840835391,39.272701848378155,-0.7352028204239313,0.09860766880572895,,,,1.8213161506315994,0.09765499912743564,0.963302752293578,0.10091743119266056,109.0
17,-1,4140.0,True,True,117.79141104294479,128.05864361183788,93.37723510424951,,,,2.1288084156574048,0.24855455822574216,72.0,0.09722222222222222,120.67394924829985,89.58740587290482,66.4793111266335,-0.7553706626077367,0.11456576579175531,,,,2.1288084156574048,0.18484389412235105,0.9655172413793104,0.16091954022988506,87.0
17,-1,4170.0,True,True,109.20487521764366,138.96396536804812,105.97390598633231,,,,2.1109982807574057,0.310647472136812,66.0,0.10606060606060606,111.68603853387768,108.06909325177024,83.33333675054357,-0.6998365662739335,0.035555603995209475,-0.3499118658386252,,,2.1109982807574057,0.26692983007349147,0.9358974358974359,0.23076923076923078,78.0
17,-1,4200.0,False,True,,,,,,,,,,,113.19255769880694,85.44026600608268,77.36303471491439,-0.7152726250798528,0.024314294835536182,-0.33810186515075136,,,2.4562240441187733,0.3135569218032382,0.9384615384615385,0.2,65.0
17,-1,4320.0,True,False,64.71910112359551,208.25793591795494,147.33392686491047,,,,2.2051899111879028,0.32538397541273434,50.0,0.2,,,,,,,,,,,,,
17,-1,4350.0,True,False,64.63054187192118,157.80382130205368,135.74879143108421,,,,2.264268416467082,0.26255412067092865,50.0,0.24,,,,,,,,,,,,,
17,-1,4380.0,False,True,,,,,,,,,,,65.72198864804042,165.08772065331763,116.64795198446383,-0.8125480102751799,0.05645399372138431,-0.692967346216991,0.22036597841870903,-0.4558614126211667,2.608563774962098,0.47548659211337185,0.85,0.725,40.0
17,-1,4410.0,True,True,65.96319018404907,207.08642228062521,153.83881771496263,,,,2.5648401831789225,0.825172332342483,39.0,0.1282051282051282,67.80185817454831,151.4167396709515,105.83097321828717,-1.1859394104721541,0.3087632625725769,-0.6767712238378765,0.13700597929834027,-0.4543139405115321,2.5648401831789225,0.668285250508455,0.7674418604651163,0.5348837209302325,43.0
17,-1,4440.0,True,True,64.84921592279855,150.37310987214119,139.71454004098368,,,,2.5983364066484125,1.0087989986700696,38.0,0.13157894736842105,67.12205809793082,176.33957334594612,125.42771153883834,-0.8900686078321662,0.12593353481536432,-0.5313710515436575,0.12667735744290545,-0.40245827096337156,2.5983364066484125,0.7572803244493154,0.8,0.5555555555555556,45.0
17,-1,4530.0,True,False,84.13877054169203,185.07180593135854,154.85107458107302,,,,1.5806090796781658,0.13503509485665857,50.0,0.14,,,,,,,,,,,,,
17,-1,4680.0,True,True,57.08108108108108,158.78186615346266,147.4404562901298,,,,1.7613067947454306,0.4733962489671793,42.0,0.2857142857142857,58.54252541287456,195.68423798265087,126.76856547852647,-1.3086730386132828,0.35161905154884054,-0.6963507552677352,0.29461987380430343,-1.1280357567380572,1.7613067947454306,0.41174589109179577,0.8695652173913043,0.6956521739130435,46.0
17,-1,4710.0,True,True,58.58123569794051,165.54674312306432,146.37940479131217,,,,2.1831877695953055,1.0559728147957854,46.0,0.13043478260869565,61.746765351453476,219.17773579735908,124.02662571112953,-1.31351246834189,0.2664929895335129,-0.7198869185994836,0.3252634937483293,-1.2486395916027968,2.1831877695953055,0.8417058036577729,0.8461538461538461,0.6153846153846154,39.0
17,-1,4920.0,True,False,67.87219578518015,283.2971702270495,110.26424227735843,,,,2.276711442546259,0.2991000678354821,36.0,0.19444444444444445,,,,,,,,,,,,,
17,-1,4950.0,True,True,62.483197736116026,172.03926877753713,124.86429265350888,,,,1.5830712268208598,0.242787962228985,52.0,0.21153846153846154,63.864824468360304,170.07996789073746,124.67583810366858,-1.0791817244912079,0.17438344411816156,-0.7000369250842414,0.3274396073685537,-0.7574293043492438,1.5830712268208598,0.20123469473573988,0.8679245283018868,0.6981132075471698,53.0
17,-1,4980.0,True,True,62.660517914153964,176.3976628371482,133.5703772289235,,,,1.5090246757783436,0.512347873181127,50.0,0.28,63.1302534913465,179.83072570168525,106.41639884616181,-1.136577077895913,0.08702110577653441,-0.7212809933154715,0.25099940199964554,-0.7123698149111122,1.5090246757783436,0.47658153539189285,0.9183673469387755,0.7755102040816326,49.0
17,-1,5280.0,True,True,61.79640718562875,184.73851231748608,128.58840808246217,,,,1.5437321951365988,0.3752787617368243,52.0,0.19230769230769232,63.41136269568735,204.11511331256068,129.17328285778132,-1.3339595080067022,0.045451889789592324,-0.7882673775441792,0.3788424928442855,-0.5535250120955072,1.5437321951365988,0.30733112622614167,0.9361702127659575,0.8297872340425532,47.0
17,-1,5310.0,True,True,58.90699904122722,194.53385348168115,143.80094206054423,,,,1.0935793174884954,0.17101953350565263,52.0,0.23076923076923078,62.4832627394545,178.11899820395047,143.99761457807728,-1.419059802103038,0.026169390649358828,-0.7890105134686295,0.2524707342352531,-0.919929222825896,1.0935793174884954,0.15580385699783983,0.9111111111111111,0.8444444444444444,45.0
17,-1,5340.0,True,True,54.46808510638298,133.02508857285088,142.31478963536549,,,,2.2697421122175236,0.9082604370071921,36.0,0.2222222222222222,58.269175950030494,152.32992678227143,135.9496083139285,-1.2782189349900681,0.0925805943288685,-0.8482396559363414,0.14492881990935447,-0.8799686217202266,2.2697421122175236,0.6526920797242176,0.8536585365853658,0.7317073170731707,41.0
17,-1,5400.0,True,True,63.0,232.44767466595022,133.66928163139,,,,1.8362087149189608,1.9134013386906323,49.0,0.22448979591836735,61.831092931613,198.8278163897694,137.0389230089408,-1.1941793253428032,0.184687738291889,-0.7342986288770037,0.29532789577955054,-0.8350341097146332,1.8362087149189608,2.2045636869614884,0.82,0.68,50.0
17,-1,5430.0,True,True,62.49307479224377,240.69399487799527,128.07497117777345,,,,1.9248151754100313,1.4663741719700227,53.0,0.2641509433962264,64.13882971851588,228.57746158307975,143.16400828754743,-1.3436665147545592,0.23007651954034342,-0.8719771598874512,0.22444369947354686,-0.9554057125120284,1.9248151754100313,1.4194154443753715,0.8163265306122449,0.6122448979591837,49.0
17,-1,5460.0,True,True,58.30802603036876,224.03402306253247,132.3698789595625,,,,1.7944679061785478,1.255488639620541,53.0,0.3018867924528302,59.75059680093707,233.12872904957905,123.71476555550264,-1.1031530961059925,0.054303010297401644,-0.8919107726861872,0.45811688819599417,-0.7063087733645919,1.7944679061785478,1.1190035606911484,0.8653846153846154,0.7307692307692307,52.0
17,-1,5490.0,True,False,55.87446504992868,166.83164322565594,138.2277480908298,,,,1.042770073076549,0.14403012951297067,53.0,0.33962264150943394,,,,,,,,,,,,,
17,-1,5520.0,True,False,57.744360902255636,169.47389377022898,141.62306078514845,,,,1.098250304501802,0.216172609135925,53.0,0.2641509433962264,,,,,,,,,,,,,
17,-1,5550.0,True,False,59.178082191780824,162.2283954179237,134.79424263380918,,,,1.0087733897504871,0.10146802673877914,55.0,0.2,,,,,,,,,,,,,
17,-1,5580.0,True,True,59.129404797157235,156.35454411694027,132.11061972083567,,,,1.9084830735755918,0.6059576649611472,55.0,0.23636363636363636,59.54385534034814,175.83715576989664,110.65111960750663,-1.0061029341866958,-0.013032627639460755,-0.5167324760609934,0.1907092290679767,-0.4932421998077896,1.9084830735755918,0.5178845887564533,0.8545454545454545,0.7818181818181819,55.0
17,-1,5610.0,True,True,58.94736842105264,153.2923192995983,126.58792533614368,,,,1.9666330052793688,0.5506521957880671,53.0,0.16981132075471697,59.42932974596268,162.24583252786974,100.61840727963408,-1.3271448410523183,-0.05425788399051774,-0.6841132930161358,0.2599536375858532,-0.9590254411513568,1.9666330052793688,0.47286528675098827,0.7090909090909091,0.6545454545454545,55.0
17,-1,5640.0,True,False,62.5287356321839,218.04260781164137,133.59799230941738,,,,2.5391441168974342,1.7929264013596045,43.0,0.11627906976744186,,,,,,,,,,,,,
17,-1,5760.0,True,False,70.62068965517241,212.86547970395944,154.83736427296867,,,,2.0562120344048607,0.7129691077087312,45.0,0.24444444444444444,,,,,,,,,,,,,
17,-1,5790.0,True,False,64.57956015523934,220.0510758018203,105.97390598633231,,,,2.234268851132336,1.2909947943055038,40.0,0.2,,,,,,,,,,,,,
