subject,label,t0,ok_p1,ok_p2,HR,SDNN,RMSSD,DR,RI,AR,log10_Ew,E_ratio,n_beats,notch_rate,p2_HR,p2_SDNN,p2_RMSSD,appg_ba,appg_ca,appg_da,appg_ea,appg_agi,p2_log10_Ew,p2_E_ratio,appg_rate,appg_rate_full,p2_n_beats
2,0,306.546875,False,False,,,,,,,,,,,,,,,,,,,,,,,
2,0,336.546875,True,True,74.9367088607595,157.00362549848865,87.05242673240073,,,,2.9655166651313443,0.31357728858465084,48.0,0.4791666666666667,77.54919174045587,154.66756538713037,70.07925713319105,-0.8335873713083761,0.16404275046761,-0.23724402370438302,0.15575227882223946,-0.8600746463146933,2.9655166651313443,0.3587800709066039,0.9803921568627451,0.5882352941176471,51.0
2,0,366.546875,True,True,72.5230024213075,133.25674145441923,77.67004627724691,0.31616544921828393,0.7575789145693207,1.2454580901251069,2.416896595462741,0.5566849439113583,52.0,0.5192307692307693,71.58842620832439,116.9317794419485,68.62686054969726,-0.8603383574587357,0.24526487167532118,-0.21525306660599497,0.1345537367078478,-1.048963399631854,2.416896595462741,0.5112407539554527,1.0,0.5357142857142857,56.0
2,0,396.546875,True,True,69.67088607594935,71.70085190786368,54.77554003553238,,,,2.3242546007536267,0.5257107394197241,51.0,0.49019607843137253,70.99640384766195,105.833233111149,55.02011452786823,-0.8909957989699635,0.2744723709556964,-0.23345051970302133,,,2.3242546007536267,0.4419593557626998,1.0,0.423728813559322,59.0
2,0,426.546875,True,True,72.98245614035089,107.87358732614456,53.997561122173444,,,,3.0319183249328416,0.5316872479523306,47.0,0.40425531914893614,74.56690939603718,129.2550050381198,58.10597201443955,-0.8920378325063705,0.30382060457340443,-0.2346725055830193,,,3.0319183249328416,0.4641033840317733,0.9661016949152542,0.3050847457627119,59.0
2,0,456.546875,True,True,74.96007098491572,156.0215456498894,126.8739737232713,,,,3.1222042393103786,0.37032507408531135,39.0,0.28205128205128205,77.10664315940947,180.93466940562553,48.35028220519807,-0.8326152128086562,0.20270766214663616,-0.22797261002752683,,,3.1222042393103786,0.43103175920168285,0.9636363636363636,0.45454545454545453,55.0
2,0,486.546875,True,True,69.55471698113207,171.16203471141435,124.9472016871905,,,,2.2888863735642877,0.2481353266931005,56.0,0.42857142857142855,73.27476860174286,84.88284852244402,70.9629800732754,-0.8040817598909323,0.20270766214663616,-0.22441324792245043,0.1929200403030032,-0.9421796906295995,2.2888863735642877,0.2293605503491149,0.9833333333333333,0.5833333333333334,60.0
2,0,516.546875,True,True,72.58979206049149,104.86305006563464,89.70932384145424,0.25853704318668624,0.806554207588456,1.258121296977238,1.7554898621310033,0.3310131274062895,64.0,0.546875,74.83984833224147,113.73156804524336,55.70065821382989,-0.8726576739806594,0.22514271038303196,-0.2329880338935152,,,1.7554898621310033,0.301983595548672,0.9692307692307692,0.4,65.0
2,0,546.546875,True,True,71.2332531776022,89.07716273491883,62.698981719589916,,,,2.324992291445879,0.4475451002342031,61.0,0.4918032786885246,74.32012433625133,100.05074032901989,68.27506901357228,-0.8957217523008641,0.19584235238568276,-0.1381228796981727,0.12601338650125932,-1.1701209576269866,2.324992291445879,0.4313008005809831,1.0,0.5454545454545454,66.0
2,0,576.546875,True,True,71.82364729458918,122.55140400195555,56.56436279282119,,,,2.8757579066291368,0.5041881308272665,43.0,0.37209302325581395,76.67749382851187,170.26458234382275,93.3685079185396,-0.8957217523008641,0.1950331362413144,-0.15031740521050016,0.1778787159735006,-1.0004803640914213,2.8757579066291368,0.4754212970587544,0.9830508474576272,0.559322033898305,59.0
2,0,606.546875,True,True,70.30985915492958,139.8294806321119,112.53797102256198,0.2858613601887245,0.7804458909178864,1.3503951104184353,2.932241425525792,0.7326681982817818,41.0,0.5121951219512195,72.33450622725009,175.66928179136994,70.80178503593518,-0.7188501286100938,0.2036241555191235,-0.15951758029289106,,,2.932241425525792,0.6956286785765814,0.9622641509433962,0.4716981132075472,53.0
2,0,636.546875,True,True,70.57034220532319,108.13367995997912,95.34847584119053,0.2034148124336098,0.8543481314375664,1.3145626208613317,2.8566017372645094,0.48414472259000935,39.0,0.6410256410256411,74.32096280028601,158.61278056210455,50.494767475711285,-0.748480335181646,0.19319677788912837,-0.21252515707347505,0.08651558562686482,-0.7382488520271528,2.8566017372645094,0.394043193315664,0.9830508474576272,0.5084745762711864,59.0
2,0,666.546875,False,True,,,,,,,,,,,75.33069983131507,144.85229917096842,66.05377835937249,-0.7904140005808791,0.19953363578440048,-0.22596525590619235,0.09883886349175071,-0.840571092113822,2.9818335579688697,0.24790536943784006,0.9814814814814815,0.5740740740740741,54.0
2,0,696.546875,True,True,69.63730569948186,122.5719406961006,122.77386950164684,0.2595751053959522,0.8358960634040111,1.259926835580763,2.821926865468277,0.3802152763867927,45.0,0.5777777777777777,71.48886333048542,94.86733691030443,71.82958836500029,-0.8120239214573736,0.24215321057409175,-0.14357196533715622,0.12859381540464263,-1.0422463252306329,2.821926865468277,0.33232698668254784,0.9833333333333333,0.6833333333333333,60.0
2,0,726.546875,True,True,71.15577889447236,76.26923633477658,61.609218098568505,0.22882951356378467,0.8530335038651411,1.2957987006478857,1.4714171186246705,0.2556121305476037,63.0,0.7301587301587301,71.97474439187127,65.73343984023724,64.25822488163628,-0.8524866917713093,0.24662688468961405,-0.1458241884737307,0.12504405067960042,-1.0893067535645653,1.4714171186246705,0.2556121305476037,0.9850746268656716,0.5522388059701493,67.0
2,0,756.546875,True,True,73.72549019607844,82.4115979989246,79.31506389372144,0.23459896754900086,0.8265152120783331,1.2638998077016408,2.8069461148782033,0.32793285790671634,55.0,0.6363636363636364,75.25059012891843,104.93766575160726,49.76098761092113,-0.8086142323687493,0.25042250614792133,-0.2408060822393325,,,2.8069461148782033,0.28546970186587906,0.9838709677419355,0.45161290322580644,62.0
2,0,786.546875,True,True,72.06798866855524,90.29996827619681,92.1742575234539,,,,2.6657858129279997,0.19699151999153133,59.0,0.4406779661016949,72.99414471411185,106.22695979864774,67.7500067139767,-0.815069328322552,0.20037641475166057,-0.1884758351875064,0.06334392427359334,-1.0198491035172361,2.6657858129279997,0.2301157666672864,0.984375,0.515625,64.0
2,0,816.546875,True,True,70.02690582959642,52.615535683739694,66.07242551273256,,,,2.063082017400584,0.40924539873789373,63.0,0.4444444444444444,71.66768732436118,93.424282403344,66.19399488668493,-0.831132439342974,0.21740162231105986,-0.2040808399789209,,,2.063082017400584,0.35957196974157163,1.0,0.4090909090909091,66.0
2,0,846.546875,True,True,71.30674002751032,48.12670445854911,57.11145900780333,0.3358947499092646,0.7234685439668761,1.4114467519853666,2.200225848862749,0.5240450782932329,58.0,0.603448275862069,71.52403086510685,68.5013390214062,58.54451840266305,-0.831132439342974,0.30291267623171575,-0.2439441101706279,,,2.200225848862749,0.5240450782932329,1.0,0.234375,64.0
2,0,876.546875,True,True,72.63556116015133,73.78574345698496,72.47290966378496,,,,2.4095473516152066,0.5127471854718559,54.0,0.48148148148148145,75.01990570631021,121.7472163904359,57.355247247390814,-0.8185725720718147,0.3001241085836065,-0.22983271391271254,,,2.4095473516152066,0.4024260132765559,0.9833333333333333,0.31666666666666665,60.0
2,0,906.546875,True,True,70.9617807643847,108.52639595442074,85.66551209929987,,,,2.3397989079399104,0.2599748400203985,54.0,0.48148148148148145,74.98031518733958,147.22563993924823,45.98286252927164,-0.7375300289161076,0.15176817759563294,-0.32043802564797075,,,2.3397989079399104,0.21398765316839005,0.9642857142857143,0.42857142857142855,56.0
2,0,936.546875,True,True,71.11111111111111,117.17708287032922,92.46875432040913,0.2040647172657144,0.8673560332553358,1.2597850065089085,2.092951805524605,0.35803806827621254,59.0,0.5932203389830508,73.70775235496465,137.10264540802382,58.48987569435105,-0.7596954959901905,0.15122037804846145,-0.2966110317257708,,,2.092951805524605,0.3721378503859056,1.0,0.453125,64.0
2,0,966.546875,True,True,71.16179615110478,153.74715850726253,114.39939882122587,,,,1.9986742823454713,0.3807869173285905,60.0,0.4666666666666667,77.48892735754465,170.89930832351357,86.04030554556046,-0.8209453305446656,0.17380767945025422,-0.17482823033715067,0.1665644365814128,-0.9645566797022553,1.9986742823454713,0.3824899608196648,0.9701492537313433,0.5223880597014925,67.0
2,0,996.546875,True,True,70.68318584070796,158.7339675184424,127.01205178280101,,,,1.8979133953049323,0.5015715566639504,58.0,0.41379310344827586,76.95220032355074,159.44348657390887,103.53289424135626,-0.872118082483423,0.17552571709768755,-0.14845167353113503,0.20378074890088593,-1.1498136510353452,1.8979133953049323,0.4744708781603254,0.96875,0.546875,64.0
2,0,1026.546875,True,True,69.59223300970874,99.72027384349722,106.9371164516792,0.2771408402100363,0.7810914865119845,1.3136645865049168,1.9283637250377126,0.5359381753805751,60.0,0.5833333333333334,72.80379042789116,123.09391607451727,77.24459159112853,-0.74519858762566,0.23500452571508254,-0.23381252345102338,,,1.9283637250377126,0.5106768671251752,0.984375,0.40625,64.0
2,0,1056.546875,True,True,69.30626057529611,102.95872349839834,97.74757382441429,,,,1.8349015470412657,0.25038675845766434,66.0,0.42424242424242425,72.17503063302696,120.21857462602459,51.5589827635561,-0.6914130732248199,0.20341381769026384,-0.18683495220259705,,,1.8349015470412657,0.21788856033047874,0.9852941176470589,0.4264705882352941,68.0
2,0,1086.546875,True,True,69.1891891891892,85.63649206990243,72.62377399724676,,,,1.9110761580770506,0.21925206242711334,67.0,0.2835820895522388,69.31211909207124,59.481626308736196,51.101222323250965,-0.706731992969247,0.17702845705926037,-0.18452952967910224,0.04057967495469045,-0.8577930534317948,1.9110761580770506,0.21925206242711334,1.0,0.5,68.0
2,0,1116.546875,True,True,70.4905206139031,62.343982180087266,54.75598781644238,,,,1.992265715215145,0.29303314665236496,65.0,0.4461538461538462,72.90596632076506,115.74515037854037,63.61775144957742,-0.7915610430194819,0.2316695637760254,-0.18452952967910224,,,1.992265715215145,0.2764616764018427,1.0,0.4461538461538462,65.0
2,0,1146.546875,True,True,69.32940309506264,109.31994180298406,84.10945509303049,0.3612423307569002,0.7105659145689471,1.5495801863632008,2.3495309023739614,0.4446478420383359,56.0,0.5357142857142857,69.52866969350137,78.87654170504062,73.53926426694929,-0.8978065372336284,0.2468987361031273,-0.03527308820980756,0.12142162817332151,-1.340743116692157,2.3495309023739614,0.4033376732656117,0.9824561403508771,0.631578947368421,57.0
2,0,1176.546875,True,True,71.38780804150454,109.24514717017209,81.54520007091321,,,,2.5610468765781884,0.402146160347557,51.0,0.4117647058823529,73.29460958476228,131.8501048730311,59.41564261983474,-0.8001734941762797,0.20635216817679325,-0.10309400449102255,0.11300250930967365,-0.9870696272273479,2.5610468765781884,0.46223551668349167,0.9824561403508771,0.5789473684210527,57.0
2,0,1206.546875,True,True,70.72589382448537,94.33640133928716,78.79682725716471,,,,1.729387079854353,0.3014691976750152,58.0,0.43103448275862066,73.46045426318143,150.60135204951177,64.14290297480781,-0.8120624280509168,0.1872982737283701,-0.12728780802537631,0.14572876859818307,-0.948533752766962,1.729387079854353,0.32915403350594247,1.0,0.5,64.0
2,0,1236.546875,True,True,70.42586260491142,95.01463544444691,90.58607880690671,0.3017479119040921,0.7651689453575157,1.4182411897793277,1.6355934333800322,0.32341441426608486,63.0,0.5079365079365079,77.63588521827045,164.45259609271682,101.12320594522443,-0.8935537858128864,0.25675149177139517,-0.19537621189699672,,,1.6355934333800322,0.26906109048177757,0.9850746268656716,0.44776119402985076,67.0
2,0,1266.546875,True,True,71.43559143559143,102.31808711835963,101.18292363499923,,,,2.5606443951157,0.24996296977896013,59.0,0.4576271186440678,73.64535949034618,112.97317418348463,83.96423366809732,-0.8831329545165248,0.24148596759121313,-0.1774147852087586,0.10477015174081221,-1.086877993129458,2.5606443951157,0.2545130378546215,0.9672131147540983,0.5245901639344263,61.0
2,0,1296.546875,True,True,73.81831888428194,89.07566767124698,96.03050163525224,,,,2.717318327099382,0.329585453353525,59.0,0.423728813559322,75.8527841608666,99.23905545340351,60.18921909795824,-0.733234432445664,0.17859136474430137,-0.25202933082429335,,,2.717318327099382,0.2862452537440883,0.8833333333333333,0.4,60.0
2,0,1326.546875,True,True,74.86860695111613,72.89977616150028,78.70586301626028,0.1603947379726255,0.8868865662929166,1.1031084210512998,2.0260611048333197,0.2149199749429713,71.0,0.5070422535211268,75.17706962122342,67.05517818000187,56.13159927365047,-0.6892051915178763,0.16161434108691747,-0.21137914837324817,,,2.0260611048333197,0.1902463434722353,0.9305555555555556,0.3472222222222222,72.0
2,0,1356.546875,True,True,74.03921568627452,92.82307693630314,85.36607836199143,,,,2.7752657061773376,0.4607559136434568,64.0,0.4375,74.23313843248748,84.09697837758472,57.107431209538994,-0.7037642171214041,0.16710924266386382,-0.1991915902063575,,,2.7752657061773376,0.4607559136434568,1.0,0.30303030303030304,66.0
2,0,1386.546875,True,True,76.5038560411311,135.10095538211894,91.55414495441119,,,,3.476062457199813,0.3527499057822132,46.0,0.30434782608695654,81.70735996876513,169.48371497439774,86.71890180586801,-0.7452760970312582,0.15826534342431453,-0.2316381068570817,,,3.476062457199813,0.3536637286677444,0.9818181818181818,0.32727272727272727,55.0
2,1,2273.546875,False,False,,,,,,,,,,,,,,,,,,,,,,,
2,1,2303.546875,False,False,,,,,,,,,,,,,,,,,,,,,,,
2,1,2333.546875,False,False,,,,,,,,,,,,,,,,,,,,,,,
2,1,2363.546875,False,False,,,,,,,,,,,,,,,,,,,,,,,
2,1,2393.546875,False,False,,,,,,,,,,,,,,,,,,,,,,,
2,1,2423.546875,False,False,,,,,,,,,,,,,,,,,,,,,,,
2,1,2453.546875,False,False,,,,,,,,,,,,,,,,,,,,,,,
2,1,2483.546875,False,False,,,,,,,,,,,,,,,,,,,,,,,
2,1,2513.546875,False,False,,,,,,,,,,,,,,,,,,,,,,,
2,1,2543.546875,False,False,,,,,,,,,,,,,,,,,,,,,,,
2,1,2573.546875,False,False,,,,,,,,,,,,,,,,,,,,,,,
2,1,2603.546875,False,False,,,,,,,,,,,,,,,,,,,,,,,
2,1,2633.546875,False,False,,,,,,,,,,,,,,,,,,,,,,,
2,1,2663.546875,False,False,,,,,,,,,,,,,,,,,,,,,,,
2,1,2693.546875,False,False,,,,,,,,,,,,,,,,,,,,,,,
2,1,2723.546875,False,False,,,,,,,,,,,,,,,,,,,,,,,
2,1,2753.546875,False,False,,,,,,,,,,,,,,,,,,,,,,,
2,1,2783.546875,False,False,,,,,,,,,,,,,,,,,,,,,,,
2,1,2813.546875,False,False,,,,,,,,,,,,,,,,,,,,,,,
3,0,352.859375,True,True,55.362434921906285,154.8217210696876,126.06359033675723,,,,2.1354252838307057,1.703826474304786,45.0,0.06666666666666667,56.42371721065612,152.83513934880983,103.92964825970392,-0.7229529407438268,0.15874915556183797,-0.12870065031351707,0.04591241316930651,-0.810424673589444,2.1354252838307057,1.581263529087691,1.0,0.8863636363636364,44.0
3,0,382.859375,True,True,56.8986905582357,192.1657850749929,130.2864349098853,,,,2.071886205809254,0.7154075168237026,50.0,0.1,55.08327682305684,123.16844606245297,118.7768946419322,-0.7203153494173887,0.16574778773578433,-0.12142274750189017,0.04794647259315252,-0.7840326719035773,2.071886205809254,0.812212869336626,0.9782608695652174,0.8695652173913043,46.0
3,0,412.859375,False,False,,,,,,,,,,,,,,,,,,,,,,,
3,0,442.859375,False,True,,,,,,,,,,,69.17896740040172,340.070254914489,111.59285699149378,-0.7620853510517817,0.1384751934041521,-0.16973528599465992,0.06264535329301993,-0.7858533419793812,2.420705813941269,0.6315942292051124,0.9,0.56,50.0
3,0,472.859375,True,True,53.423820834747204,172.0239099943845,157.53863148496706,,,,1.9498738520085368,0.35133008124885307,46.0,0.17391304347826086,54.46557734717991,171.48588132376398,113.26299359462764,-0.6897359865723038,0.11224027637805317,-0.11159878673249995,0.056843216202223774,-0.7477253317301984,1.9498738520085368,0.36926520911296246,0.98,0.8,50.0
3,0,502.859375,True,True,53.93587786259542,132.81227799072096,132.34623092382944,,,,1.4558551854715873,0.2836581800901267,50.0,0.1,56.02876865157155,220.39102371342145,118.9592588970808,-0.6305278706043284,0.08161583757682879,-0.1444781135966066,0.09259149175691614,-0.6727214731204268,1.4558551854715873,0.2333148261708836,1.0,0.8703703703703703,54.0
3,0,532.859375,True,True,52.8440366972477,148.9811432051109,133.1643623340469,,,,1.7172967809543525,0.8188341291421196,47.0,0.2127659574468085,55.548549121460944,215.13106770117344,121.11111095404047,-0.6899890735501236,0.11670740490984119,-0.13331979405807437,0.11395817060579279,-0.756255834148614,1.7172967809543525,0.7736254787110544,1.0,0.875,48.0
3,0,562.859375,True,True,53.093674386450054,154.49282378856134,139.75424859373686,,,,1.8207559352702205,0.38456979231314187,46.0,0.2826086956521739,58.01429481068617,222.73278322182125,111.75945648175994,-0.7174223638398416,0.1481115726476497,-0.11844586088575768,0.062224294928041525,-0.8249569007663491,1.8207559352702205,0.33931588257842593,1.0,0.8222222222222222,45.0
3,0,592.859375,True,True,56.070087609511894,221.30763949143034,119.16730404841198,,,,2.0786304791043695,0.3093629784375455,44.0,0.3181818181818182,68.36303685305327,298.135858948093,101.62745873240989,-0.7174223638398416,0.11121433705600274,-0.1621369864966441,0.06204448624410207,-0.7490381459254226,2.0786304791043695,0.2987663299023164,0.9814814814814815,0.6111111111111112,54.0
3,0,622.859375,True,True,59.839715048975954,215.49194378476068,182.18534314250525,,,,2.1620321827789004,0.36233844926951203,46.0,0.2826086956521739,69.05310242438598,250.70817649149996,104.81450484726999,-0.6943218126261311,0.11813419754726416,-0.17934103293690268,0.04886252749826147,-0.7125153912065807,2.1620321827789004,0.35495641305337144,0.9629629629629629,0.6111111111111112,54.0
3,0,652.859375,True,True,60.56782334384857,165.9749355413075,188.63588230702558,,,,2.2997016015418437,0.3636127382082367,45.0,0.2,68.02542173278444,205.50128120104662,113.87221167379504,-0.695718572874623,0.14632021090947334,-0.13762340454207583,0.06901168430886845,-0.7854866787555853,2.2997016015418437,0.2818509357455126,0.9607843137254902,0.7254901960784313,51.0
3,0,682.859375,True,False,52.85336156696664,202.85762728355908,145.19484484219817,,,,2.3565822914338566,0.5658746465725056,36.0,0.3055555555555556,,,,,,,,,,,,,
3,0,712.859375,True,True,53.477088948787056,181.2957626692581,145.1007321492145,,,,2.0879386116967784,0.4610083666968389,38.0,0.21052631578947367,57.65629689676308,257.12094766376754,91.2850130281718,-0.7196042314108393,0.1419105049596854,-0.11533768294734498,0.07296678334423767,-0.8321995118137859,2.0879386116967784,0.4726030733913772,1.0,0.75,48.0
3,0,742.859375,True,True,54.193548387096776,158.27842761714152,136.32098124085883,,,,1.7894957221170733,0.3782213619339337,47.0,0.1276595744680851,55.488442327795426,166.1066207062908,109.14238480721166,-0.6801230446960027,0.11536607441800235,-0.10459624147075362,0.07769272057610702,-0.7504148151968812,1.7894957221170733,0.3454014860522442,1.0,0.8627450980392157,51.0
3,0,772.859375,True,True,54.79915433403806,154.6751115575083,153.3321303168387,,,,2.8438702407871075,1.746984266139955,36.0,0.3611111111111111,57.13226326227577,227.49326036852085,123.77264745862676,-0.7509273909646675,0.1348286394151767,-0.1413303457126479,0.10570562447178762,-0.8287836584710406,2.8438702407871075,1.5795320408308733,0.9761904761904762,0.8095238095238095,42.0
3,0,802.859375,False,False,,,,,,,,,,,,,,,,,,,,,,,
3,0,832.859375,False,True,,,,,,,,,,,60.05073981353516,247.7033925826435,102.63199536275705,-0.8131287000759211,0.19156168968498052,-0.10772299067273111,0.0954566918124676,-1.0035712762453026,2.965120681409105,0.5532323022205888,0.9444444444444444,0.6388888888888888,36.0
3,0,862.859375,True,True,53.74045801526718,236.29070303829042,150.64346112909243,,,,2.0115661387474653,0.9267521766523881,40.0,0.2,54.34448306035749,174.46277814892318,109.5216149159269,-0.7158542237023447,0.12354138836481697,-0.11390429289836163,0.12335446451473026,-0.8446480159939311,2.0115661387474653,0.9267521766523881,0.9487179487179487,0.8205128205128205,39.0
3,0,892.859375,False,False,,,,,,,,,,,,,,,,,,,,,,,
3,0,922.859375,False,False,,,,,,,,,,,,,,,,,,,,,,,
3,0,952.859375,True,True,54.03837953091684,164.29203594960958,137.37236289721073,,,,2.2033576174784106,1.803294504053207,39.0,0.05128205128205128,55.87099772714734,207.77186967021868,118.21216783639413,-0.7090673362515933,0.14254553215532978,-0.1695645999761928,0.09449663057466405,-0.7458395651608793,2.2033576174784106,1.2992269757055028,0.9545454545454546,0.8181818181818182,44.0
3,0,982.859375,True,False,55.192660550458704,122.19790178202987,134.58842240371922,,,,1.0451840122445024,0.28430164211572817,52.0,0.07692307692307693,,,,,,,,,,,,,
3,0,1012.859375,True,False,54.38772499262319,137.04210747721822,155.24228615526854,,,,0.9985912258886851,0.30652211751574615,51.0,0.17647058823529413,,,,,,,,,,,,,
3,0,1042.859375,True,True,52.40870527480634,170.9114662156155,157.7474540500076,,,,1.5419115158153804,0.45636493867964567,41.0,0.2926829268292683,58.14575373451957,244.56938507167342,104.9038208079948,-0.7467078095768107,0.1245160854001627,-0.1928409025413287,0.12101046946593373,-0.7246637442776878,1.5419115158153804,0.359537563542457,0.9782608695652174,0.7608695652173914,46.0
3,0,1072.859375,True,True,50.832072617246595,195.27914631174446,157.9152335341428,,,,1.7414043528323022,0.5667911268558509,39.0,0.28205128205128205,59.35858731972731,303.57832193305245,123.10326100750113,-0.7158949372694049,0.12326205071881696,-0.0935003208023091,0.07291543065583718,-0.846062312563677,1.7414043528323022,0.3385484430898529,0.9782608695652174,0.717391304347826,46.0
3,0,1102.859375,True,True,53.89473684210527,204.85120802154088,153.8317327762012,,,,1.9804245769218525,0.9816089728245005,46.0,0.21739130434782608,55.59455148014198,239.54889931669763,106.9400340652031,-0.7010906835381038,0.10840379045661765,-0.06154420277255697,0.05873061899721754,-0.7927849160607972,1.9804245769218525,0.8708027776887847,0.9607843137254902,0.7058823529411765,51.0
3,0,1132.859375,True,True,54.18234442836469,166.83625976295934,106.01229537574089,,,,2.0071344505625777,0.8837544124141591,45.0,0.2222222222222222,54.39905337749698,155.33384835336898,118.24417812872699,-0.7063173855608944,0.08345520141307822,-0.06116862146891084,0.06318487278273335,-0.7913579955562731,2.0071344505625777,0.8837544124141591,0.9591836734693877,0.7551020408163265,49.0
3,0,1162.859375,True,True,51.008174386920984,157.39501178612744,149.63307777262912,,,,1.7711736493224177,0.4918491167602752,44.0,0.13636363636363635,52.91853561578168,168.37102607559945,124.1471395628627,-0.6850842110884994,0.0908687939154745,-0.08908540705699253,0.0633179246336443,-0.767429597282759,1.7711736493224177,0.39250583708994174,0.9791666666666666,0.8541666666666666,48.0
3,0,1192.859375,True,True,51.33247089262613,221.86837412490303,183.21936561810273,,,,2.334403890537463,3.295300375993451,42.0,0.42857142857142855,51.896624740644526,173.0849152249532,105.59830686699452,-0.6850616065137587,0.1298544647031589,-0.13659450442691645,0.10593389533902356,-0.8101273570994637,2.334403890537463,2.6713129073221613,1.0,0.85,40.0
3,0,1222.859375,True,True,54.511041009463725,202.4695621843222,150.07322431483237,0.42460866548194026,0.6563450589482994,0.6607988081595688,2.154535538221807,2.5910325385303246,45.0,0.5555555555555556,55.69181253289533,213.1332291432731,88.22379666941454,-0.7105392622641792,0.16008071151088782,-0.18721520932740868,0.20077201962193766,-0.9751980746233946,2.154535538221807,2.1426118933771368,1.0,0.8604651162790697,43.0
3,0,1252.859375,True,False,53.980830670926515,157.93390984762226,162.4267412991546,,,,1.07199500123306,0.5663424453932386,48.0,0.4375,,,,,,,,,,,,,
3,0,1282.859375,True,False,54.4519940915805,172.0710192467534,154.03256093938532,,,,0.8677123074649393,0.6007212702848798,51.0,0.47058823529411764,,,,,,,,,,,,,
3,0,1312.859375,True,False,53.29890251775338,192.062346988716,132.04169069614545,,,,0.8787543952250398,0.6963736377714683,49.0,0.40816326530612246,,,,,,,,,,,,,
3,0,1342.859375,True,False,53.38388625592417,164.30535483778203,129.7356616808374,,,,0.8203227882601313,0.3564577294921141,48.0,0.3333333333333333,,,,,,,,,,,,,
3,0,1372.859375,True,True,53.09324758842444,123.7249389453338,142.327346211927,,,,1.0392160720609334,0.40403923542104864,45.0,0.4,54.22125975419133,124.60899580203494,94.41786675157772,-0.6343086469222379,0.14990050365755908,-0.17122178697035723,0.09502232828101143,-0.7529364129395433,1.0392160720609334,0.42643909510739697,0.9772727272727273,0.8863636363636364,44.0
3,0,1402.859375,True,True,53.27783558792924,99.35107834759584,108.90897742878377,,,,1.5435357683330442,0.4595212725312437,44.0,0.18181818181818182,56.870162060999654,185.7969934354743,74.68440147013108,-0.6511270451251673,0.11225596750917285,-0.13219871230319877,0.10284957444196344,-0.7554940343518125,1.5435357683330442,0.37564591184019397,0.9791666666666666,0.7916666666666666,48.0
3,0,1432.859375,True,True,53.188484519282994,75.06635136892652,104.53580427298581,,,,1.125178379273174,0.2173806441899829,52.0,0.0,54.582788519581044,115.36697604162437,101.26112071803583,-0.6749877390278187,0.08720116525478422,-0.09490396035537342,0.10511447624430237,-0.732209682961322,1.125178379273174,0.22376474908459937,1.0,0.9333333333333333,45.0
3,1,2243.859375,True,True,111.07438016528926,62.27223710892571,42.66095857295797,,,,1.602576288593291,0.3192666353675732,46.0,0.08695652173913043,111.76229001318586,98.0032320840654,70.29246536732947,-0.7910169974820314,0.1760893519547514,-0.26066476455749743,,,1.602576288593291,0.2851497919000246,0.9861111111111112,0.16666666666666666,72.0
3,1,2273.859375,True,True,99.93355481727573,116.41478397605474,75.81030457929454,,,,1.4729649729076886,0.3636537873000254,60.0,0.21666666666666667,103.78658480570641,57.344769458894184,47.24218354513486,-0.7629745676605975,0.18948735322247232,-0.26006413529972255,,,1.4729649729076886,0.3590455049103995,0.9705882352941176,0.27941176470588236,68.0
3,1,2303.859375,True,True,89.3854748603352,167.63259106371498,89.57482151055981,,,,1.5914366639335535,0.2748690457556473,61.0,0.2459016393442623,95.39675417310619,68.43933199593211,53.05273239784419,-0.6595450553001135,0.13458896753726246,-0.3073567297730639,,,1.5914366639335535,0.21330000654261774,0.9516129032258065,0.4032258064516129,62.0
3,1,2333.859375,True,True,85.90604026845637,160.2563540440116,91.90900731157964,,,,1.8683948759786007,0.39566139257387806,60.0,0.18333333333333332,88.41443647650672,118.8034445869286,76.78872233546211,-0.542651148724791,-0.029288546164310057,-0.29472972050298873,0.04958028727294487,-0.28900551981365474,1.8683948759786007,0.41600657654616424,0.9807692307692307,0.6153846153846154,52.0
3,1,2363.859375,True,True,81.75824175824177,168.3581422019705,133.89136387918595,,,,1.878115092711573,0.6994076352145124,42.0,0.19047619047619047,78.68619944735613,176.63693144394114,105.77811092409897,-0.6021179284313076,-0.030665682913692406,-0.32913474244415275,0.10233880937505362,-0.32389645761681796,1.878115092711573,0.7002642921120676,0.9777777777777777,0.6666666666666666,45.0
3,1,2393.859375,True,True,92.04671173939768,152.16488394569828,134.41133229754104,,,,1.7277067444873475,0.6314988357207921,56.0,0.21428571428571427,89.30261921364708,137.88983663841125,91.66401021715578,-0.6020305895923694,0.09448758045350097,-0.33219988626838665,,,1.7277067444873475,0.7323822569393643,0.9833333333333333,0.4,60.0
3,1,2423.859375,True,True,92.49827942188575,159.72115974659815,122.31491119238079,,,,1.537652505674132,0.6859467458489885,54.0,0.14814814814814814,97.23652699580353,138.01688098647247,109.1457284945516,-0.6915897695686477,0.20077978179988543,-0.410107242196438,,,1.537652505674132,0.551066028077509,0.9655172413793104,0.3103448275862069,58.0
3,1,2453.859375,False,False,,,,,,,,,,,,,,,,,,,,,,,
3,1,2483.859375,True,True,77.51552795031056,179.69324823581562,113.5503269824112,,,,1.4589084169846886,0.31714287660188584,42.0,0.14285714285714285,82.19794217551525,144.35722896561745,146.350571615964,-0.6814361542745977,0.03048551939861979,-0.4610772027465437,0.15750628407868045,-0.23320566854976035,1.4589084169846886,0.28997932665083653,0.9215686274509803,0.6078431372549019,51.0
3,1,2513.859375,True,True,73.74110953058322,203.0290974569256,143.14865161199856,,,,1.2130660247451712,0.6240412982290872,41.0,0.2682926829268293,78.35014972828849,149.29958764544656,108.35743157765629,-0.5892115432869347,0.13726643927820437,-0.4714098790708645,0.27561405443410536,-0.37444873044981397,1.2130660247451712,0.5312564786680581,0.9565217391304348,0.7391304347826086,46.0
3,1,2543.859375,True,True,75.4997269251775,168.3756088990416,154.65037667147672,,,,1.0133067183762468,0.6483204582512253,47.0,0.23404255319148937,77.4952031744134,138.9895947688974,95.6634734292031,-0.5654994646655642,0.20162325420021338,-0.4640577859429064,0.25897545315113696,-0.44349146484323726,1.0133067183762468,0.7088920678183749,0.9629629629629629,0.7962962962962963,54.0
3,1,2573.859375,True,True,84.78900883218841,159.3312043707615,148.75489392254994,,,,0.8546220839440961,0.14685380790334046,58.0,0.2413793103448276,91.8622314597474,102.73408002888866,93.85978106625888,-0.603921067694563,0.18132958840174465,-0.4638209110017666,0.18308846525390415,-0.27935952292021204,0.8546220839440961,0.1594488330741598,0.921875,0.546875,64.0
3,1,2603.859375,True,True,89.68858131487889,149.49566137140783,137.05316244413152,,,,0.7412004022002893,0.09144262812786896,47.0,0.2553191489361702,95.6676298402363,112.09404023370705,60.25136108031788,-0.7873844623030716,0.19364623905910333,-0.41619370822170393,,,0.7412004022002893,0.0845953535975182,0.8833333333333333,0.43333333333333335,60.0
3,1,2633.859375,False,False,,,,,,,,,,,,,,,,,,,,,,,
3,1,2663.859375,False,True,,,,,,,,,,,95.15577724161707,95.72089922220619,93.33819294545856,-0.8057210777305712,0.19312813578464963,-0.39723166119557596,,,1.1171492679339015,0.0980467100862825,0.9655172413793104,0.4482758620689655,58.0
3,1,2693.859375,True,True,82.15320910973084,179.33469630757787,133.98684248213826,,,,0.982225670600974,0.15939818061942443,44.0,0.3409090909090909,91.75152001273776,94.80077902452527,86.66854410348796,-0.7857083773238718,0.23039595127124196,-0.4559113290443766,0.19882677840159046,-0.6780495031289666,0.982225670600974,0.13662987792193806,0.9622641509433962,0.5283018867924528,53.0
3,1,2723.859375,True,False,76.70702179176756,201.84162608783228,162.23874732261865,,,,0.5951949208301255,0.2812933885011351,49.0,0.4897959183673469,,,,,,,,,,,,,
3,1,2753.859375,False,True,,,,,,,,,,,82.77778986828423,142.12314846848975,98.26369324311342,-0.7049425943031786,0.14316418564472433,-0.5797622573349305,0.28829219558146857,-0.7045836245724619,0.5693077121976605,0.30135978259231355,0.9166666666666666,0.625,48.0
3,1,2783.859375,False,False,,,,,,,,,,,,,,,,,,,,,,,
3,1,2813.859375,False,False,,,,,,,,,,,,,,,,,,,,,,,
4,0,285.296875,True,True,70.1565995525727,168.61176310733268,133.57841129570943,,,,2.8304021804004136,0.22341029208015667,55.0,0.43636363636363634,73.60623554815812,146.15808505889277,88.74944185487789,-0.6153496230418773,0.1696507479392596,-0.14809149573798114,,,2.8304021804004136,0.21380255986454702,0.9666666666666667,0.45,60.0
4,0,315.296875,True,True,67.72486772486772,167.67092872054536,134.67818054969587,0.14974543224888603,0.9184631587539281,1.153185761234157,2.5452491570902063,0.18040072202582608,55.0,0.509090909090909,69.86560247422436,154.90371040316643,104.82156236990635,-0.6136921391883858,0.15167963084806405,-0.1507196146879384,,,2.5452491570902063,0.18006226229027025,0.9666666666666667,0.43333333333333335,60.0
4,0,345.296875,True,True,64.3152709359606,184.83243355170936,142.2034429837357,,,,2.467395028045713,0.20273338827030718,55.0,0.4909090909090909,63.9821880599242,138.6691075349615,100.09674884457937,-0.6278592394342093,0.14864844573235822,-0.14373323181652858,,,2.467395028045713,0.18967121840014523,1.0,0.4642857142857143,56.0
4,0,375.296875,True,True,64.46346280447663,185.85883057299372,158.004265076162,,,,2.3510128157589794,0.25801116493165605,57.0,0.38596491228070173,64.00291533577767,121.54872640067597,87.24601517251948,-0.639389049553234,0.14513481701763997,-0.12983291067288333,,,2.3510128157589794,0.24316878752993706,0.9830508474576272,0.4576271186440678,59.0
4,0,405.296875,True,True,61.49903907751441,173.6819441668933,185.2173234686183,,,,2.3442247954650717,0.2597135507790251,55.0,0.45454545454545453,61.740138256066125,77.201470185213,78.67170995013424,-0.6345898909160719,0.14895954894141275,-0.14697719869911535,,,2.3442247954650717,0.24073755024708643,1.0,0.4642857142857143,56.0
4,0,435.296875,True,True,59.58620689655172,175.48646447471805,183.83199477411864,,,,2.3465531026046325,0.24338617121764064,56.0,0.48214285714285715,60.43798798500233,104.19890964214497,91.402606845107,-0.6489933608438703,0.14424270612137077,-0.17026307698884724,,,2.3465531026046325,0.24338617121764064,1.0,0.42105263157894735,57.0
4,0,465.296875,True,True,59.3644431720584,210.4170963967009,176.68460011179997,,,,2.3086475870139327,0.2418198601266158,56.0,0.3392857142857143,61.21081625730148,138.899252526981,91.34025855423991,-0.656747681372426,0.13804429983552313,-0.14123426272693743,,,2.3086475870139327,0.2535396791356648,0.9827586206896551,0.46551724137931033,58.0
4,0,495.296875,True,True,59.561018437225634,202.23556595212432,164.26039332266353,,,,2.2702650194664686,0.2584849235605236,57.0,0.40350877192982454,61.273452949932974,151.1871698936434,97.16923715617142,-0.6455571672145979,0.14053979831038377,0.008335812259814652,0.11299667567175954,-0.9820375870638927,2.2702650194664686,0.26920421748056933,1.0,0.5423728813559322,59.0
4,0,525.296875,True,True,59.449541284403665,169.22862217601337,158.28008129456904,0.18041836286093008,0.9076069749232466,1.2037243280753163,2.215925516373768,0.28365095161173387,56.0,0.5892857142857143,62.14990721561974,151.58785934265637,108.59270171543609,-0.65711819034856,0.1558220530309437,-0.1679146167358161,,,2.215925516373768,0.27291642105651115,0.9672131147540983,0.45901639344262296,61.0
4,0,555.296875,True,True,59.06009683850755,190.89619639273457,161.340228527222,0.15581001949414716,0.9245127856921406,1.280402750428036,2.182530528165443,0.32113972169041566,56.0,0.6071428571428571,61.95322018787295,147.37584951347455,91.85860897795666,-0.6701664972595652,0.17002781450250146,-0.17463053038759355,,,2.182530528165443,0.2905464733406596,0.95,0.4,60.0
4,0,585.296875,True,True,57.744360902255636,193.9902174122472,138.55804186660944,0.1488938461341034,0.9228110926844898,1.3306897106424511,2.2111704718854384,0.3360115876398105,56.0,0.5535714285714286,59.50932163982479,116.34658808750933,77.91588985067462,-0.6575699639778557,0.1597432469131048,-0.15830551220407582,,,2.2111704718854384,0.28440822597237564,0.9827586206896551,0.43103448275862066,58.0
4,0,615.296875,True,True,60.45413260672117,183.04266830136075,160.84814131960687,0.1487728854872983,0.9262648926639496,1.292949540095464,2.3215312745820307,0.26551122485666917,56.0,0.625,60.936183972904956,88.76099193391167,87.574063296892,-0.653330797479283,0.14855324268482092,-0.15830551220407582,,,2.3215312745820307,0.26551122485666917,1.0,0.49122807017543857,57.0
4,0,645.296875,True,True,64.97884803123983,172.2578071923478,144.45360096197794,0.18055089876162722,0.8939352340244053,1.2866268159931098,2.471998667273659,0.2503643404558824,57.0,0.5263157894736842,66.55814846197947,116.34361056394431,78.5447490226138,-0.6719206991175604,0.16452534528201807,-0.15403107682286227,,,2.471998667273659,0.22633642129314155,0.9830508474576272,0.4406779661016949,59.0
4,0,675.296875,True,True,62.66009852216749,171.392936253526,155.73576092902638,0.20967872244352176,0.8698309273988246,1.2698863658057127,2.3947113097634354,0.29714338330156276,57.0,0.5614035087719298,66.37289084943912,146.2051926994564,84.59387804128482,-0.6709877817401495,0.17869375428470913,-0.1943639401566678,,,2.3947113097634354,0.25543351565228684,0.9841269841269841,0.2698412698412698,63.0
4,0,705.296875,True,True,58.92857142857143,192.86694946440943,169.77324572274424,0.173756902727327,0.9096467025875232,1.2783194239927298,2.283791312528778,0.3592379939964661,56.0,0.6428571428571429,62.75951123357665,162.04253540763526,96.33310350716918,-0.6585221832972963,0.17647035647858583,-0.18682980975455016,,,2.283791312528778,0.32565079676831865,1.0,0.38333333333333336,60.0
4,0,735.296875,True,True,55.77898034747935,196.53672697238957,153.7515769473377,0.15388192873410902,0.9375426091635851,1.2841047350079624,2.3179271709623075,0.3505525955109753,53.0,0.5660377358490566,60.82201441583541,206.61642945479787,107.07589225368281,-0.6587044137717977,0.1537049345272993,-0.1685391436405334,,,2.3179271709623075,0.30925545228006657,1.0,0.4107142857142857,56.0
4,0,765.296875,True,True,58.13196229648671,178.89969164004788,128.20455743769062,0.16496488959097746,0.9243627686420028,1.3129072457617939,2.3025493212177928,0.34043810046715167,55.0,0.6363636363636364,62.63661915830214,169.37070875105834,85.69818529569892,-0.6572019267449327,0.16116898697936935,-0.19977781089910335,,,2.3025493212177928,0.27713675491936707,1.0,0.2542372881355932,59.0
4,0,795.296875,True,True,58.786221979223626,164.90536043981626,142.47909660279996,0.1533204520298746,0.926890731626573,1.2905136817119718,2.2984864074438707,0.29779922284405363,57.0,0.7192982456140351,59.482018993680974,82.79306669321555,73.60160449151162,-0.6515650824095309,0.16729361164227352,-0.19977781089910335,,,2.2984864074438707,0.27407466666934016,1.0,0.3448275862068966,58.0
4,0,825.296875,True,True,63.34733053389323,199.33907062555988,128.07658116100654,0.20197043494041297,0.8639545952538944,1.3062817136579556,2.2486296806281785,0.2863589296824635,58.0,0.6551724137931034,66.26000736302325,163.25267476062527,82.34218417171836,-0.6601509062122609,0.186964491595575,-0.20923972244081732,,,2.2486296806281785,0.2935999423025743,0.9836065573770492,0.2786885245901639,61.0
4,0,855.296875,True,True,66.51968503937007,159.10171244583967,97.06497135822339,0.23354676254222692,0.8388870021886178,1.316149091682028,2.2519719031101424,0.32537416420292464,59.0,0.6949152542372882,69.42045397014887,136.54604634381792,100.9648520818649,-0.6673209014963386,0.20779241933506737,-0.1994340988672535,,,2.2519719031101424,0.3073568461623383,0.9838709677419355,0.1774193548387097,62.0
4,0,885.296875,True,True,57.62770562770563,168.77010722827742,138.41580670889795,0.18086706405211428,0.904922986028855,1.3405188045046448,2.35614328048964,0.3438438303875862,54.0,0.7037037037037037,59.419552552779116,136.1565766443054,122.25005608939935,-0.6687719824706992,0.17224740975816386,-0.18263120056775783,,,2.35614328048964,0.28727101188899473,0.9814814814814815,0.3148148148148148,54.0
4,0,915.296875,True,True,56.035242290748904,178.3263604818615,165.24756880575313,0.15347781156575074,0.9279062982412503,1.3683255170500512,2.3626577379370692,0.3115858230265183,54.0,0.7407407407407407,56.87906756559995,127.62286480976748,114.83472766015055,-0.6731901332039448,0.15424847730567381,-0.1636170441298651,,,2.3626577379370692,0.3115858230265183,0.9814814814814815,0.4074074074074074,54.0
4,0,945.296875,True,True,58.046511627906966,168.60993572768336,140.88998952837477,0.15674522013397216,0.9209295458713125,1.3095070217621916,2.327223548486225,0.3572237797766042,54.0,0.7592592592592593,58.704710428492156,117.29363678361322,105.54677145694602,-0.6773034395039373,0.16340734083321395,-0.1783740469746601,,,2.327223548486225,0.3271923416923169,1.0,0.40350877192982454,57.0
4,0,975.296875,True,True,57.64434180138568,171.78177747478975,162.08714916245245,0.16047775451689875,0.9176755215150788,1.326573489017816,2.2978673834578744,0.349687026279316,54.0,0.6851851851851852,59.91939436059083,147.27305302953755,103.4899648528208,-0.6836082082095046,0.1714234414954855,-0.18578993284508716,,,2.2978673834578744,0.29654992249940215,0.9827586206896551,0.3620689655172414,58.0
4,0,1005.296875,True,True,58.24600110314396,192.07041905358793,162.0034480728728,0.15844318096885307,0.9169855470601205,1.2845219208605614,2.3137876707823883,0.3273862313397669,56.0,0.7142857142857143,60.77429411667677,140.62239082295343,91.25449770737826,-0.6958335596980985,0.17666964559637494,-0.18534893341639652,,,2.3137876707823883,0.3188819056737392,0.9827586206896551,0.3620689655172414,58.0
4,0,1035.296875,True,True,58.89236012496449,156.1727294086427,119.31355156188053,0.1572449765234416,0.9215709327196824,1.2810567507290314,2.300345329768696,0.3321632297698635,55.0,0.8181818181818182,59.99084292821545,104.15381011253126,88.9929969762326,-0.6989857918028123,0.1652269471235998,-0.16700861467903125,,,2.300345329768696,0.30778179558213087,0.9827586206896551,0.4482758620689655,58.0
4,0,1065.296875,True,True,57.39742086752638,174.78376434028644,129.58437899873505,0.15005233984280134,0.9386335960245525,1.339359885374765,2.2861225980472226,0.3471919880262526,54.0,0.8148148148148148,58.51585473516808,96.4510268532773,96.21341417784664,-0.6995932548771242,0.15772695853757795,-0.1473669187928864,,,2.2861225980472226,0.31815787055982087,0.9824561403508771,0.47368421052631576,57.0
4,0,1095.296875,True,True,56.38046600702203,163.9170407047227,130.5015637605136,0.14349219394197532,0.9436226070666612,1.3773085087033718,2.2857481415336016,0.32807387935464494,51.0,0.6470588235294118,59.37520765253851,167.65943993790057,91.70319326040608,-0.683223533929948,0.1585124035894935,-0.17173968186497443,,,2.2857481415336016,0.2932545613971861,0.9818181818181818,0.38181818181818183,55.0
4,0,1125.296875,True,True,56.45398412231697,121.91219670466587,98.52662726269435,0.1412203088881959,0.9403198373708304,1.3623150463988551,2.2751755697202025,0.34564404268667487,53.0,0.7358490566037735,60.88376516523504,208.37507483213847,90.73133048119163,-0.6826668816742401,0.1689333983573211,-0.1941835486243282,,,2.2751755697202025,0.33177894999025637,0.9821428571428571,0.30357142857142855,56.0
4,0,1155.296875,True,True,61.707398727820554,164.67447234309958,96.69501589002905,0.20473651366800516,0.8818384056835341,1.3445456524320982,2.2550960947931373,0.39529808999684407,53.0,0.7735849056603774,67.01515813056687,173.28738942121103,82.58731929389036,-0.6828504772894766,0.1811885803804701,-0.20927169155390407,,,2.2550960947931373,0.3323035477948936,0.9666666666666667,0.26666666666666666,60.0
4,0,1185.296875,True,True,66.44808743169399,229.96004739892427,132.0610937135767,0.27926648632500545,0.8117012523659404,1.340028484864565,2.7815361718133067,0.24553035134918613,46.0,0.5869565217391305,71.00863490730336,118.53693001569602,48.082197780206315,-0.6791781323884983,0.22183663545136226,-0.24192670673338323,,,2.7815361718133067,0.21226635838239025,0.9423076923076923,0.19230769230769232,52.0
4,0,1215.296875,True,True,62.676822633297064,236.89142385363448,123.71162204775872,,,,2.904073451927406,0.248070301599921,41.0,0.4634146341463415,68.29547483252735,205.11632722554472,89.14188603602204,-0.6785578199972617,0.16807298705174448,-0.22522369327656883,,,2.904073451927406,0.24350898873686586,0.9411764705882353,0.23529411764705882,51.0
4,0,1245.296875,True,True,59.95642701525055,204.4926908400504,165.9053793805596,0.15565044965972152,0.9126446960865751,1.2154951422128595,2.3425117719895687,0.39105459103707996,50.0,0.56,66.84474623827776,208.7010174288693,115.02637183282518,-0.6425296277241466,0.15135276079001153,-0.18565135288565218,,,2.3425117719895687,0.2880342675007758,0.9824561403508771,0.24561403508771928,57.0
4,0,1275.296875,True,True,58.82847702012616,142.45607983295258,152.34957315942984,0.15083065224316367,0.9154041161334223,1.2877911916317752,2.246577866678068,0.3123031662288279,55.0,0.7272727272727273,64.03909354231276,176.71146414182283,108.03695337552988,-0.6706031312877893,0.15269839481524167,-0.18565135288565218,,,2.246577866678068,0.2495780181712146,0.9666666666666667,0.38333333333333336,60.0
4,0,1305.296875,True,True,58.015963511972636,145.45190156697325,139.46913252268558,0.14286658141789865,0.9296659132576891,1.3139324442587843,2.207504354035486,0.35159039837983164,55.0,0.7818181818181819,61.80626019275172,134.9456278392481,116.18501722796731,-0.6834468981675424,0.15399434681419533,-0.163232570270161,0.13735687261695165,-1.0361640122518916,2.207504354035486,0.29346242614473655,0.9649122807017544,0.5087719298245614,57.0
4,0,1335.296875,True,True,57.33125972006221,169.07135426254135,128.93061824040456,0.1414308836043355,0.9300311432705417,1.3125542068587333,2.178811802864649,0.39156718329209245,53.0,0.6981132075471698,61.205051628846554,160.03620935463897,128.99566770298082,-0.6843506205271047,0.14597108327730193,-0.16276025867910524,,,2.178811802864649,0.3542936374266995,0.9821428571428571,0.44642857142857145,56.0
4,0,1365.296875,True,True,58.465286236297196,168.94947582828738,121.89216912032184,0.14355004516725464,0.918106843666746,1.3107793533564063,2.2336275655954725,0.33248281893688336,54.0,0.6296296296296297,62.096103457721654,159.48853029096313,126.13211307159203,-0.6789464080394251,0.14597108327730193,-0.16023958168609306,,,2.2336275655954725,0.3019440687187276,1.0,0.45614035087719296,57.0
4,1,3613.296875,False,False,,,,,,,,,,,,,,,,,,,,,,,
4,1,3643.296875,False,False,,,,,,,,,,,,,,,,,,,,,,,
4,1,3673.296875,False,False,,,,,,,,,,,,,,,,,,,,,,,
4,1,3703.296875,False,False,,,,,,,,,,,,,,,,,,,,,,,
4,1,3733.296875,True,False,79.83903420523139,182.4562429130804,136.26536929115758,,,,2.7566315373687686,0.4479802353851609,44.0,0.29545454545454547,,,,,,,,,,,,,
4,1,3763.296875,False,False,,,,,,,,,,,,,,,,,,,,,,,
4,1,3793.296875,False,False,,,,,,,,,,,,,,,,,,,,,,,
4,1,3823.296875,False,False,,,,,,,,,,,,,,,,,,,,,,,
4,1,3853.296875,True,False,68.57142857142857,173.26354097048124,172.9811705115979,,,,2.4788055787870023,0.5190520758331697,44.0,0.29545454545454547,,,,,,,,,,,,,
4,1,3883.296875,True,False,68.9108910891089,175.83191490704084,173.94585783609028,,,,2.5187361551538108,0.3462207018217564,43.0,0.37209302325581395,,,,,,,,,,,,,
4,1,3913.296875,False,False,,,,,,,,,,,,,,,,,,,,,,,
4,1,3943.296875,False,False,,,,,,,,,,,,,,,,,,,,,,,
4,1,3973.296875,False,False,,,,,,,,,,,,,,,,,,,,,,,
4,1,4003.296875,False,False,,,,,,,,,,,,,,,,,,,,,,,
4,1,4033.296875,False,False,,,,,,,,,,,,,,,,,,,,,,,
4,1,4063.296875,False,False,,,,,,,,,,,,,,,,,,,,,,,
4,1,4093.296875,False,False,,,,,,,,,,,,,,,,,,,,,,,
4,1,4123.296875,False,False,,,,,,,,,,,,,,,,,,,,,,,
4,1,4153.296875,False,False,,,,,,,,,,,,,,,,,,,,,,,
4,1,4183.296875,False,False,,,,,,,,,,,,,,,,,,,,,,,
5,0,279.375,False,False,,,,,,,,,,,,,,,,,,,,,,,
5,0,309.375,False,False,,,,,,,,,,,,,,,,,,,,,,,
5,0,339.375,False,False,,,,,,,,,,,,,,,,,,,,,,,
5,0,369.375,True,False,70.86505190311419,181.6734789703481,133.11449797962814,0.4046360657602984,0.6973575121036825,1.2621549937409176,3.160523527583964,0.4929818099169172,43.0,0.627906976744186,,,,,,,,,,,,,
5,0,399.375,True,False,70.40902679830748,173.8371391893529,135.5815361366601,,,,3.103154144273156,0.7569275567262821,38.0,0.42105263157894735,,,,,,,,,,,,,
5,0,429.375,True,True,64.36994219653178,179.53098103867578,139.90830439865204,,,,3.013791959744642,0.9388541647317719,38.0,0.34210526315789475,66.87696754742123,150.97087444819007,40.33855274270786,-0.5834662062194427,0.08258711553073503,-0.2161623652654175,0.09974134351759222,-0.6526080599079787,3.013791959744642,0.7334042892045662,0.9090909090909091,0.5757575757575758,33.0
5,0,459.375,True,True,62.7290198590647,155.31953346405018,132.012621597442,,,,2.2591214737283485,0.27676066372295566,55.0,0.2909090909090909,62.01920686581266,75.71917239162214,52.02532579206037,-0.5179478689957457,0.07129577360737627,-0.14101102633037468,0.03835242912154761,-0.5154951406611977,2.2591214737283485,0.27676066372295566,0.9814814814814815,0.7407407407407407,54.0
5,0,489.375,True,True,60.93223140495868,96.45313856247887,98.05806756909202,,,,2.809484175305492,0.270247427332899,53.0,0.20754716981132076,61.18933624488718,43.52848084344939,24.976364181025808,-0.5218595360726854,0.06938504950924104,-0.11314877286621801,0.031263462592302796,-0.5228674594002967,2.809484175305492,0.270247427332899,1.0,0.7857142857142857,56.0
5,0,519.375,False,True,,,,,,,,,,,61.97281576168472,100.69143102736035,28.622817081708455,-0.5833833933253019,0.08771227456675011,-0.1426387010132411,0.05372164528281395,-0.6034316369170762,3.309309848910318,0.22370218881517362,1.0,0.8409090909090909,44.0
5,0,549.375,False,True,,,,,,,,,,,63.94602446751057,126.51811865976099,64.90999844715476,-0.6369884518918629,0.11262870343001356,-0.18875330250359157,0.06453181361358784,-0.6565617302031238,3.347452080419947,0.1500421700740398,0.9722222222222222,0.8333333333333334,36.0
5,0,579.375,False,True,,,,,,,,,,,63.025231671987015,112.57414461863355,99.10586615801071,-0.6209200494680781,0.12978656397615748,-0.20214645864664343,0.08889928885519466,-0.6745686020254623,3.034983845928813,0.3645603722388948,0.9782608695652174,0.7608695652173914,46.0
5,0,609.375,False,True,,,,,,,,,,,60.839733952889794,106.0845184361029,70.82262750589791,-0.6246355844473781,0.07540387796099272,-0.29655088045728517,0.15617196040690431,-0.6581433845412314,3.1410931988533126,0.2828070415118818,1.0,0.6904761904761905,42.0
5,0,639.375,True,True,61.26178390137781,196.0113309551891,141.20251783047874,,,,2.8776594500930988,0.23805681026039882,32.0,0.46875,60.81523375729377,122.06471230236825,64.90576013135265,-0.6851466349375841,0.08748611996872897,-0.3885184978409336,0.20454053862168264,-0.6749786962375315,2.8776594500930988,0.23805681026039882,0.9761904761904762,0.6666666666666666,42.0
5,0,669.375,True,True,61.141088014153034,180.44075209708342,123.0745041013069,0.47424741462188175,0.6811529867730217,1.4022009211376592,2.1713116035148343,0.3873931467595252,46.0,0.717391304347826,74.37260126207482,251.8721571007896,125.6109774194146,-1.0423326117931666,0.3784877788634471,-0.4298957457647346,0.22180176480390568,-0.9440359795243047,2.1713116035148343,0.25299854481815837,0.9622641509433962,0.6037735849056604,53.0
5,0,699.375,True,True,62.131018153117594,85.73979475556033,54.52312481604372,,,,2.675481098855974,0.22468185416330994,49.0,0.40816326530612246,67.02900537737735,186.7416557170255,61.029597114826785,-0.7813275128752293,0.21745557988322456,-0.1856420840034945,0.09690367462917651,-0.9146491683257729,2.675481098855974,0.17948794190769995,0.9821428571428571,0.7321428571428571,56.0
5,0,729.375,True,True,62.679396365876194,77.71230802678417,54.742182045457774,,,,1.7413991506697042,0.220306640757849,57.0,0.10526315789473684,62.34452630268411,52.33382118909832,28.931656583708556,-0.7501941588967396,0.21242238862541837,-0.12350909399636889,0.08838392040281118,-0.9056861800881182,1.7413991506697042,0.220306640757849,0.9473684210526315,0.6842105263157895,57.0
5,0,759.375,True,True,61.55819172811798,112.35863070602387,105.2956258252677,,,,1.8660541357878715,0.32460288306226637,55.0,0.09090909090909091,65.30574646130664,150.14430151298916,59.180898562687695,-0.8006109913762232,0.21533288894612157,-0.1388819016148003,0.07800314362349951,-1.0223943310255674,1.8660541357878715,0.2741995164645473,0.9298245614035088,0.5964912280701754,57.0
5,0,789.375,True,True,60.510557831705015,133.1154632734304,118.18254873534161,,,,1.9037852426010413,0.32050197273631403,55.0,0.12727272727272726,63.88947783884988,125.64837788935243,54.0357007294643,-0.8057754646643278,0.19245203491560775,-0.1092641940613713,0.07940963347095246,-1.0547450329264778,1.9037852426010413,0.25660320232839195,0.9830508474576272,0.6949152542372882,59.0
5,0,819.375,True,True,61.97320341047502,140.9239032272964,82.5117824747417,,,,2.5827621608443088,0.5373617980636638,56.0,0.14285714285714285,62.372986530261606,91.27053299616452,39.82684508032763,-0.7007371798538865,0.13787989491371247,-0.06974532973124173,0.0926041288970842,-0.9790652758615201,2.5827621608443088,0.5373617980636638,0.9821428571428571,0.6607142857142857,56.0
5,0,849.375,True,True,60.73410922112802,111.10587462211109,77.15488101794739,,,,2.635743783478191,0.5432682053890087,56.0,0.17857142857142858,60.696860263586586,70.81198500344377,52.073831049956084,-0.6366848146265798,0.14746523710069237,-0.12846556106156812,0.07940510058863282,-0.808118715579419,2.635743783478191,0.5432682053890087,1.0,0.6296296296296297,54.0
5,0,879.375,True,True,60.67456700091157,97.61912473050786,55.92028069093709,,,,2.1523887895437834,0.2555973214046377,56.0,0.21428571428571427,61.956169081836066,100.20161206232575,76.94272177577272,-0.7000490338903873,0.16636845456295288,-0.15182055006639245,0.04107653213738009,-0.8632439353591488,2.1523887895437834,0.23783232623657422,1.0,0.6181818181818182,55.0
5,0,909.375,True,True,63.114186851211066,86.1599788940065,62.97170480509961,,,,2.9483384874457594,0.20422673070151537,46.0,0.2826086956521739,63.29453819369614,77.55915453811141,35.108433948787095,-0.7451685728599199,0.1865908788928078,-0.17755878637665606,0.1254477994769232,-0.9464884567163897,2.9483384874457594,0.20422673070151537,0.9824561403508771,0.6491228070175439,57.0
5,0,939.375,False,False,,,,,,,,,,,,,,,,,,,,,,,
5,0,969.375,True,True,61.32921174652242,88.90953781219703,73.04056933320358,,,,3.09041234774283,0.41535519593777276,37.0,0.2972972972972973,63.02425056808954,128.05749333213325,65.82309531097384,-0.7534903146610284,0.15455290244152098,-0.18143722258402628,0.06209128515812269,-0.8166943661011921,3.09041234774283,0.30770743878491696,1.0,0.7142857142857143,49.0
5,0,999.375,True,True,61.26608337622233,177.66695020428662,66.7500292602932,,,,3.153918218225347,0.8363088497391976,41.0,0.36585365853658536,65.91883081712503,191.05436784597643,73.20015432916168,-0.7497742482725449,0.14758011546851885,-0.18143722258402628,0.06743747315482282,-0.815473424738974,3.153918218225347,0.6570001174864183,0.9811320754716981,0.660377358490566,53.0
5,0,1029.375,False,False,,,,,,,,,,,,,,,,,,,,,,,
5,0,1059.375,False,False,,,,,,,,,,,,,,,,,,,,,,,
5,0,1089.375,False,True,,,,,,,,,,,68.4057248640514,164.79712492837658,104.19292301247083,-0.6735705721686731,-0.028198764543791867,-0.451538724059581,0.16556294650620929,-0.3860482525302156,2.580678850956989,0.2942464954806911,0.9019607843137255,0.7058823529411765,51.0
5,0,1119.375,False,True,,,,,,,,,,,69.07721970661302,168.90554137139878,99.12091544093374,-0.7570448698197404,0.035826757693185066,-0.451538724059581,0.1111881053035649,-0.3861064346328831,3.1559033190763346,0.24636552400452633,0.9111111111111111,0.7111111111111111,45.0
5,0,1149.375,True,True,71.73100871731009,201.00993213294703,106.58647701905403,0.5475899125047663,0.5475695408634262,1.1483196072604214,3.030196592135909,0.22310628197925014,41.0,0.6097560975609756,77.75450284452867,187.07782259968297,74.03109248352669,-0.8663920424159115,0.23443855556981802,-0.23395940908266152,0.11238227632912237,-0.9938503786038368,3.030196592135909,0.20848813740757435,0.9387755102040817,0.5510204081632653,49.0
5,0,1179.375,True,True,69.22587486744433,159.1229854504468,66.21115042209576,,,,2.7759522216475228,0.5077042736735631,47.0,0.48936170212765956,73.52185262256987,165.13577115448442,59.3646781277942,-0.8204648535246473,0.18330657962959124,-0.22668336682257345,0.09293317353402059,-0.8909196437039086,2.7759522216475228,0.42379496280964435,1.0,0.6122448979591837,49.0
5,0,1209.375,False,False,,,,,,,,,,,,,,,,,,,,,,,
5,0,1239.375,False,False,,,,,,,,,,,,,,,,,,,,,,,
5,0,1269.375,True,True,62.0990099009901,55.27465111810965,54.32234456984729,,,,2.5823372606432815,0.08637568187456253,52.0,0.4807692307692308,63.069974314224474,99.73237196002076,59.9575200720124,-0.7191104748385551,0.14838520505962838,-0.09953322514381087,0.1290075445388155,-0.8452414459122165,2.5823372606432815,0.06825304644630284,1.0,0.625,56.0
5,0,1299.375,True,True,63.4500991407799,111.6178566286208,65.4291790482674,,,,2.3396238196284256,0.31969625661159,55.0,0.43636363636363634,66.94841115715103,171.8937805107707,39.490230198063024,-0.7592321251404299,0.1943523672004271,-0.2178507419730858,0.1188096852999859,-0.8291815897313148,2.3396238196284256,0.2799654052441106,1.0,0.6071428571428571,56.0
5,0,1329.375,True,False,65.80645161290322,164.00645475537243,69.31585316505885,0.47381248878301213,0.6069071588805737,1.8847805404553166,3.2392882411147905,0.4252305128219087,40.0,0.5,,,,,,,,,,,,,
5,0,1359.375,False,True,,,,,,,,,,,67.71344701352226,215.71032578064526,70.51325020108507,-0.7261330352981762,0.1947737048524284,-0.17524125617353142,0.09429618486712141,-0.8515626380605122,3.1627406814978634,0.4157211623828631,0.9814814814814815,0.5925925925925926,54.0
5,0,1389.375,True,True,60.883352208380515,126.76877654994695,99.81129112883751,,,,2.421612067591843,0.28200184522961214,49.0,0.22448979591836735,60.96546367601246,128.20903165499874,76.43451832560663,-0.6688378040549534,0.1689749056382565,-0.1686118425039524,0.021278444438970624,-0.6905233271789234,2.421612067591843,0.28200184522961214,1.0,0.5740740740740741,54.0
5,1,3602.375,False,False,,,,,,,,,,,,,,,,,,,,,,,
5,1,3632.375,False,False,,,,,,,,,,,,,,,,,,,,,,,
5,1,3662.375,False,False,,,,,,,,,,,,,,,,,,,,,,,
5,1,3692.375,False,False,,,,,,,,,,,,,,,,,,,,,,,
5,1,3722.375,False,False,,,,,,,,,,,,,,,,,,,,,,,
5,1,3752.375,False,False,,,,,,,,,,,,,,,,,,,,,,,
5,1,3782.375,False,False,,,,,,,,,,,,,,,,,,,,,,,
5,1,3812.375,False,False,,,,,,,,,,,,,,,,,,,,,,,
5,1,3842.375,False,False,,,,,,,,,,,,,,,,,,,,,,,
5,1,3872.375,False,False,,,,,,,,,,,,,,,,,,,,,,,
5,1,3902.375,False,False,,,,,,,,,,,,,,,,,,,,,,,
5,1,3932.375,False,False,,,,,,,,,,,,,,,,,,,,,,,
5,1,3962.375,False,False,,,,,,,,,,,,,,,,,,,,,,,
5,1,3992.375,False,False,,,,,,,,,,,,,,,,,,,,,,,
5,1,4022.375,False,False,,,,,,,,,,,,,,,,,,,,,,,
5,1,4052.375,False,False,,,,,,,,,,,,,,,,,,,,,,,
5,1,4082.375,False,False,,,,,,,,,,,,,,,,,,,,,,,
5,1,4112.375,False,False,,,,,,,,,,,,,,,,,,,,,,,
5,1,4142.375,False,False,,,,,,,,,,,,,,,,,,,,,,,
5,1,4172.375,False,False,,,,,,,,,,,,,,,,,,,,,,,
6,0,642.703125,False,True,,,,,,,,,,,77.35479761412252,180.06408509876064,67.8648476193429,-0.6528763106876594,0.19018899000522896,-0.2270867031141196,0.056005156606139264,-0.6157054728852057,2.4701134731736696,0.15651232250529232,0.9622641509433962,0.5094339622641509,53.0
6,0,672.703125,True,True,70.656,190.9184157840915,163.40670297972386,,,,2.40344226063214,0.12927870780293033,55.0,0.2545454545454545,69.8255926180334,97.32339932761452,46.95204737323891,-0.6587078571762411,0.16741140753828537,-0.14852996483290806,0.0016018094696480672,-0.6389589432554919,2.40344226063214,0.15620068196865544,0.9622641509433962,0.5660377358490566,53.0
6,0,702.703125,True,True,69.17469627147047,149.53471724593493,146.93593594091726,,,,1.9831048195116938,0.26714140160372174,53.0,0.49056603773584906,69.08492168222412,61.816214324871225,37.389132429822816,-0.6613094471876552,0.21246931132680366,-0.14459133461791315,,,1.9831048195116938,0.26714140160372174,1.0,0.49056603773584906,53.0
6,0,732.703125,True,True,70.31536113936927,186.16630496724892,155.92797698730314,0.20651803639660274,0.8606458227587614,1.1719447966250927,2.284483486510632,0.2636356367607888,49.0,0.5714285714285714,73.53941638300253,124.69864666204145,35.15665021821427,-0.7043294486723899,0.23339310077029862,-0.18962860695285932,,,2.284483486510632,0.24399836809784797,1.0,0.4230769230769231,52.0
6,0,762.703125,True,True,66.15505090054816,189.24678534935126,153.09310892394862,,,,1.7449050508223416,0.2868102824402842,54.0,0.4444444444444444,67.31376926255362,76.47327809378376,59.1212609639518,-0.6493714575587806,0.20601621701309997,-0.17252574110751662,0.008699282495057475,-0.7454824338109369,1.7449050508223416,0.2582301160110066,0.9824561403508771,0.5789473684210527,57.0
6,0,792.703125,True,True,65.32354903268846,166.77998598599953,172.2398724474513,,,,1.885092366197036,0.2583025005563645,57.0,0.42105263157894735,66.61367636412375,85.31588027364468,56.82834979757635,-0.6229183701571649,0.2205274703247312,-0.16730682668924024,0.008041349493561325,-0.7367292321745847,1.885092366197036,0.2161388522367766,0.9830508474576272,0.559322033898305,59.0
6,0,822.703125,True,True,68.03603603603602,182.84614122847114,174.7898353598941,0.20159665205609928,0.8867561001646528,1.2878389735650289,1.8789307717024148,0.2748382804090561,63.0,0.5238095238095238,68.63953202273338,87.1815652517665,40.707831513176906,-0.6408410572360959,0.2192860970066624,-0.14006315394568264,,,1.8789307717024148,0.2748382804090561,0.984375,0.453125,64.0
6,0,852.703125,True,True,66.62627375378685,166.45839821857476,147.5858722029756,,,,1.7644668411132616,0.2505110108187509,64.0,0.4375,66.64421184131196,63.825824109062445,41.1368678265466,-0.6427023769226601,0.1931077454298567,-0.1360016592352018,0.01492305848946299,-0.8052806855200674,1.7644668411132616,0.2505110108187509,1.0,0.5396825396825397,63.0
6,0,882.703125,True,True,66.94484138325235,182.32959695156973,156.75142756811772,,,,1.712881577129542,0.24457971772955836,64.0,0.359375,67.32468856011386,128.45046352367237,56.15298435938959,-0.6422221898916034,0.18616214560482447,-0.14391107149055296,0.019025659709691525,-0.726509547073702,1.712881577129542,0.24457971772955836,0.984375,0.546875,64.0
6,0,912.703125,True,True,67.1686925585532,158.58047980336022,162.0285629397895,,,,1.62887034824621,0.25553163136115864,64.0,0.453125,69.4280897228255,149.72644970089266,63.40379229031137,-0.6536182006358077,0.1714874335573157,-0.14773178113916063,,,1.62887034824621,0.25228986259852937,1.0,0.4925373134328358,67.0
6,0,942.703125,True,True,67.05882352941177,172.89990473080388,147.46371991734262,0.1530887450831508,0.9190127637915904,1.1230354698379585,1.7514644293750503,0.2276355337378057,62.0,0.5161290322580645,68.71386351629566,136.6183323383683,56.921416591526516,-0.6677982482638386,0.17069188160677023,-0.15429575246790508,0.010614558014419117,-0.8094882458216976,1.7514644293750503,0.24210925092357413,0.9841269841269841,0.5079365079365079,63.0
6,0,972.703125,True,True,66.18407445708377,191.53528683591523,138.31755911340724,0.13466820686531353,0.9308192935852202,1.1409399156465292,1.8923466459300897,0.3021448670171581,57.0,0.5964912280701754,68.41887428774434,126.46934613583069,62.30464935909976,-0.6426586281276213,0.17019195511810672,-0.15293647621817053,0.02261586646134781,-0.79374894618028,1.8923466459300897,0.29213045351542605,1.0,0.5666666666666667,60.0
6,0,1002.703125,True,True,65.96319018404907,156.8090647641513,126.96099449052772,0.17626156870859827,0.8864594102694963,1.183741529340816,1.847181202711308,0.31397858361777925,60.0,0.7166666666666667,65.91241469318544,58.943819323184385,43.84447392558708,-0.6326282110787618,0.17590992249195989,-0.16554618199163912,0.039998781078565825,-0.8055772897928115,1.847181202711308,0.31397858361777925,1.0,0.532258064516129,62.0
6,0,1032.703125,True,True,65.287616888637,147.29339036481724,136.29522694830104,0.17674942679662664,0.8841830977143976,1.1549254999338152,1.774206694646592,0.2736406472217606,62.0,0.7419354838709677,65.96385832856805,83.48475192684381,40.97183216411628,-0.6369383225975574,0.18002815098980637,-0.16401885728644702,0.021919342681906623,-0.7422501517679858,1.774206694646592,0.250738312380432,1.0,0.5714285714285714,63.0
6,0,1062.703125,True,True,65.0223642172524,150.60148006813182,139.44034486346132,0.15762433776967633,0.9063176369899605,1.1324081554133056,2.062429412059381,0.25369024788892264,58.0,0.5862068965517241,68.78679096572648,131.85945652446858,83.60899045911535,-0.6380371172718018,0.16821412101880812,-0.16743652391183045,0.030647793474194367,-0.6757366961750029,2.062429412059381,0.21181511398067096,0.9833333333333333,0.5166666666666667,60.0
6,0,1092.703125,True,True,66.85020242914979,174.63631179320384,141.6984888617012,,,,2.4559232477083675,0.23402962036593422,51.0,0.4117647058823529,77.65215527932199,209.29622265945355,99.38924811064909,-0.6543678400672265,0.15714836771127488,-0.20009181729844178,,,2.4559232477083675,0.19791537101468237,0.9444444444444444,0.3148148148148148,54.0
6,0,1122.703125,True,True,67.61816496756256,198.91219606728518,115.43369665036471,,,,2.451419401006442,0.23744168084069284,48.0,0.3333333333333333,72.9240597908166,182.21587396858936,62.20010331006892,-0.6389749504395594,0.15761885050405,-0.1861777841251433,,,2.451419401006442,0.23098307773416518,0.9056603773584906,0.37735849056603776,53.0
6,0,1152.703125,True,True,66.63145982648057,199.83605193376857,166.39641322825221,,,,2.0878495921559708,0.22240603592637032,54.0,0.3148148148148148,71.28972490094348,160.8042491136986,54.355863472057074,-0.644731352731454,0.15928190948442458,-0.13853538774082222,,,2.0878495921559708,0.1960436921486764,0.9642857142857143,0.4642857142857143,56.0
6,0,1182.703125,True,True,66.64462809917356,193.37691449929065,166.79753127734654,,,,2.2216924467532575,0.20655700494897508,51.0,0.39215686274509803,71.20520192814035,156.25844001537268,46.92231456667575,-0.657680169817157,0.17731023310032523,-0.15201820809930855,,,2.2216924467532575,0.18776315249063263,0.9818181818181818,0.41818181818181815,55.0
6,0,1212.703125,True,True,69.27161334240981,145.3373581005643,123.84050294816532,0.1643730285249795,0.9044157598674328,1.170982211318392,2.111678041763813,0.23178710303116778,60.0,0.5833333333333334,70.75441202246196,108.1361569872499,34.10490925308772,-0.6623540238793442,0.1975758270490672,-0.158211728205358,,,2.111678041763813,0.19154798407995005,0.9841269841269841,0.4444444444444444,63.0
6,0,1242.703125,True,True,69.60725075528701,141.12365728341638,97.33368985031878,0.19641308872790894,0.8713390525641159,1.2580317959343859,2.0233799806162445,0.3143497052262369,60.0,0.65,71.84193216158047,93.22891053354832,53.1787775305524,-0.6779654123101351,0.21736991312975407,-0.18575797894048568,,,2.0233799806162445,0.2839302638280827,1.0,0.3333333333333333,66.0
6,0,1272.703125,True,True,65.40499621498866,176.0413864978943,139.19410907075056,0.21886997137728845,0.8619073803920089,1.1962868421196955,2.2519677719428053,0.3290863312093635,54.0,0.5185185185185185,68.31460783236508,108.53703919000604,64.70828277903331,-0.6687455802721554,0.2044918482643401,-0.17986810832231456,,,2.2519677719428053,0.29046395695817706,1.0,0.2545454545454545,55.0
6,0,1302.703125,True,True,68.72108249672632,196.253829143551,160.07394642434363,,,,2.603163943389757,0.41125745268340624,51.0,0.3137254901960784,66.0923299803793,104.46744965332518,64.37568372548431,-0.6539403105093586,0.1891996268313028,-0.16934773048964719,,,2.603163943389757,0.4680160674372956,0.98,0.42,50.0
6,0,1332.703125,True,True,73.09934562760262,188.92204255907393,156.89206316858133,,,,2.775520413456308,0.3167294267407963,45.0,0.3333333333333333,73.34896987298279,102.71180946217204,58.085127329461656,-0.746799702757354,0.22379143921511496,-0.1906458454791377,,,2.775520413456308,0.3167294267407963,0.96,0.34,50.0
6,0,1362.703125,False,True,,,,,,,,,,,79.61767492888535,120.55158102837834,85.82143039764453,-0.7997240990077201,0.285958228989885,-0.18878612462916772,,,2.695027425337301,0.21638742852269588,0.9795918367346939,0.40816326530612246,49.0
6,0,1392.703125,True,True,70.37263286499694,162.82933167458484,150.6820431405149,0.3056282303827189,0.8103980220020467,1.171513248936135,2.520677901113774,0.32159703510044074,43.0,0.5116279069767442,73.7988686901656,137.3537850073049,71.69709162252134,-0.7415866606242938,0.28600538599084124,-0.25146194636296937,,,2.520677901113774,0.27543941296585567,0.9811320754716981,0.41509433962264153,53.0
6,0,1422.703125,True,True,70.30183077684315,200.98874490164778,158.57643070456592,0.2572296122802127,0.8376356288712209,1.160059360847961,1.3049783064684701,0.34884462864874133,49.0,0.5102040816326531,76.1890045451594,190.30963717071538,55.346121701937975,-0.7278819183705668,0.21832947724295054,-0.2480162471991458,,,1.3049783064684701,0.2853001931534836,0.9818181818181818,0.36363636363636365,55.0
6,0,1452.703125,True,True,67.56598240469208,160.68094882260473,144.3274987565482,0.2928733364871489,0.7767876438139012,1.2768250829227927,1.4947023290818973,0.29451604079040367,50.0,0.66,74.37729723600417,169.43390492521794,48.162586896557954,-0.7218157168628067,0.22765883967135184,-0.22036379353619007,,,1.4947023290818973,0.2622828786454638,0.9827586206896551,0.41379310344827586,58.0
6,0,1482.703125,True,True,74.72597299444004,137.9157542660234,114.21853351114213,0.28445731858613826,0.8140846555820404,1.2198525275364815,1.8150171802866584,0.4067158823696155,57.0,0.631578947368421,75.34430355525114,106.37372999854269,46.00040818365601,-0.7544207670489984,0.29526188316271496,-0.19303940977148668,,,1.8150171802866584,0.364978966539795,0.9836065573770492,0.36065573770491804,61.0
6,0,1512.703125,True,True,71.59960745829245,178.19233285814147,128.66205852883766,0.23669883486240648,0.8905521947475178,1.1343401774521285,1.8941249369201758,0.36490722211432,62.0,0.5645161290322581,73.7616729876453,128.3731864435029,34.48071944104584,-0.711468218541041,0.30107660211396103,-0.19303940977148668,,,1.8941249369201758,0.372422966163551,1.0,0.265625,64.0
6,0,1542.703125,True,True,71.93388429752066,165.8441904414581,129.28492010721757,0.1940168655770217,0.908831549117498,1.0835177310292758,1.81553842835504,0.30849256138251174,69.0,0.6521739130434783,73.57356667509671,123.77889813512125,50.3348343973893,-0.6786549641311456,0.28017188030842183,-0.1774360247440826,,,1.81553842835504,0.3264305081242622,1.0,0.2676056338028169,71.0
6,0,1572.703125,True,True,76.7504835589942,130.63526210325387,93.18323176196334,0.2378014835654287,0.861474689627763,1.1532119073039517,1.7815262825144775,0.4479126694937036,68.0,0.6617647058823529,77.62754887901941,113.0300973845603,63.01321773385991,-0.6978346693069105,0.27992622438023607,-0.17277419019906315,,,1.7815262825144775,0.4479126694937036,0.9861111111111112,0.3055555555555556,72.0
6,0,1602.703125,True,True,75.0,154.6652589612336,94.15322766731056,0.30282398390286763,0.8226629438876105,1.214028696297773,1.6902856716891825,0.41199542904957775,57.0,0.5614035087719298,76.4288434886262,107.48762278293945,36.21471937514983,-0.7487914753840692,0.2864436178933374,-0.22292494262070944,,,1.6902856716891825,0.41199542904957775,0.9836065573770492,0.3442622950819672,61.0
6,0,1632.703125,True,True,70.93975903614458,170.515732960915,153.09310892394862,0.29466304348869615,0.8292401554532638,1.197250970404379,1.6288460778281615,0.2543200928858699,56.0,0.5535714285714286,74.55305578921605,128.97843866981492,34.806165491258454,-0.7309976253055818,0.2861909494979947,-0.26970496498270485,,,1.6288460778281615,0.24942594087487532,1.0,0.3114754098360656,61.0
6,0,1662.703125,True,True,69.7029702970297,157.4397047351918,150.2451922307717,0.22295681743484327,0.8771670461362631,1.1373598104221994,1.78665739354742,0.2707119278803288,60.0,0.5,71.87327344883016,117.0366666161477,52.90267134288425,-0.7006416892418734,0.25238468815263465,-0.18921123926093383,,,1.78665739354742,0.24149192916916895,1.0,0.453125,64.0
6,0,1692.703125,True,True,70.18943170488534,144.23330862501626,140.71177878024284,,,,1.8736926023706,0.2480844187868474,61.0,0.36065573770491804,72.5300808207849,104.99729182511953,53.303287706775855,-0.6928855250830321,0.21909776876320106,-0.16235530194840497,,,1.8736926023706,0.23718654549777585,1.0,0.4603174603174603,63.0
6,0,1722.703125,True,True,71.71187194308581,153.72201857807227,156.64013793565172,,,,2.3659920905154914,0.3109359430718576,52.0,0.38461538461538464,74.35027685674822,114.65260397225421,74.679845171977,-0.7068806573815946,0.23868266860718235,-0.16184075645708773,,,2.3659920905154914,0.30904416811498175,0.9833333333333333,0.4,60.0
6,0,1752.703125,True,True,69.02927580893683,142.90862878679752,114.78185589179279,0.21505615110466897,0.8512380223432847,1.1987860557345622,2.3780318980731594,0.40547667384917835,45.0,0.6222222222222222,69.43258340054115,104.89500698932885,55.55672314444217,-0.7190858435930643,0.23032334448027453,-0.16175049840478004,,,2.3780318980731594,0.3583524257313455,1.0,0.4642857142857143,56.0
6,1,2440.703125,True,True,80.36753445635529,194.4516087953755,150.38716606116722,,,,1.9825787450958368,0.1418363662315193,54.0,0.24074074074074073,83.19029432128714,148.3476220711187,99.3246395458598,-0.6683526427921478,0.11118719667292033,-0.36435750967633973,0.05815055541249812,-0.4817108563072792,1.9825787450958368,0.14541220837052743,0.9629629629629629,0.5,54.0
6,1,2470.703125,False,True,,,,,,,,,,,82.21360420893943,210.14617132886954,132.87557514017863,-0.6913133259910209,0.13552511216998836,-0.35430398155100495,,,2.5625006662991607,0.11628603931620393,0.9183673469387755,0.3877551020408163,49.0
6,1,2500.703125,False,False,,,,,,,,,,,,,,,,,,,,,,,
6,1,2530.703125,False,False,,,,,,,,,,,,,,,,,,,,,,,
6,1,2560.703125,False,False,,,,,,,,,,,,,,,,,,,,,,,
6,1,2590.703125,False,False,,,,,,,,,,,,,,,,,,,,,,,
6,1,2620.703125,False,False,,,,,,,,,,,,,,,,,,,,,,,
6,1,2650.703125,False,False,,,,,,,,,,,,,,,,,,,,,,,
6,1,2680.703125,False,False,,,,,,,,,,,,,,,,,,,,,,,
6,1,2710.703125,False,True,,,,,,,,,,,76.11607473089468,92.1345891701793,60.10383234651083,-0.7253905781805358,0.1747935259273468,-0.19320622527496584,0.04587497102974439,-0.7518746894871245,2.437623655339213,0.1211789358885466,1.0,0.6136363636363636,44.0
6,1,2740.703125,True,True,76.11893583724569,178.54817887726446,150.45503896513404,,,,1.427581217100574,0.1878871542743024,49.0,0.20408163265306123,77.50066262423614,105.10549702758567,50.325417111797975,-0.6522505364547567,0.15784756404478884,-0.1966816417289779,0.08436210243733279,-0.6457405368192138,1.427581217100574,0.20786037787014028,0.9814814814814815,0.6481481481481481,54.0
6,1,2770.703125,True,True,83.9803171131766,144.29364781888842,137.70108402502382,,,,1.8984547016490116,0.11273088766071088,52.0,0.19230769230769232,85.6143436880904,121.25009654344387,118.22059401732056,-0.7011193265696081,0.16846707573588576,-0.26666158931315276,0.06979419039089427,-0.5254028483362297,1.8984547016490116,0.0940032244757447,0.9444444444444444,0.5555555555555556,54.0
6,1,2800.703125,True,True,84.44200109950522,181.1486889436675,158.12674982562774,,,,2.1059126061898534,0.10962655343404773,52.0,0.057692307692307696,83.55649240162325,151.8237837853581,127.66206087603807,-0.6906347727978395,0.09899292485040267,-0.18131822009414322,0.03637290459371131,-0.5601376150349355,2.1059126061898534,0.1409933383134229,0.9074074074074074,0.5185185185185185,54.0
6,1,2830.703125,True,True,76.48621041879468,181.33999464326664,151.32875016004064,,,,1.914234640340332,0.22246094261253932,55.0,0.12727272727272726,80.35346102997482,149.46203902293954,64.50748581206173,-0.5685541215668364,0.12433658063949529,-0.18789448765796962,-0.024899486382433597,-0.4633302235921539,1.914234640340332,0.1864521488856237,0.92,0.66,50.0
6,1,2860.703125,True,True,76.96202531645571,144.79959218598017,135.78631960691513,,,,1.9035318857535568,0.15681104587375425,53.0,0.1509433962264151,78.12092850630349,68.130696106546,57.21319902959637,-0.5712543408571684,0.12740722183956021,-0.16761372105509087,-0.024899486382433597,-0.4728314881375856,1.9035318857535568,0.14269538752993696,1.0,0.7959183673469388,49.0
6,1,2890.703125,True,True,77.31543624161074,122.73510043742972,136.66293503543673,,,,2.090462187847147,0.08436671262724234,49.0,0.08163265306122448,78.56760000379701,80.52166415358936,69.91672360634891,-0.5790520954864515,0.07638473614181572,-0.17628632481949721,0.009622071628501472,-0.5281833493635331,2.090462187847147,0.07767675651029259,0.9655172413793104,0.7586206896551724,58.0
6,1,2920.703125,False,True,,,,,,,,,,,77.91168547987945,81.30988786060337,87.0459598698074,-0.5838147489922231,0.07410777376871962,-0.30968489830479856,0.11003041259216273,-0.6220755542519016,2.056571384562159,0.07221975433918273,0.9622641509433962,0.6981132075471698,53.0
6,1,2950.703125,False,True,,,,,,,,,,,79.00489703218469,107.30996117780718,81.62529474301546,-0.659494489971095,0.1299633308055411,-0.3685654448867458,0.12505576727736709,-0.677598588438127,2.2281377750391087,0.2422250944430091,1.0,0.6304347826086957,46.0
6,1,2980.703125,False,False,,,,,,,,,,,,,,,,,,,,,,,
6,1,3010.703125,False,False,,,,,,,,,,,,,,,,,,,,,,,
7,0,100.640625,True,True,69.10025706940874,170.79732809579858,144.37280166075257,,,,2.4356541986050546,0.9388432088679134,45.0,0.4888888888888889,70.50916538636059,141.56738646331593,94.78977887554164,-0.6887944099729002,0.26750888091917213,-0.23838646887708206,,,2.4356541986050546,0.8214991886906069,1.0,0.32075471698113206,53.0
7,0,130.640625,True,True,67.39657333890514,161.07223725995195,136.44666185824434,0.2512498042386074,0.8419673948265474,1.2129719319406995,2.190370020378331,0.5298575752260168,51.0,0.5882352941176471,69.49188429494495,169.77480187982005,96.15498372492921,-0.7262844120416339,0.26739780191289664,-0.2212950217872962,,,2.190370020378331,0.4864395886435647,0.9824561403508771,0.43859649122807015,57.0
7,0,160.640625,True,True,70.0385829533497,101.15378516382596,77.78458443732252,0.24280442690084855,0.82780459330775,1.1749929069214216,2.188852659591407,0.4923000291389431,57.0,0.7017543859649122,72.70069530084318,140.49217432009598,63.39079907616978,-0.7793407266942219,0.310813473725579,-0.2235939339367266,,,2.188852659591407,0.48661501278790203,0.9682539682539683,0.36507936507936506,63.0
7,0,190.640625,True,True,74.98349834983497,87.63205488581828,66.23543650677048,0.24418341477743535,0.8141469228975491,1.1776247364917884,1.4393548512338243,0.30239709386372576,73.0,0.6986301369863014,75.04491530896657,72.77670245550398,48.1630367649342,-0.7729495009107501,0.3593025449683022,-0.2274427375246504,,,1.4393548512338243,0.30239709386372576,1.0,0.273972602739726,73.0
7,0,220.640625,True,True,74.60700618192523,83.36826828189994,57.78593003212304,0.24583662751496452,0.8144738443040154,1.1683539144759774,1.5783704918070713,0.30886469674822364,69.0,0.7391304347826086,75.3901252677462,83.99488117934577,53.84111120863688,-0.7650984071542951,0.34355565255531306,-0.21362754614349228,,,1.5783704918070713,0.2849001010630296,1.0,0.2777777777777778,72.0
7,0,250.640625,True,True,71.15294117647058,91.02076810230982,68.56195392069664,0.2104050746971288,0.849819140153753,1.1590571734161634,1.5846570476039261,0.30947936929796327,66.0,0.696969696969697,72.86798648079423,97.41006256056272,67.06023199733299,-0.7446212364620359,0.3084472132874502,-0.2069615707752217,,,1.5846570476039261,0.3264183580440501,0.9852941176470589,0.29411764705882354,68.0
7,0,280.640625,True,True,70.98591549295774,95.40352465858432,68.80294571443181,0.20975980141710643,0.8505809884192458,1.1776323600795415,1.5220886268734097,0.349645048047053,67.0,0.6865671641791045,72.18258446681638,94.70467446960564,67.84878243963493,-0.7271476001977575,0.28136769442751075,-0.19477460852004205,,,1.5220886268734097,0.37181856544808667,0.9848484848484849,0.3484848484848485,66.0
7,0,310.640625,True,True,72.38779174147217,101.7437345215956,54.23923424284307,0.26118487213533054,0.8050683749408308,1.1905551418643228,1.4012617020704823,0.4042584248752245,68.0,0.5441176470588235,73.30996322229537,95.34806203434663,50.47053037960366,-0.7497901902848948,0.29029416347605896,-0.1771495969676513,,,1.4012617020704823,0.4042584248752245,0.9846153846153847,0.4307692307692308,65.0
7,0,340.640625,True,True,71.1990111248455,106.5139832933012,58.46339666834283,,,,1.165030010188267,0.32999702126330266,63.0,0.38095238095238093,73.56590901659143,120.37018122995624,58.33737012583691,-0.755965345816906,0.2732172291697073,-0.15791584602992503,,,1.165030010188267,0.35306658509400973,1.0,0.47761194029850745,67.0
7,0,370.640625,True,True,69.14361001317522,63.67044294551474,46.66337363703132,0.2966717220746718,0.7813503821999515,1.3257126091031353,1.994713723824777,0.8738967992182469,45.0,0.5333333333333333,70.09457632571282,93.11469771722955,41.49446256712703,-0.7581307081829892,0.2732076961397582,-0.22226288765573676,,,1.994713723824777,0.7458118518075413,1.0,0.36363636363636365,55.0
7,0,400.640625,True,True,70.4881101376721,96.58319684187353,83.95209561739738,0.25495762827873236,0.8490694069330125,1.179980381122485,2.0615354973896096,0.45203927675433636,51.0,0.5294117647058824,71.09285944563939,80.8330757864107,45.415376740063785,-0.7732865787419585,0.28346721108904727,-0.2397611043337728,,,2.0615354973896096,0.40563945406821733,1.0,0.30357142857142855,56.0
7,0,430.640625,True,True,67.52378206976073,92.81107119744357,78.91595226524117,0.2607018323854544,0.8124453838532214,1.2633220672838088,1.6547400339243932,0.3152452123520909,64.0,0.515625,67.68697874924862,86.96046210801774,60.42430878092639,-0.7712711169283546,0.27907913573334536,-0.20535580680097074,,,1.6547400339243932,0.3152452123520909,1.0,0.3548387096774194,62.0
7,0,460.640625,True,True,70.88082901554404,112.67822900727057,66.29126073623883,0.3270921722989756,0.7530044976958332,1.3253688443758027,1.7761684037568888,0.6472838033662015,62.0,0.5806451612903226,72.03793085957945,115.74587129123134,55.065524719397935,-0.7550062380554325,0.2722459133941944,-0.1778120419470784,,,1.7761684037568888,0.6472838033662015,0.9848484848484849,0.42424242424242425,66.0
7,0,490.640625,True,True,71.37546468401487,185.4348869580273,78.5499804698778,0.30157159189119503,0.7795041911054406,1.1737749643761661,2.189174145560045,0.6575906071182113,54.0,0.6481481481481481,71.70154371432805,150.99935293193207,54.09967142214639,-0.7052578880393692,0.2581467458509099,-0.19689374281247352,,,2.189174145560045,0.6575906071182113,1.0,0.46551724137931033,58.0
7,0,520.640625,True,True,66.23345367027677,173.6411011380361,98.66664797121163,0.27329055943605146,0.8046093467871543,1.1621627226852715,1.7581019351759408,0.49272080519875905,50.0,0.66,65.01761896507553,117.5718767755728,44.5823294355472,-0.7339998613321619,0.24936676505669653,-0.20915848398541836,,,1.7581019351759408,0.5495598028745089,1.0,0.48148148148148145,54.0
7,0,550.640625,True,True,66.49915110356537,96.86709328897459,79.94409939312455,0.26473278049731414,0.8196269389203503,1.2131103280895712,1.5626727704174401,0.3453527815533916,55.0,0.7818181818181819,68.73092821216761,117.80457206412424,73.69268338554843,-0.786713334683471,0.3133152301171088,-0.23495988198046489,,,1.5626727704174401,0.3379952474036135,0.9833333333333333,0.43333333333333335,60.0
7,0,580.640625,True,True,69.51179374657158,91.52888933478789,43.397817176838345,0.2917201447652505,0.7812126202689885,1.18690915884854,2.4550015514927654,0.5229157748042655,46.0,0.8043478260869565,73.3214263126009,155.62898681329185,72.78280998187144,-0.7954708415131118,0.35399793145094915,-0.2629963842511413,,,2.4550015514927654,0.47595299497204363,1.0,0.32142857142857145,56.0
7,0,610.640625,True,True,63.452991452991455,187.90046007705112,165.95598105765734,0.27896783097744066,0.8210602220327846,1.1756744044702727,2.482536639214268,0.7237516303323768,43.0,0.6976744186046512,67.49996136266758,206.25798133086417,70.76245612308942,-0.7859591242549111,0.33470009339135265,-0.26051532799929733,,,2.482536639214268,0.5540129163801666,1.0,0.21568627450980393,51.0
7,0,640.640625,True,True,62.80715100798784,180.73039086793887,162.40660949615233,0.3046819229847273,0.7949741133037904,1.3383088128268603,2.024850076042835,0.4091047779923709,50.0,0.76,68.88389716606099,189.3842058301214,63.6618588059347,-0.7972500336271794,0.3199591966450048,-0.261533853021762,,,2.024850076042835,0.39967817518205295,1.0,0.2542372881355932,59.0
7,0,670.640625,True,True,67.11086837793555,186.18212827358823,140.97179460799953,0.3880569812852283,0.7118511082454033,1.3263879162694059,1.9492708337252402,0.4961968404631512,46.0,0.6956521739130435,75.89379714697434,192.49050044192225,69.79981387836392,-0.8123315819686162,0.35155243933516084,-0.2625523780442267,,,1.9492708337252402,0.43069309324367383,0.98,0.3,50.0
7,0,700.640625,True,True,69.49211908931699,140.39145780542057,117.34364597199117,0.3324170352990087,0.7839617223756296,1.2916191785933624,1.7065500372939968,0.7624030842551999,46.0,0.6304347826086957,77.49990541422822,179.6984463170061,48.216991716047126,-0.801007473287323,0.35155243933516084,-0.23736726654191773,,,1.7065500372939968,0.6818016022333966,0.98,0.34,50.0
7,0,730.640625,True,True,69.20191246781904,111.72705611694366,86.85931600835356,0.3323470709381862,0.7823662887001148,1.2541282555734963,1.422577134728064,0.41305305933981457,56.0,0.8035714285714286,72.4738240981545,115.61549524690201,62.97335562636433,-0.8140642162145642,0.3723251955786684,-0.26774702914194326,,,1.422577134728064,0.3704860723079468,1.0,0.31666666666666665,60.0
7,0,760.640625,True,True,71.72604635074369,84.5916245962072,72.67330623258798,0.30449670560068703,0.7951469897561826,1.1920334646432729,1.4111109796942114,0.27401454195423636,60.0,0.85,72.40413213801725,74.3745595662344,59.33777143695099,-0.8509311571010701,0.3886633063931515,-0.2927360086114021,,,1.4111109796942114,0.29049625523895606,1.0,0.3076923076923077,65.0
7,0,790.640625,True,True,74.18583256669733,117.35419212116003,78.09605945446168,0.2924270437582134,0.7881410324923592,1.2506112507968097,1.6421458921189205,0.3082987872585297,67.0,0.6865671641791045,74.38246807975567,76.58976536398887,45.04578753339783,-0.8103090441806438,0.34322685372123185,-0.2676439205510571,,,1.6421458921189205,0.3082987872585297,0.9710144927536232,0.2463768115942029,69.0
7,0,820.640625,True,True,68.67535616853591,146.49759309883623,88.91160462785497,0.2508530544099589,0.83389872444883,1.2639909788506825,1.6055911365271043,0.36691600510289774,63.0,0.746031746031746,68.94447367689932,122.26684349539485,47.72242228877508,-0.8001373233753273,0.3257398680383903,-0.251863984459053,,,1.6055911365271043,0.36691600510289774,0.9848484848484849,0.3333333333333333,66.0
7,0,850.640625,True,True,67.17557251908397,127.17877067182226,96.76678263409488,0.22550550660969265,0.8705537752869129,1.1869132803474607,1.3208334204446845,0.6009536683114337,61.0,0.7213114754098361,70.31832430328613,144.67408804548373,72.78673322341568,-0.7787369729551697,0.2934472426372059,-0.24886272161961875,,,1.3208334204446845,0.5745988019657189,1.0,0.45454545454545453,66.0
7,0,880.640625,True,True,70.32967032967034,106.52693221967671,83.79321887893191,0.2740336882375494,0.7938329780107511,1.2638155822206891,1.2497290571261355,0.6134805969946581,65.0,0.5076923076923077,73.48915734528597,129.903952062886,69.84581889630418,-0.7435903571474203,0.2685743482254065,-0.20317032152321837,,,1.2497290571261355,0.5858574597193565,1.0,0.43478260869565216,69.0
7,0,910.640625,True,True,70.0,78.4196632050211,55.36935868463298,,,,1.2065891899627608,0.40177781662280976,65.0,0.4461538461538462,71.67201051479982,101.918068809772,45.972950259333054,-0.8111317190651186,0.3004123722686141,-0.19815593121456823,,,1.2065891899627608,0.3422194170434561,1.0,0.4057971014492754,69.0
7,0,940.640625,True,True,71.58699808795411,122.42869225421904,83.9088827528928,0.3545534662575539,0.7664472205747017,1.2256830390196027,1.87642203167194,0.9304856162250509,47.0,0.5319148936170213,74.40174392863341,134.05359872162373,63.619607802252915,-0.8347738696104641,0.3115414119329054,-0.2551873959958085,,,1.87642203167194,0.8751295697906831,0.9818181818181818,0.38181818181818183,55.0
7,0,970.640625,True,True,67.61263593992749,153.7575549659697,96.7039162520229,0.3463919077097615,0.7854326986043654,1.2034578402497038,1.8590586392514004,1.0434236234491887,44.0,0.75,69.09428391709523,103.78403566716257,63.326670249925705,-0.887997127411932,0.350892402755456,-0.2858954366981716,,,1.8590586392514004,1.1275526651026404,0.9777777777777777,0.3111111111111111,45.0
7,0,1000.640625,True,True,72.33667334669339,156.27818316594735,104.46217553461274,0.35646813576761593,0.7591430118145431,1.1827923637879534,1.363132892170484,0.44724781695535964,58.0,0.7413793103448276,73.5289535384501,119.93261819838892,63.09127751516223,-0.8629508107049824,0.4020016912817874,-0.2800704444208225,,,1.363132892170484,0.44724781695535964,0.9491525423728814,0.3050847457627119,59.0
7,0,1030.640625,True,True,76.00950118764845,161.43316404655405,125.1524948718812,0.33453664437008124,0.7696200756836276,1.1661046411764127,1.2293910716897516,0.3735149168220837,61.0,0.5901639344262295,79.96007293857066,170.2085276760489,54.788045351650844,-0.8207483412784744,0.38002606734043215,-0.2690770673163165,,,1.2293910716897516,0.3313609654074219,0.9692307692307692,0.35384615384615387,65.0
7,0,1060.640625,True,True,76.37860082304528,131.70065123545868,102.21599199678279,,,,1.1731392617016954,0.3011538170850548,66.0,0.48484848484848486,80.29514089034303,143.92704017861757,40.90601314762418,-0.8981219607397415,0.39055830115894385,-0.27203586332076396,,,1.1731392617016954,0.26412479401110966,1.0,0.2916666666666667,72.0
7,0,1090.640625,True,True,76.92821368948248,123.30993551558343,78.06119843770406,,,,1.4201237368247723,0.3739739213257881,67.0,0.43283582089552236,79.56363204508351,103.13055791417287,33.52761378502223,-0.7961627282765373,0.30122848881842224,-0.2552313142875773,,,1.4201237368247723,0.3040274937276493,1.0,0.3194444444444444,72.0
7,0,1120.640625,True,True,69.69555035128805,146.21214430495428,103.58026230241148,0.17031001708462776,0.8866237529955254,1.0500172033594501,1.4248166556321091,0.3906787229059924,65.0,0.5846153846153846,71.00118011597982,119.3414157724064,46.90763355463692,-0.7001361122111454,0.2512339249284079,-0.22138164139500213,,,1.4248166556321091,0.3608970024756009,0.9848484848484849,0.42424242424242425,66.0
7,0,1150.640625,True,True,66.3157894736842,107.58596926834902,107.15958059230775,0.16428939923037955,0.8881401119956347,1.068051669412831,1.1743164524421648,0.24469506372940014,64.0,0.71875,67.71106255206746,81.0474821464202,50.78630553689457,-0.719631449707375,0.26827013193724697,-0.21530861658476413,,,1.1743164524421648,0.2242423060884542,1.0,0.43548387096774194,62.0
7,0,1180.640625,True,True,69.8862528436789,106.53453057268584,81.95279569995898,0.23614345807406717,0.8243578608071049,1.1976133536619364,1.5212452703682187,0.4043811109038903,60.0,0.5833333333333334,71.15478185376492,110.1684431550337,55.77688553905702,-0.7440184006781735,0.2774067326039354,-0.21884895315308442,,,1.5212452703682187,0.35663221281748414,0.9848484848484849,0.4393939393939394,66.0
7,0,1210.640625,True,True,65.84276933031381,137.95453121511818,106.48733661352675,0.2593628188762977,0.8451153077477627,1.2021545486551304,1.4707900833982792,0.5669943887543824,57.0,0.7192982456140351,67.04660211117047,138.90099292697263,71.88864062846713,-0.7840779004914414,0.34507248905335025,-0.2610072045245967,,,1.4707900833982792,0.5065324218876225,1.0,0.49206349206349204,63.0
7,1,3096.640625,False,False,,,,,,,,,,,,,,,,,,,,,,,
7,1,3126.640625,False,False,,,,,,,,,,,,,,,,,,,,,,,
7,1,3156.640625,False,False,,,,,,,,,,,,,,,,,,,,,,,
7,1,3186.640625,False,False,,,,,,,,,,,,,,,,,,,,,,,
7,1,3216.640625,False,False,,,,,,,,,,,,,,,,,,,,,,,
7,1,3246.640625,False,False,,,,,,,,,,,,,,,,,,,,,,,
7,1,3276.640625,False,False,,,,,,,,,,,,,,,,,,,,,,,
7,1,3306.640625,False,False,,,,,,,,,,,,,,,,,,,,,,,
7,1,3336.640625,False,False,,,,,,,,,,,,,,,,,,,,,,,
7,1,3366.640625,False,False,,,,,,,,,,,,,,,,,,,,,,,
7,1,3396.640625,False,False,,,,,,,,,,,,,,,,,,,,,,,
7,1,3426.640625,False,True,,,,,,,,,,,110.44586179533245,121.5766831616075,136.54905038083555,-1.2588787714858114,0.3325267634575703,-0.8221350567189447,,,2.1234041054783126,0.202981077932606,0.9824561403508771,0.2631578947368421,57.0
7,1,3456.640625,False,True,,,,,,,,,,,107.74108386087691,95.86670706705054,118.49645613125429,-1.1857492040617021,0.30918966519275864,-0.7728798851317134,,,2.2739808855953236,0.17428264634784132,0.9322033898305084,0.2033898305084746,59.0
7,1,3486.640625,False,False,,,,,,,,,,,,,,,,,,,,,,,
7,1,3516.640625,False,False,,,,,,,,,,,,,,,,,,,,,,,
7,1,3546.640625,False,False,,,,,,,,,,,,,,,,,,,,,,,
7,1,3576.640625,False,False,,,,,,,,,,,,,,,,,,,,,,,
7,1,3606.640625,False,False,,,,,,,,,,,,,,,,,,,,,,,
7,1,3636.640625,False,False,,,,,,,,,,,,,,,,,,,,,,,
7,1,3666.640625,False,False,,,,,,,,,,,,,,,,,,,,,,,
8,0,158.53125,True,True,63.444413329599556,135.91724520261852,137.5,,,,2.3220796477437666,0.1435691639905565,61.0,0.01639344262295082,64.38371091655601,116.6466525955632,90.64308653421106,-0.4331513094249298,-0.09671968259935268,-0.17187290355114532,0.02285781813232415,-0.16591001282382858,2.3220796477437666,0.15147959724844817,1.0,0.8305084745762712,59.0
8,0,188.53125,True,True,65.3061224489796,96.52496219253955,128.96980405814492,,,,2.3631687001159065,0.17576966230615942,62.0,0.0,66.02085677535655,96.73184023316271,75.21653978439493,-0.5282816532991061,-0.07347182358776067,-0.1266139145276806,0.05745306345564401,-0.3698892204635049,2.3631687001159065,0.1609958287701587,1.0,0.9206349206349206,63.0
8,0,218.53125,True,True,66.33165829145727,77.11574530146665,88.30544469340495,,,,2.5903599073177848,0.47460225900621494,58.0,0.0,67.3198399593754,87.45136490622356,73.2331934163929,-0.5518952412857536,-0.060836319175188794,-0.13250389479500016,0.06466705164018069,-0.41458106078437496,2.5903599073177848,0.42009195036364094,0.9841269841269841,0.7619047619047619,63.0
8,0,248.53125,True,True,65.78680203045685,105.85631735107113,89.9761253055498,,,,2.5850356157336005,0.46802105003622224,57.0,0.017543859649122806,66.86216201454336,108.45962476463893,83.73290037963075,-0.5510786643522951,-0.03388485309228734,-0.13051848481771167,0.061909500489237566,-0.4149694850343386,2.5850356157336005,0.4131823840171196,0.967741935483871,0.6935483870967742,62.0
8,0,278.53125,True,True,65.17836593785961,103.45298448700952,96.55779626145122,,,,2.3069833488841844,0.18754600333446939,61.0,0.01639344262295082,66.10466305863483,91.39447870766244,66.16317721358676,-0.5479565412428131,-0.037088101995201996,-0.11642689314423207,0.06227270846837499,-0.44782944529517743,2.3069833488841844,0.17220734752964278,0.9692307692307692,0.8307692307692308,65.0
8,0,308.53125,True,True,66.78260869565217,75.56233272060389,79.06337491281387,,,,2.4237416712248723,0.15900803665721905,58.0,0.0,68.81205053884243,86.33459258174157,53.14723150735328,-0.5624339434368346,-0.04593478985263058,-0.1271492765340665,0.07018765052318993,-0.42458091972526113,2.4237416712248723,0.16756728988197253,0.9846153846153847,0.6923076923076923,65.0
8,0,338.53125,True,True,68.8348271446863,44.66517299385986,57.59016720318293,,,,2.346338359340799,0.22287812814005592,59.0,0.0,69.8882693720081,62.06556111855243,38.491625537021726,-0.5911831197679035,0.06496414868077921,-0.10664606214337147,0.07309392272996437,-0.56667673503762,2.346338359340799,0.2050526248218483,1.0,0.5692307692307692,65.0
8,0,368.53125,True,True,68.91220320265047,34.993949618696455,41.84430719849326,,,,2.319236659234292,0.20111248406003515,66.0,0.0,68.91769336521973,34.647637638445204,39.038364141424324,-0.5780098070567414,0.052790189328155594,-0.11437410797287509,0.08172359040910876,-0.5286865656219255,2.319236659234292,0.20111248406003515,1.0,0.5588235294117647,68.0
8,0,398.53125,True,True,68.98903775883069,46.11544907602379,44.53209159715659,,,,2.4664781462990497,0.27044867744970574,62.0,0.03225806451612903,69.56393499212315,78.22614852911835,41.81538307279224,-0.5815873044928349,0.0034526975099726234,-0.10870274286375531,0.08846887024218841,-0.5462343039554349,2.4664781462990497,0.24609420232200158,1.0,0.6060606060606061,66.0
8,0,428.53125,True,True,70.5666156202144,106.35717633678198,59.682066976519366,,,,2.5542343102762883,0.30501756484852055,56.0,0.16071428571428573,73.13815075773583,139.78656361640978,44.759484728900276,-0.6049592246318505,0.03881719560972516,-0.06731522023603287,0.07277649650756922,-0.5902843453291664,2.5542343102762883,0.28910145379658736,0.9824561403508771,0.5789473684210527,57.0
8,0,458.53125,True,True,70.9796672828096,110.94670664585418,103.5007934899476,,,,2.3449513391315726,0.23814739044465294,57.0,0.15789473684210525,73.80391840797407,130.52318460566636,50.44895613892235,-0.6304337822943764,0.03841621178887959,-0.10645322735759294,0.07327115313742838,-0.6417254410476771,2.3449513391315726,0.235369222057248,0.953125,0.546875,64.0
8,0,488.53125,True,True,70.3030303030303,100.4046938187396,113.02044840238192,,,,2.2401660367901104,0.19484522297091775,63.0,0.07936507936507936,72.47867638982424,118.28796024847755,56.22674518641832,-0.6179258870394604,0.026977033748711014,-0.10758820798675157,0.0652619026970043,-0.5531413123283097,2.2401660367901104,0.18116298195784766,0.9855072463768116,0.6231884057971014,69.0
8,0,518.53125,True,True,68.37988826815642,92.77474763651804,98.63702971155989,,,,2.2263359792496242,0.3211520336989941,58.0,0.05172413793103448,72.00866091735588,136.1328426005501,62.35823587253464,-0.5823891388314608,0.0017822153669367503,-0.11021582200343388,0.05339359608437736,-0.5004608081563174,2.2263359792496242,0.24365435202272498,0.9846153846153847,0.6923076923076923,65.0
8,0,548.53125,True,True,70.0979519145147,114.1540832629729,92.6585774721729,,,,2.5688724523558437,0.4938550415619421,51.0,0.09803921568627451,71.26738677476732,114.05024749437143,69.31054480292445,-0.607330147993052,0.0017822153669367503,-0.1275814769936993,0.07010546308242067,-0.5421435030521415,2.5688724523558437,0.4487637744732947,0.9655172413793104,0.7413793103448276,58.0
8,0,578.53125,True,True,71.96605374823196,93.70463343552399,108.42463665716906,,,,2.485161191764168,0.3240398879168197,60.0,0.08333333333333333,74.59145270256096,111.01857476264192,63.710840011853776,-0.5886342916894924,-0.006867857162478629,-0.1466701551339342,0.07478203043569749,-0.4335854908666442,2.485161191764168,0.3147037396662151,0.9836065573770492,0.639344262295082,61.0
8,0,608.53125,True,True,73.96468699839487,90.62096657203877,100.29254084925758,,,,2.329993116150158,0.14525495204132782,66.0,0.015151515151515152,76.38878088916265,87.47270520375892,49.66295820860324,-0.6145984151892756,0.012438851827111227,-0.1323424534550158,0.06234040087689152,-0.5071358995829063,2.329993116150158,0.12821688179950158,1.0,0.6865671641791045,67.0
8,0,638.53125,True,True,72.18045112781954,127.09471715862006,111.90040834996488,,,,2.677203041034766,0.39230500406226904,62.0,0.11290322580645161,73.93496368936889,72.14126214484358,62.54760380818601,-0.6146206380354521,-0.002903004367510314,-0.10653286715305857,0.07599340957849131,-0.5817272159547231,2.677203041034766,0.3493745488265268,1.0,0.7419354838709677,62.0
8,0,668.53125,True,True,68.05063291139241,130.00823369280147,133.42052317928747,,,,2.469466974920254,0.4111843670472501,61.0,0.09836065573770492,68.35298858544328,74.18082881234551,67.15004495452084,-0.5708055211926962,-0.017194029973880632,-0.1507617541357026,0.04949983131436301,-0.4461587302670132,2.469466974920254,0.4111843670472501,1.0,0.6666666666666666,60.0
8,0,698.53125,True,True,67.12541620421754,101.34548504037878,112.34410701810944,,,,2.2094547570196093,0.14730347031824617,65.0,0.03076923076923077,67.33316252503867,64.13697623802075,59.833588823875544,-0.54560877028601,-0.039984013992700594,-0.15536103478246788,0.025995701871195955,-0.3456931897717224,2.2094547570196093,0.14730347031824617,0.9846153846153847,0.5692307692307692,65.0
8,0,728.53125,True,True,68.70561923399497,70.49096550340991,84.8190599657161,,,,2.1471786973209444,0.15760025004266467,66.0,0.030303030303030304,68.73466491311788,52.63979480235765,55.82862003864125,-0.540965281330906,-0.044933570643942836,-0.14508440814913903,0.08672640827966877,-0.4165346681583924,2.1471786973209444,0.15760025004266467,0.9850746268656716,0.6119402985074627,67.0
8,0,758.53125,True,True,69.98561151079136,44.66511745615338,62.5,,,,2.864151900542175,0.4434920728118406,44.0,0.045454545454545456,69.88493003914914,33.91297700356707,42.9630117609321,-0.5744217850057449,-0.035066535185463085,-0.15242249554652487,0.08672640827966877,-0.47553102399574143,2.864151900542175,0.4434920728118406,0.98,0.62,50.0
8,0,788.53125,True,True,71.26948775055679,71.07800878846658,99.7155044021832,,,,3.41509524350081,0.2895443228854793,32.0,0.0625,71.4897684977208,35.659795872110095,43.51865391712744,-0.5916223141766609,0.04924811710348779,-0.15005975466134822,,,3.41509524350081,0.2895443228854793,0.975,0.45,40.0
8,0,818.53125,True,True,71.11111111111111,131.13834536473303,116.90132741166697,,,,2.7012502530696647,0.22447345879622368,58.0,0.05172413793103448,71.25311443422724,104.10192638892457,60.49992572577401,-0.577023850269184,0.03126987254739551,-0.1465816092673112,0.06124224548190615,-0.4433022156210478,2.7012502530696647,0.22447345879622368,1.0,0.5636363636363636,55.0
8,0,848.53125,True,True,71.14247904719895,149.69036000398077,113.7517170200081,,,,2.9143826761384757,0.21626650659330102,53.0,0.1509433962264151,75.11268110086904,114.66993559317953,79.34852436973625,-0.5997961886409867,-0.018632844198677622,-0.16072826726630457,0.07058759156811169,-0.47932261214617655,2.9143826761384757,0.1796771060279254,0.9607843137254902,0.5882352941176471,51.0
8,0,878.53125,True,True,76.53864851725814,120.11461196549715,109.94844263507686,,,,3.0410425574075575,0.19725323695525823,52.0,0.17307692307692307,80.70068874180753,125.84362384253656,78.68014255868896,-0.6224644868201628,0.018672196061165987,-0.1553124775378411,0.0665675476518453,-0.4854616809468528,3.0410425574075575,0.1520247948194045,0.9615384615384616,0.5769230769230769,52.0
8,0,908.53125,True,True,76.87687687687688,86.75459014684243,89.38711774177429,,,,2.873063333063119,0.10927808629269813,65.0,0.1076923076923077,77.82159045654652,89.86141247045975,58.517850824287,-0.5769575185249316,0.02399430592352566,-0.098303969695892,0.060435562997660716,-0.5670775862945149,2.873063333063119,0.10927808629269813,0.9846153846153847,0.6615384615384615,65.0
8,0,938.53125,True,True,75.19173239053576,66.5152966971765,81.79772877636037,,,,1.8817151641076812,0.178949763578646,73.0,0.0547945205479452,76.47007073599458,68.59697756442525,41.469441309420844,-0.5869916013679568,-0.006219683396592028,-0.0989571971548795,0.07238465997091914,-0.5101905924159311,1.8817151641076812,0.178949763578646,1.0,0.7464788732394366,71.0
8,0,968.53125,True,True,75.93860684769776,76.70218977236027,90.87060018412214,,,,2.089985541513966,0.2152297135525129,70.0,0.05714285714285714,76.10867306654536,43.36195799655135,38.15941579731949,-0.5714363151905695,-0.02186476370242734,-0.15675432736750716,0.07238465997091914,-0.433338772762082,2.089985541513966,0.2152297135525129,1.0,0.6619718309859155,71.0
8,0,998.53125,True,True,74.69908814589667,109.31187059941593,107.07815619486034,,,,2.1388284875389303,0.22034700146447228,68.0,0.058823529411764705,75.3475091005742,81.54130620396923,49.63565021194166,-0.5780700000000538,0.0265471300126879,-0.13580370173256093,0.06841252511247645,-0.4893659728665417,2.1388284875389303,0.19269618383866122,1.0,0.6086956521739131,69.0
8,0,1028.53125,True,True,69.77914453452614,95.92087913528805,107.23349960483432,,,,2.082770890593049,0.16175800023795642,67.0,0.014925373134328358,71.18228718061923,87.56176297497159,67.78095642090027,-0.6117971778759608,-0.022986555411343427,-0.1350055013522803,0.07012559868335094,-0.494435936311979,2.082770890593049,0.1436819198227231,1.0,0.7384615384615385,65.0
8,0,1058.53125,True,True,69.63402571711177,94.01093037227788,134.3186284225927,,,,2.273789873032724,0.16016681650422873,60.0,0.05,69.9649045444317,85.42949576529989,68.90009225874981,-0.5905328257687839,-0.022928761655795757,-0.17524795082146083,0.04992799897589821,-0.4620927239383599,2.273789873032724,0.16016681650422873,0.984375,0.703125,64.0
8,0,1088.53125,True,True,71.52106430155212,116.74780801754635,141.6874547072837,,,,2.336690792821358,0.1765640057389106,51.0,0.0784313725490196,72.3055437324217,121.50357381940687,64.60139915332252,-0.5990235076222472,0.02353659942467116,-0.17623455697210544,0.028564608765109557,-0.46781189453276545,2.336690792821358,0.1966083017740204,1.0,0.6101694915254238,59.0
8,0,1118.53125,True,True,72.80505590666019,133.534605671244,141.685072531392,,,,2.338982996277006,0.25955884591568656,48.0,0.125,75.58367519842999,135.2985700890441,70.33917224633147,-0.5663187112844016,0.02475827892037228,-0.20533273159522705,0.00015806628172062662,-0.4061978106932048,2.338982996277006,0.20604960791284202,0.9830508474576272,0.5932203389830508,59.0
8,0,1148.53125,True,True,71.51147682979645,130.97400845768166,143.94942009912717,,,,2.1445114688411717,0.26315325362061404,53.0,0.11320754716981132,72.92812359932798,84.52859887642148,75.3443454060866,-0.5514293561292611,0.027996091865609758,-0.14938422345497157,0.03545580264094208,-0.481602419485562,2.1445114688411717,0.28227246128398925,1.0,0.6724137931034483,58.0
8,0,1178.53125,True,True,70.41257367387034,124.0719914832388,110.89898098889367,,,,1.781183913299442,0.19267744248991073,62.0,0.08064516129032258,72.00616354962543,60.15093040374029,57.16903374849091,-0.5821227545889711,0.031327675459438445,-0.11218294550365479,0.04375223526348994,-0.5285812624791975,1.781183913299442,0.1729510521473931,1.0,0.6721311475409836,61.0
8,0,1208.53125,True,True,71.26338329764454,156.91201197269686,117.1875,,,,2.1588700116339163,0.2257349148495259,57.0,0.07017543859649122,73.83090341410694,110.716885404245,63.24671798978826,-0.5880067141344596,0.05401961586108983,-0.13854450896705628,0.015110897032139217,-0.5148235602288767,2.1588700116339163,0.23442225719156698,0.967741935483871,0.5806451612903226,62.0
8,0,1238.53125,True,True,73.01247771836007,153.85561457242525,155.98936595699936,,,,2.387842132009841,0.34807909988575125,40.0,0.1,73.68879011168184,147.09260891960886,70.89543736189384,-0.6321658067407399,0.038469505223532284,-0.20855248155529715,0.03311572755615792,-0.5016652798009457,2.387842132009841,0.319162621259758,0.96,0.54,50.0
8,1,3292.53125,False,False,,,,,,,,,,,,,,,,,,,,,,,
8,1,3322.53125,False,False,,,,,,,,,,,,,,,,,,,,,,,
8,1,3352.53125,False,False,,,,,,,,,,,,,,,,,,,,,,,
8,1,3382.53125,False,False,,,,,,,,,,,,,,,,,,,,,,,
8,1,3412.53125,False,False,,,,,,,,,,,,,,,,,,,,,,,
8,1,3442.53125,False,False,,,,,,,,,,,,,,,,,,,,,,,
8,1,3472.53125,False,False,,,,,,,,,,,,,,,,,,,,,,,
8,1,3502.53125,False,False,,,,,,,,,,,,,,,,,,,,,,,
8,1,3532.53125,False,False,,,,,,,,,,,,,,,,,,,,,,,
8,1,3562.53125,False,False,,,,,,,,,,,,,,,,,,,,,,,
8,1,3592.53125,False,False,,,,,,,,,,,,,,,,,,,,,,,
8,1,3622.53125,False,False,,,,,,,,,,,,,,,,,,,,,,,
8,1,3652.53125,False,False,,,,,,,,,,,,,,,,,,,,,,,
8,1,3682.53125,False,False,,,,,,,,,,,,,,,,,,,,,,,
8,1,3712.53125,False,False,,,,,,,,,,,,,,,,,,,,,,,
8,1,3742.53125,False,False,,,,,,,,,,,,,,,,,,,,,,,
8,1,3772.53125,False,False,,,,,,,,,,,,,,,,,,,,,,,
8,1,3802.53125,False,False,,,,,,,,,,,,,,,,,,,,,,,
8,1,3832.53125,False,False,,,,,,,,,,,,,,,,,,,,,,,
8,1,3862.53125,False,True,,,,,,,,,,,97.2700335802653,90.38659063643094,72.87751742045101,-0.7726976424389438,0.13364057156383902,-0.27889743018493257,,,1.965767572052923,0.11264567579432395,1.0,0.2962962962962963,54.0
8,1,3892.53125,False,False,,,,,,,,,,,,,,,,,,,,,,,
9,0,75.25,False,True,,,,,,,,,,,77.35049385673031,149.5568705623884,100.1992170977741,-0.7071351977127972,0.27117092723132197,-0.22918077120022573,,,2.541224536038024,0.2152891114220373,0.9782608695652174,0.30434782608695654,46.0
9,0,105.25,True,True,74.34488968932914,104.14157366645351,83.21487793111822,0.312229408021983,0.8073653198806257,1.191089832808696,2.407338432901589,0.21577661920402844,54.0,0.7222222222222222,76.54856091305227,118.38278809317669,68.60976108396233,-0.7518736673017509,0.32300887038047255,-0.22787574207750738,,,2.407338432901589,0.2078863361780458,1.0,0.2033898305084746,59.0
9,0,135.25,True,True,76.55696202531645,78.18578024832209,55.22333046883514,0.2550544569904759,0.838299713986409,1.1891837997739,2.002458015561567,0.3029134180841131,69.0,0.8405797101449275,76.3697104380053,77.08952374107076,37.29107593332119,-0.7196438674098332,0.3108082255530289,-0.20415395253952873,,,2.002458015561567,0.2916880742349954,0.9859154929577465,0.14084507042253522,71.0
9,0,165.25,True,True,75.81718464351006,89.32962296658287,75.37476895003283,0.23728287016433272,0.8510757990533728,1.2014871439068378,2.1874857854125542,0.2831283291747347,62.0,0.8225806451612904,76.66502330554587,100.13148980930345,62.047688408392304,-0.712548263641704,0.30501089582311713,-0.19161612940791534,,,2.1874857854125542,0.32480295275010873,0.9848484848484849,0.13636363636363635,66.0
9,0,195.25,True,True,71.45135566188199,132.87157299706467,81.0341961660376,0.25744561114176906,0.8418064612195448,1.1752642135349656,2.2701150287933176,0.3315489338926262,49.0,0.7346938775510204,74.0455293208731,152.76654342927242,85.87942658931084,-0.7577161498221969,0.3332171885593277,-0.18721332168903818,,,2.2701150287933176,0.3496216394117602,0.9818181818181818,0.2727272727272727,55.0
9,0,225.25,True,True,73.90188679245283,131.87947209218623,111.65938306611113,0.25410096088702977,0.8352064322193702,1.198194553559322,2.0052183282441516,0.39017355931280584,60.0,0.7833333333333333,76.1733911945179,100.62916942810008,46.18982850197626,-0.7180680697586105,0.3479729854132491,-0.18129985316297817,,,2.0052183282441516,0.3526635620642531,0.9824561403508771,0.3508771929824561,57.0
9,0,255.25,True,True,75.8267020335986,93.89593646635468,89.89030613529344,0.23263819076002645,0.8531846927068254,1.1754678227535202,1.9101834660138544,0.30950434328309157,70.0,0.8714285714285714,76.38525215859086,44.38647967778776,30.112034418964793,-0.7073349028168101,0.32398233614344696,-0.19408944011879353,,,1.9101834660138544,0.30950434328309157,1.0,0.26865671641791045,67.0
9,0,285.25,True,True,75.78947368421053,147.10152773943867,91.50184323922917,0.23426910874243043,0.8409782797218455,1.1838195740484359,2.28589491363484,0.18039856441919924,67.0,0.7313432835820896,78.95412862108867,66.56905184822371,33.778452289713066,-0.7039016238297868,0.2857238649342385,-0.1803194556223663,,,2.28589491363484,0.1809273945404819,1.0,0.29850746268656714,67.0
9,0,315.25,True,True,75.47459252157239,188.77157116077117,128.21389192803304,0.2945948150623732,0.78525055297555,1.1880598236635593,2.317377607844366,0.3306169768069758,50.0,0.56,84.22626203492268,128.31601386784484,36.63591631254678,-0.7259345767703032,0.26222299751932576,-0.16743918715390055,,,2.317377607844366,0.30891466548466556,1.0,0.32727272727272727,55.0
9,0,345.25,True,True,75.32693984306889,62.09821931054387,58.30256170978319,0.2662270868433439,0.8383282666736598,1.1398394921693995,2.0929144889594804,0.2816681935634243,52.0,0.8076923076923077,75.89867116916128,78.24468411366823,33.45568334959792,-0.7633492709776439,0.31122096619482614,-0.2560994089108121,,,2.0929144889594804,0.2816681935634243,1.0,0.17857142857142858,56.0
9,0,375.25,True,True,75.0719291774253,97.69332115676758,71.22288714154865,0.2434742999849442,0.8609137432400417,1.154727331846817,2.157743648244621,0.3086528510329809,61.0,0.7868852459016393,74.28233202789976,47.72624763294547,38.19921973261939,-0.7518506942556168,0.3199500488749661,-0.25554124224593877,,,2.157743648244621,0.34101410605659366,1.0,0.1774193548387097,62.0
9,0,405.25,True,True,73.44262295081967,144.08386284578515,110.89898098889367,0.2394565118490291,0.8678841791054435,1.1202574185923797,2.45652705352863,0.27748181339603883,48.0,0.5833333333333334,74.18681172880487,73.72997571796144,61.7585263364578,-0.7117332720344186,0.32984474219829585,-0.23109815103468806,,,2.45652705352863,0.24770849861670702,1.0,0.2641509433962264,53.0
9,0,435.25,True,True,75.18624641833811,151.58626762346316,139.45272882803766,0.25467973228101937,0.8659760628985153,1.0995661994763357,2.3475851825180882,0.2290648683054933,54.0,0.6111111111111112,75.61760421828507,107.88397994435792,74.4750888949045,-0.7148757086724946,0.32679173397314293,-0.2335242759961455,,,2.3475851825180882,0.2290648683054933,0.9818181818181818,0.23636363636363636,55.0
9,0,465.25,True,True,79.6079909536374,106.69516442826139,86.93528952742604,0.21877119655654398,0.8699256887070391,1.1552349281555412,2.013454377052587,0.48284965089826254,64.0,0.515625,78.16859035715788,103.72590630364292,58.08098576574524,-0.6995785926140992,0.24813802504743712,-0.17658779043918055,,,2.013454377052587,0.5511551404976274,0.9841269841269841,0.23809523809523808,63.0
9,0,495.25,True,True,77.02325581395348,59.81571168244304,36.767963804288,0.21533039005619345,0.8610078011681097,1.1749273926774308,1.6032635631076122,0.45899607124909686,72.0,0.6388888888888888,76.99786314985818,63.94968106424442,33.59484132253842,-0.7028558278111214,0.27258277669018394,-0.1835062073523564,,,1.6032635631076122,0.45899607124909686,1.0,0.2318840579710145,69.0
9,0,525.25,True,True,74.32933478735006,54.76357348994247,60.34221603251148,0.1947747170124243,0.8994643734090079,1.0778755897253463,1.4704119114561687,0.31270900115093325,72.0,0.9027777777777778,74.7771649276351,33.258405205566774,26.201291432385133,-0.7059071083358535,0.31171811914837577,-0.19520623509631124,,,1.4704119114561687,0.31270900115093325,1.0,0.25,72.0
9,0,555.25,True,True,75.2,116.53597215140438,98.65410799175393,0.19862774637312428,0.8979444965653959,1.0282163729288663,2.6000682055423803,0.26162161208630885,55.0,0.6909090909090909,75.04229672436001,83.77385630165598,27.059815949992565,-0.7074094832430021,0.32954218731107504,-0.18966226992099008,,,2.6000682055423803,0.26162161208630885,0.9830508474576272,0.3389830508474576,59.0
9,0,585.25,True,True,74.89720611491829,162.4903446253699,142.98099512559446,,,,2.7854441254481612,0.2010147801364506,48.0,0.4166666666666667,79.03908300297525,105.15265297819626,50.06348454447178,-0.7200379493734557,0.3266127604166291,-0.24955433905316854,,,2.7854441254481612,0.17534794208609183,0.9454545454545454,0.32727272727272727,55.0
9,0,615.25,True,True,74.58379578246392,133.3585998359689,102.61525863314786,0.29903219446136364,0.8008982474149283,1.0869081959672622,2.724400240275454,0.21016150805822836,46.0,0.5869565217391305,78.95255506330741,85.48567813478994,58.26174963715828,-0.7218907919081263,0.3480466185518659,-0.24955433905316854,,,2.724400240275454,0.19444644471808387,0.9818181818181818,0.2727272727272727,55.0
9,0,645.25,True,True,77.96954314720811,61.22695418975893,45.005143738943474,0.26702256604488755,0.8255208325615544,1.1991678102960317,2.8040113025786577,0.2690870422282861,44.0,0.6136363636363636,80.74342733262769,95.9476300911321,89.86089592925467,-0.791652709786909,0.32907051827194045,-0.24443992714206286,,,2.8040113025786577,0.21067112269474664,1.0,0.16666666666666666,54.0
9,0,675.25,True,True,77.83783783783782,133.64065893714326,53.86060780876328,0.29390927956124957,0.7926855901484757,1.243468971069274,2.631600988842751,0.4125454896832858,45.0,0.5777777777777777,83.21058021290573,121.11000432088075,77.6188185164374,-0.801822149843113,0.26526320105018364,-0.23725949447083125,,,2.631600988842751,0.3335176375768021,1.0,0.21568627450980393,51.0
9,0,705.25,False,True,,,,,,,,,,,89.37978814032726,136.29867923057918,116.01815892311305,-0.864013096566115,0.3045193521194925,-0.24540978104619865,,,2.5689513912243456,0.29175540783047327,1.0,0.23214285714285715,56.0
9,0,735.25,True,True,79.94448299791812,84.34140188873712,69.95648505418467,0.2991694041341007,0.7928414468033856,1.2143152899506835,2.452799998921885,0.2757159455095979,46.0,0.6739130434782609,85.13912734016873,135.139097155252,120.92035799021964,-0.80344063959606,0.3000611145272354,-0.2487857664069889,,,2.452799998921885,0.24210382824448615,1.0,0.20634920634920634,63.0
9,0,765.25,True,True,78.32835820895522,95.20279322000087,71.41306875417754,0.2447816248867643,0.8284039527742064,1.1797488588919132,2.472025512617905,0.35396278096784095,52.0,0.6923076923076923,79.82824888745776,101.61985707861571,89.56533366772679,-0.6893558860458091,0.28082469642632324,-0.1922268226533549,,,2.472025512617905,0.30292927138245146,1.0,0.171875,64.0
9,0,795.25,True,True,78.51640513552069,126.01033068729913,94.26939455623973,0.2877414281850013,0.8001827078691779,1.156663694035406,2.496096889949741,0.32393063966203595,55.0,0.5818181818181818,80.9667221111792,129.01420974794712,74.47468136413411,-0.7083393709357414,0.30564024934686373,-0.1887749954293546,,,2.496096889949741,0.2758339541363356,1.0,0.18333333333333332,60.0
9,0,825.25,True,True,79.65065502183405,125.00833453722018,109.67506915096625,,,,2.5115701554080427,0.3044639122970165,54.0,0.48148148148148145,84.55776874142252,123.4699964983119,61.954700526129606,-0.7292030101813353,0.3089322189972202,-0.20085186308166947,,,2.5115701554080427,0.27387458637343304,1.0,0.2413793103448276,58.0
9,0,855.25,True,True,76.19047619047619,108.83592804287812,82.30979494416202,0.274767606358111,0.8152674198718218,1.2367067406072212,2.4839842494753506,0.335427669242944,58.0,0.603448275862069,77.61946559870029,72.69237235081323,33.11880839819602,-0.6665938260244711,0.24204765736213502,-0.19305968737827342,,,2.4839842494753506,0.37283387198276774,0.9841269841269841,0.2698412698412698,63.0
9,0,885.25,True,True,74.73382942186605,119.43177405843886,81.56489460086368,0.24801023756548077,0.8457377881956873,1.237933991961945,2.5134838926293273,0.32324222950347836,46.0,0.5869565217391305,75.11640340152621,85.21220076284679,56.203173893755206,-0.6954552934567095,0.259896712806166,-0.2171048917329833,,,2.5134838926293273,0.28486007148286563,1.0,0.22413793103448276,58.0
9,0,915.25,True,True,78.73015873015872,138.56768694124656,47.87702164283915,0.3653853036342264,0.7588766638389243,1.219543789538832,2.649576908320935,0.22788066808777846,44.0,0.5909090909090909,76.71350537959104,104.65611833148316,60.15080024538309,-0.7869067739576902,0.33973624579369355,-0.23297878003484265,,,2.649576908320935,0.24247571876703639,1.0,0.23076923076923078,52.0
9,0,945.25,True,True,75.20564042303172,127.6586679041867,80.49611267263411,0.2754508051802967,0.8259394642068759,1.1369891344361125,2.604676022143323,0.1697718262727887,57.0,0.6666666666666666,75.6991895566429,95.71411068468876,67.80587754245668,-0.7210006640976934,0.32913327766295747,-0.19953691897511822,,,2.604676022143323,0.1697718262727887,1.0,0.17857142857142858,56.0
9,0,975.25,True,True,73.22033898305085,116.14381622789823,115.76099359840035,0.2202360477620098,0.8790263133745626,1.11014515039027,2.543217999735034,0.2842931757025937,54.0,0.6666666666666666,73.30409502716982,81.88810522646547,59.32651917292019,-0.7014741197451042,0.28978403944854225,-0.2272505421872746,,,2.543217999735034,0.2842931757025937,0.9516129032258065,0.12903225806451613,62.0
9,0,1005.25,True,True,72.29693383539538,139.2792752632535,125.48733128288289,0.2878828383864647,0.7935113411897369,1.2703440340201673,2.5323524495721803,0.38396816489626845,49.0,0.673469387755102,73.7666155331605,119.5106461308756,69.06199900007064,-0.7185770312939678,0.265950308433166,-0.2331591700100291,,,2.5323524495721803,0.35221745332877685,1.0,0.21428571428571427,56.0
9,0,1035.25,True,True,75.9978009895547,129.1977149224035,43.783056294855875,0.33333549070195834,0.7370039340405855,1.3024283797736407,2.632891022506724,0.332922455453311,50.0,0.72,82.19135531757149,155.13038525785515,79.65379524864304,-0.6711854324619903,0.27440735011341966,-0.201661322981655,,,2.632891022506724,0.369951871566757,1.0,0.21666666666666667,60.0
9,0,1065.25,True,True,76.20998719590268,86.29674533580405,51.085997052299824,0.2726689610376102,0.807078629779934,1.2161320823386848,2.3734894641892925,0.3601929524304359,66.0,0.803030303030303,76.21421678464237,78.033093291983,44.03096690763701,-0.6274211510786776,0.25843366022915515,-0.2091091471429769,,,2.3734894641892925,0.3601929524304359,0.9852941176470589,0.10294117647058823,68.0
9,0,1095.25,True,True,74.74809160305344,118.17131963515398,72.66533373448571,0.23856335996335618,0.843795972163262,1.2008259119677234,2.3848386261878587,0.3282394318645727,59.0,0.7288135593220338,75.32656563848991,87.44334537082746,60.67225808887873,-0.6423558520582329,0.2510659447457435,-0.21507796614233482,,,2.3848386261878587,0.28546799325473127,0.9692307692307692,0.15384615384615385,65.0
9,0,1125.25,True,True,70.75697211155378,184.57089436815426,121.33730328500903,0.2735494876543,0.815867629669959,1.4085630506421754,2.7801598876535647,0.26477724783917045,50.0,0.52,80.75905327403562,180.4335812791905,91.43942531581555,-0.7362348274995867,0.21727846635579504,-0.21237616015175984,,,2.7801598876535647,0.1959673326497808,0.9333333333333333,0.25,60.0
9,0,1155.25,True,True,73.81235697940504,148.5322665735874,82.2356085433798,0.33160215006813293,0.7676742114488253,1.456104300462436,2.7439683765773855,0.2429321418091718,52.0,0.5961538461538461,80.38700899713479,154.8026166382271,59.53004354802326,-0.7422044777534547,0.24983364428758928,-0.1630239769958933,,,2.7439683765773855,0.18726944827543032,0.967741935483871,0.24193548387096775,62.0
9,0,1185.25,True,True,79.02712815715621,123.23048866419579,81.18988160479113,0.3718630941268593,0.7381541537403532,1.2894441409457957,2.678638260555133,0.2508386976496097,53.0,0.7169811320754716,79.50475041692069,88.02244504378889,58.91460794974168,-0.8047021506753052,0.32482491731365665,-0.22618938931839566,,,2.678638260555133,0.21684107062459634,0.9836065573770492,0.21311475409836064,61.0
9,1,1872.25,False,True,,,,,,,,,,,92.56721517120863,125.36368222358249,63.674915036305514,-0.8279787555078735,0.1900519651966211,-0.1442281967767272,,,2.7998226316607058,0.37339231493919267,0.984375,0.390625,64.0
9,1,1902.25,False,True,,,,,,,,,,,90.49412585922842,144.434515255072,40.50719306263412,-0.7543924523105646,0.13991687828712723,-0.150893527056841,0.06710455119732274,-0.8184199467978093,2.731621001705016,0.19804992244562655,0.9807692307692307,0.5,52.0
9,1,1932.25,False,True,,,,,,,,,,,85.11605895559416,88.73907239167556,61.90694688619289,-0.766508418381001,0.22109684826146425,-0.18411737979077522,0.052894265724271194,-0.80662968812554,2.2469256699850413,0.48391715851316025,0.98,0.5,50.0
9,1,1962.25,False,True,,,,,,,,,,,82.7343172836328,99.67067237547671,92.83646758373574,-0.766508418381001,0.22022784566438364,-0.24955396749703562,,,2.3235362606520455,0.47492020654204736,0.9423076923076923,0.40384615384615385,52.0
9,1,1992.25,False,False,,,,,,,,,,,,,,,,,,,,,,,
9,1,2022.25,False,True,,,,,,,,,,,89.61906646943888,182.5091341242987,108.22520242164123,-0.9729168757415949,0.1716143358419397,-0.32527078576096846,,,2.5846591355022563,0.315688624335553,0.8888888888888888,0.3333333333333333,45.0
9,1,2052.25,False,False,,,,,,,,,,,,,,,,,,,,,,,
9,1,2082.25,False,False,,,,,,,,,,,,,,,,,,,,,,,
9,1,2112.25,False,False,,,,,,,,,,,,,,,,,,,,,,,
9,1,2142.25,False,True,,,,,,,,,,,74.393814421734,134.18029212084124,69.62621292097627,-0.7703620701201609,0.20172476204569043,-0.19150593476140454,,,2.5338744736498215,0.4051292851771425,0.9565217391304348,0.4782608695652174,46.0
9,1,2172.25,False,True,,,,,,,,,,,76.02778988166986,113.66808019156367,68.1446144589838,-0.7696561204525268,0.1840794843355632,-0.19150593476140454,0.09743383964037952,-0.7673949409920284,2.48757780893616,0.3315625771557628,0.98,0.52,50.0
9,1,2202.25,False,False,,,,,,,,,,,,,,,,,,,,,,,
9,1,2232.25,True,True,74.52054794520548,139.34260042828845,134.375,,,,1.9997755674800126,0.3211460591527957,46.0,0.391304347826087,77.02646655306451,102.76348941325364,71.27257229177276,-0.7436307106409794,0.1614202963488395,-0.1638936678574455,,,1.9997755674800126,0.3051451754758119,1.0,0.46153846153846156,52.0
9,1,2262.25,True,True,73.4859287054409,141.65743013430287,142.4576760063318,,,,1.9016691719337455,0.25335804058097194,58.0,0.3275862068965517,75.97525977854349,112.40587233702394,79.85828503489866,-0.7089297682955178,0.11864160729988714,-0.14041605749252212,0.05748978345487589,-0.738147770845934,1.9016691719337455,0.19998124486150315,1.0,0.5441176470588235,68.0
9,1,2292.25,True,True,77.07609346914322,125.08654003424418,128.6345261795255,,,,1.820491046540362,0.22129752175065578,70.0,0.21428571428571427,78.40694810705995,92.35723833573735,67.22021298898214,-0.6718643357819815,0.12750606435230824,-0.13269177455023184,0.04013249191323608,-0.7389505407217226,1.820491046540362,0.20287503163034176,1.0,0.6438356164383562,73.0
9,1,2322.25,True,True,77.5136174303108,111.79020445096214,101.3054001073442,,,,1.84041043850069,0.28158992623764256,68.0,0.25,80.41256440778216,95.07942029207041,38.06279980579689,-0.7019251627786056,0.14239119450599388,-0.1165793420552614,0.020331260649941955,-0.7611238340153769,1.84041043850069,0.22866621419349556,1.0,0.6029411764705882,68.0
9,1,2352.25,True,True,73.29798515376459,137.77633128610017,129.319885603491,,,,1.9285194480722627,0.29445652523379284,61.0,0.36065573770491804,78.18436917605801,111.930758402226,65.45569111199666,-0.7344116934467241,0.1560251301237378,-0.17676263435124773,0.05361699719612645,-0.803892625201885,1.9285194480722627,0.2394012312201853,1.0,0.5517241379310345,58.0
9,1,2382.25,True,True,74.95890410958904,132.08894105783685,129.54541391459733,,,,1.8435283959816422,0.2135333875681695,64.0,0.28125,76.72798780777785,104.59503119940436,49.840393009995154,-0.6903973607236946,0.1404472517717719,-0.17741875358330506,,,1.8435283959816422,0.22904716758462373,0.9833333333333333,0.4666666666666667,60.0
9,1,2412.25,True,True,79.12087912087912,126.52654511729219,92.86500173797509,,,,2.030335540900332,0.27258306631672813,56.0,0.30357142857142855,79.41958112300698,130.02562608588366,60.27411055486585,-0.6700991319938348,0.1224211804099222,-0.14935967096531813,,,2.030335540900332,0.27258306631672813,0.9836065573770492,0.3770491803278688,61.0
9,1,2442.25,True,True,81.82648401826484,152.3191054038585,96.5423605973351,,,,2.693807622432777,0.4866734950336412,43.0,0.4186046511627907,80.15470625158747,131.99267728401318,64.67289485166543,-0.7193243138894001,0.2076747712782967,-0.14952522350808223,,,2.693807622432777,0.41771253539907777,0.9821428571428571,0.42857142857142855,56.0
10,0,92.859375,True,True,86.61654135338345,124.10393109924325,113.50380161373111,0.28618249102573257,0.7932417085332407,1.2226950181202578,2.7429560494461938,0.25943328781113,46.0,0.5,89.35075265529764,53.09532876941223,46.52488053643777,-0.8037027653318559,0.34718829899642506,,,,2.7429560494461938,0.23933699417676688,0.9661016949152542,0.1694915254237288,59.0
10,0,122.859375,True,True,92.57142857142857,61.96266219216137,49.063495212836195,0.32798252545787077,0.7645401524870354,1.2541521990217697,2.552349410715909,0.28739748997096004,59.0,0.7796610169491526,94.04092841395828,90.88179172544895,48.19332952203803,-0.8176101944847548,0.3784507801824264,,,,2.552349410715909,0.26340878333673734,1.0,0.041666666666666664,72.0
10,0,152.859375,True,True,97.39649384558,34.60491468034593,18.112536124015048,0.34008880886929355,0.7425512188305903,1.2259063494370006,2.553587164498447,0.16537983719760366,72.0,0.875,95.40291367925678,92.47001932055447,30.233199146850684,-0.8399394821458754,0.44613426697670006,,,,2.553587164498447,0.12675692353201196,1.0,0.023809523809523808,84.0
10,0,182.859375,True,True,101.3048128342246,17.949693758931648,16.165816612858237,0.3633826517267959,0.7080164073706009,1.2564435120127015,2.6454983543851713,0.16248752568315822,79.0,0.8987341772151899,100.85235104573034,61.78196229388886,11.265576370042565,-0.850920082445792,0.4566476687412159,,,,2.6454983543851713,0.16248752568315822,1.0,0.023529411764705882,85.0
10,0,212.859375,True,True,102.36897909724327,31.159560058555247,30.833623143842026,0.37940237601655197,0.6813913889444304,1.258346964154582,2.182314559526339,0.3201106201639447,93.0,0.8602150537634409,103.32750442320358,27.377891731291392,10.604251623242497,-0.8694068769145841,0.4500845889135197,,,,2.182314559526339,0.3644916158606014,1.0,0.021052631578947368,95.0
10,0,242.859375,True,True,101.26582278481011,56.02903295420851,39.218438743784795,0.381548013492265,0.6788079751171232,1.2602986595412096,2.0218002726629,0.23648747576740775,80.0,0.6875,101.19841311038196,54.627318966030366,37.39024851675996,-0.8691662237008382,0.42526352860981315,,,,2.0218002726629,0.23648747576740775,1.0,0.06741573033707865,89.0
10,0,272.859375,True,True,95.74612769172649,89.4917870925715,76.29869664623239,,,,1.9612235542016518,0.20308342591811487,74.0,0.4594594594594595,97.04810402609984,57.89263464267673,44.95278567548392,-0.7885593836788177,0.31885054664447515,-0.20605869607737004,,,1.9612235542016518,0.23518131854306207,0.9875,0.0875,80.0
10,0,302.859375,True,True,95.21890740023247,59.38770537490214,43.24686779017313,0.30114830779987245,0.7730451887366054,1.2336727235990377,2.219536342542804,0.19534614283857857,72.0,0.5972222222222222,95.63339124975181,31.28219327377875,26.227278963916312,-0.788393167481273,0.32652100790914207,,,,2.219536342542804,0.19534614283857857,0.9876543209876543,0.06172839506172839,81.0
10,0,332.859375,True,True,97.18518518518518,38.610186154013306,23.912403533797224,0.34357415990372664,0.7343169919898903,1.2514435743411194,2.215912039231508,0.20283191068813247,49.0,0.5918367346938775,97.95061990803406,32.04279710238902,23.325878691752948,-0.8119803927053117,0.3387965370317626,,,,2.215912039231508,0.20283191068813247,0.9880952380952381,0.10714285714285714,84.0
10,0,362.859375,False,True,,,,,,,,,,,102.08901466083836,43.809865881564555,41.16322779385569,-0.9133638046834095,0.42598205862080585,,,,2.497712227882648,0.14480640283351284,1.0,0.06666666666666667,60.0
10,0,392.859375,False,True,,,,,,,,,,,103.98015400550389,21.733108549082196,16.706582245408196,-0.9153027475085136,0.46559854069554196,,,,2.7461439202909763,0.19307576581357735,1.0,0.0,64.0
10,0,422.859375,True,True,106.50455927051672,16.44761875961051,19.136638615493577,0.31761609491075093,0.7643983200827895,1.169808298026959,2.1693146892170745,0.25490344912099444,78.0,0.6794871794871795,106.38992847177542,15.347245693322225,11.751699065634321,-0.8584434454871619,0.41690176141163915,,,,2.1693146892170745,0.25490344912099444,1.0,0.011764705882352941,85.0
10,0,452.859375,True,True,105.77962577962577,44.15005384110776,24.04091431756475,0.3531321644204962,0.731832018987062,1.189382986447634,1.9617486962188155,0.28814602017362,60.0,0.5666666666666667,105.96235389993997,41.99508021953549,14.576391927019472,-0.8381442595756612,0.39371918084874286,,,,1.9617486962188155,0.28814602017362,0.9846153846153847,0.06153846153846154,65.0
10,0,482.859375,True,True,104.68920392584515,28.427195935406644,18.716001785266183,,,,2.50271487682619,0.16725350150246,30.0,0.36666666666666664,98.47054943795418,78.00525506620369,28.955113793726525,-0.7810350502024085,0.3275127293381374,,,,2.50271487682619,0.19891029068204186,0.9661016949152542,0.15254237288135594,59.0
10,0,512.859375,True,True,101.61137440758293,22.019495949914155,16.223874732261866,0.2901429738006557,0.7621254662554883,1.1884725486447911,2.464940445958652,0.16350359817893956,73.0,0.6027397260273972,99.78128791383992,50.53924172002234,21.941569969294154,-0.7637169671243039,0.348315760707685,,,,2.464940445958652,0.20140052008073964,0.9885057471264368,0.05747126436781609,87.0
10,0,542.859375,True,True,101.78649237472766,41.93114903073002,28.23202675258763,0.2998278922777246,0.7567127248894644,1.1970734319017107,2.192174397121951,0.15551568351772202,80.0,0.6125,102.48383761844947,57.28421627879612,49.6183300986647,-0.7571619838460628,0.341970916039019,,,,2.192174397121951,0.15551568351772202,1.0,0.05319148936170213,94.0
10,0,572.859375,True,True,99.8019801980198,46.84171776246515,53.15125401692258,,,,2.7324556730433343,0.15182209441902336,56.0,0.48214285714285715,102.19590053243547,55.407435801241746,32.50022538332747,-0.7838234929532336,0.34037041020657854,,,,2.7324556730433343,0.12307305806291931,1.0,0.09090909090909091,77.0
10,0,602.859375,True,True,97.62711864406779,41.509221209296356,60.20422974215478,0.34368822870769594,0.7410872713656715,1.1324182445729303,2.6700281344560466,0.16203177756757176,42.0,0.5714285714285714,99.33635378429676,49.1084357997754,24.525116424885056,-0.7842755408742588,0.3730803127746479,,,,2.6700281344560466,0.15026221912736396,1.0,0.07042253521126761,71.0
10,0,632.859375,True,True,98.06451612903227,91.29140436159882,24.206145913796355,0.347073164333073,0.7183542208316589,1.1500513696190817,2.594117997365134,0.21643640397381114,48.0,0.5416666666666666,99.11938518078752,44.417202609213774,25.96880901213262,-0.8311907256010569,0.382735420289998,,,,2.594117997365134,0.20160284825999128,1.0,0.07462686567164178,67.0
10,0,662.859375,True,True,100.96101541251133,92.27483027362672,48.997103443298904,,,,2.5015110028507905,0.15660918558416692,68.0,0.4411764705882353,102.06232619297752,43.79031617427785,26.749272496720724,-0.8459432729323235,0.36168079736551684,,,,2.5015110028507905,0.15660918558416692,1.0,0.08333333333333333,72.0
10,0,692.859375,True,True,95.71847507331378,115.05972713692454,56.177968785185435,,,,2.737316520216632,0.13980258575271218,63.0,0.4126984126984127,102.0217678705298,69.98130852133858,62.62680571565353,-0.829240431094861,0.3571309980943402,,,,2.737316520216632,0.12553085835961875,0.9733333333333334,0.08,75.0
10,0,722.859375,True,True,87.15953307392996,117.96268471107165,74.14637675021744,0.37019134799033643,0.7018218180461681,1.2467059404829417,2.7209785304072516,0.22511923637094383,46.0,0.5869565217391305,97.52367356143098,81.71209428252047,77.08112106964394,-0.8189740627019209,0.3469013421341157,,,,2.7209785304072516,0.17656434820511094,0.9473684210526315,0.10526315789473684,57.0
10,0,752.859375,True,True,96.83215130023642,25.291077342018465,19.515618744994995,0.30957348729305917,0.7551258102068551,1.2852647468371865,2.205455648372083,0.19196547287074717,43.0,0.7209302325581395,98.69364814215731,61.94513555872824,72.45533530936652,-0.813026966409485,0.3308772312840111,,,,2.205455648372083,0.21452826448621534,0.9583333333333334,0.1111111111111111,72.0
10,0,782.859375,True,True,87.51139471285323,88.99851502740556,74.15508704413885,0.28797099448562113,0.7848095424113471,1.209176777360844,2.4821279983798283,0.44585925530025566,37.0,0.6756756756756757,94.76378010772915,74.00881169403088,48.86583342294125,-0.8348691721046493,0.35071308324238715,-0.23923002918054304,,,2.4821279983798283,0.355294922972159,0.9696969696969697,0.12121212121212122,66.0
10,0,812.859375,True,True,87.48576078112286,111.16583551291463,84.52080799244439,0.2997172095677755,0.780633153803159,1.2192427886552102,2.7063214399785354,0.2870647670939767,38.0,0.5789473684210527,93.93290905932797,68.30197018254502,38.932355751627355,-0.8412551573210274,0.35612003615120785,-0.2519202067615486,,,2.7063214399785354,0.2268261601273204,0.9841269841269841,0.09523809523809523,63.0
10,0,842.859375,False,True,,,,,,,,,,,97.35462312041831,30.15352359544173,25.114256315787017,-0.8661837993026142,0.3789171594408807,-0.32169610987602004,,,2.723213454618094,0.13829151357314662,0.9841269841269841,0.07936507936507936,63.0
10,0,872.859375,True,True,95.56561085972851,67.70947150849894,62.14387174496409,0.2688471767017435,0.8143745087483599,1.1501931027417958,2.468364824206289,0.11902210169740873,45.0,0.5777777777777777,95.51138694715935,23.49776659276258,20.453646841483454,-0.8177738031411722,0.3917360558918795,,,,2.468364824206289,0.11902210169740873,1.0,0.015384615384615385,65.0
10,0,902.859375,True,True,93.10344827586206,67.62998088884287,60.19602026100362,,,,2.3527709298076553,0.26006034179001547,57.0,0.47368421052631576,94.40839021505077,51.49361971098612,23.097754446986013,-0.7668633907766645,0.3111575247118791,,,,2.3527709298076553,0.22734710849937265,0.9726027397260274,0.0958904109589041,73.0
10,0,932.859375,True,True,89.51351351351352,61.17300642783435,49.25832124157767,,,,2.1349045605068917,0.21494427736896654,76.0,0.4473684210526316,89.40526008454476,43.39342724350245,25.665880943239127,-0.6766238839105606,0.22381339668934264,,,,2.1349045605068917,0.24962293341893496,0.9873417721518988,0.31645569620253167,79.0
10,0,962.859375,True,True,91.0948905109489,56.87317830348204,27.124178745818927,,,,1.9198009274234362,0.24424520071543815,82.0,0.4634146341463415,90.81067123428434,46.44908418371728,29.09449970640698,-0.6920110099920438,0.22332862935721096,-0.14555802727473874,,,1.9198009274234362,0.24424520071543815,0.9880952380952381,0.23809523809523808,84.0
10,0,992.859375,True,True,93.4369719499831,53.81821195708772,30.257682392245446,0.17591025141287875,0.8749478879095846,1.0959326634316897,2.195103242131147,0.2958534086442264,78.0,0.5512820512820513,93.13289029306803,41.01531911421375,28.030403021112633,-0.7182598939583557,0.26495274000628555,-0.18676636428584242,,,2.195103242131147,0.34252513301245785,0.9876543209876543,0.12345679012345678,81.0
10,0,1022.859375,True,True,96.43049327354261,37.665978868527425,30.866549895299674,,,,2.1056220180491336,0.24804170477126555,88.0,0.375,96.37921515507715,35.95685953868788,18.716304137729313,-0.6569916443402546,0.23046710260356074,-0.1811629232773798,,,2.1056220180491336,0.24804170477126555,1.0,0.14444444444444443,90.0
10,0,1052.859375,True,True,101.24490350638762,37.41631712981735,57.07671561016585,,,,1.0638921481759014,0.20626150254497222,98.0,0.14285714285714285,101.11161125422804,21.414694519252325,17.759923356828264,-0.5916331575099751,0.17802567079936338,-0.16165891050396117,,,1.0638921481759014,0.20626150254497222,1.0,0.1,100.0
10,0,1082.859375,True,True,102.74705672493756,34.345554546653005,53.21683239352,,,,2.17794652673136,0.17975115567936992,82.0,0.08536585365853659,102.6417812919594,21.35858844395362,20.399873532176137,-0.5833318754395718,0.12664837789970737,-0.18707260131790118,,,2.17794652673136,0.17975115567936992,0.989247311827957,0.08602150537634409,93.0
10,0,1112.859375,True,True,99.55555555555557,26.874697188216526,19.52172023607576,0.383214842948891,0.7028806278642987,1.2633306458167721,2.47262538512428,0.20448219699247522,60.0,0.5166666666666667,100.1520311094414,46.83074009660609,33.80392704406791,-0.8075429635349421,0.3477396370098602,,,,2.47262538512428,0.20448219699247522,0.9879518072289156,0.03614457831325301,83.0
10,0,1142.859375,True,True,96.0,55.88521655362251,56.33673867912483,0.3608122550179023,0.7192658986768277,1.2506843890900428,2.634634995095578,0.13438841574265664,63.0,0.7619047619047619,97.0545501823059,37.768789972332314,19.35604148601875,-0.8402486027682746,0.414973584955905,,,,2.634634995095578,0.15495988422213763,0.9736842105263158,0.06578947368421052,76.0
10,0,1172.859375,True,True,96.66337611056268,47.19458052968103,43.7111628862647,0.29841962173587105,0.7817852733998252,1.2156582298998766,2.5827012788183876,0.14289926072050596,64.0,0.65625,95.48412936531663,62.95311167258692,41.84120695652917,-0.8101472852405938,0.3754589899751141,-0.24490748571140744,,,2.5827012788183876,0.14289926072050596,0.9459459459459459,0.06756756756756757,74.0
10,0,1202.859375,True,True,100.00713521227256,27.280398589696397,19.090358889665534,0.28990318062394266,0.7698077357620083,1.2445111087068406,2.096015422524284,0.33349668201221944,81.0,0.6049382716049383,99.42297175032868,42.66761013694142,15.769265438431765,-0.7977640511387607,0.3552719680767835,,,,2.096015422524284,0.33349668201221944,0.9883720930232558,0.011627906976744186,86.0
10,1,3192.859375,False,True,,,,,,,,,,,117.79588492880934,135.63221470984456,81.19626298430194,-0.8100543650180756,0.16549912751692258,,,,2.755562587192933,0.1844392211099921,0.9577464788732394,0.11267605633802817,71.0
10,1,3222.859375,True,True,107.32919254658385,109.35019560008924,115.7970393702839,,,,2.5522675731473723,0.17381414476211668,54.0,0.1111111111111111,113.02757322009238,81.5375766350474,78.94052739178346,-0.812279234973482,0.17593066986687267,,,,2.5522675731473723,0.18178021198140154,0.9733333333333334,0.09333333333333334,75.0
10,1,3252.859375,True,True,110.13953488372094,73.53031352213996,68.693794867937,,,,2.5073677621469135,0.20985380287336078,84.0,0.08333333333333333,111.65585246950833,67.56324091417333,56.38124401255669,-0.7350169691887947,0.18260126115049138,-0.15408546525201453,,,2.5073677621469135,0.19088726694664718,0.9885057471264368,0.05747126436781609,87.0
10,1,3282.859375,True,True,108.53801169590642,69.86655526946215,31.85685277342147,,,,2.704672019204487,0.18193501651206548,70.0,0.04285714285714286,110.18704287556788,50.54321524242191,25.9259774046575,-0.7358389650357504,0.19067341868575996,-0.1008495684712428,,,2.704672019204487,0.21148620728700773,0.974025974025974,0.03896103896103896,77.0
10,1,3312.859375,False,True,,,,,,,,,,,108.27554145752504,100.97086799630301,78.76071741108893,-0.7957689594567848,0.17549360437974457,-0.37324648620881395,,,2.9491799983036793,0.17255033068841974,0.9464285714285714,0.19642857142857142,56.0
10,1,3342.859375,True,True,93.02043906131718,128.55543202133677,89.34392512376955,,,,2.70538166877373,0.3081413416357613,49.0,0.14285714285714285,102.04469300069574,115.51043859052938,67.54172465412887,-0.5428567557488677,0.009195639635727762,-0.32885606004644113,,,2.70538166877373,0.20887795053141708,0.9482758620689655,0.3103448275862069,58.0
10,1,3372.859375,True,True,97.48709122203098,82.27229819885011,92.20990601246118,,,,2.088087358834956,0.13958269916778693,72.0,0.1111111111111111,101.39314940079454,68.16149853285467,63.81282036433919,-0.46465281638948014,-0.07002563294011376,-0.31852916231808215,,,2.088087358834956,0.10181054542479491,0.9594594594594594,0.2972972972972973,74.0
10,1,3402.859375,True,True,103.41113105924596,100.19290697426912,119.20746829088993,,,,2.384714099811164,0.17084407333025636,60.0,0.13333333333333333,105.34674135980804,81.55599899226797,64.94789715211498,-0.5862010496289782,0.05893120683201142,-0.31593800802053673,,,2.384714099811164,0.1569973384080477,0.8904109589041096,0.1780821917808219,73.0
10,1,3432.859375,True,True,100.50163576881134,112.20958069118629,123.16185495699294,,,,2.544953746887719,0.4961598922284004,61.0,0.09836065573770492,100.87556655857436,79.77134381023048,47.960087889278476,-0.542137904801884,0.05247161046581847,-0.2814644177849889,,,2.544953746887719,0.41663642725079,0.9473684210526315,0.3157894736842105,76.0
10,1,3462.859375,True,True,93.05331179321486,90.05182319965499,118.54185325680416,,,,2.4709644575471175,0.6450544295116429,68.0,0.04411764705882353,94.32134291693633,65.63102468472644,56.7612045718777,-0.47783727948445154,0.004408747971954973,-0.24230726497365518,,,2.4709644575471175,0.5769028802916248,0.9620253164556962,0.4177215189873418,79.0
10,1,3492.859375,True,True,93.89961389961391,159.745613882949,125.9933931060791,,,,2.522685476262729,0.18235490999604273,69.0,0.08695652173913043,97.5336531561843,77.92322611064264,58.04759508100386,-0.5134853724365847,0.059535906523734375,-0.2970356380084303,,,2.522685476262729,0.17442152216709353,0.9428571428571428,0.24285714285714285,70.0
10,1,3522.859375,True,True,100.6113537117904,91.55956476468407,126.9070752399871,,,,2.321326754859519,0.23257629373453825,56.0,0.05357142857142857,101.30278509123396,66.8063850588167,43.08090488347113,-0.5392803271486943,0.07617627907009009,-0.24352638934623078,,,2.321326754859519,0.19197051960876405,0.9705882352941176,0.22058823529411764,68.0
10,1,3552.859375,False,True,,,,,,,,,,,106.09858607058946,68.7027918017355,27.890394077897955,-0.7250308408004065,0.12065400137232127,-0.15069086630062722,,,2.677055493647199,0.20528760266521404,0.9787234042553191,0.1276595744680851,47.0
10,1,3582.859375,True,True,114.54545454545453,67.13643546735189,70.3125,,,,2.8996966105751962,0.18521110699553156,33.0,0.12121212121212122,118.72602131701089,48.995090333150756,59.49302179113501,-0.7446594822205415,0.16241913242415232,,,,2.8996966105751962,0.18135097416088966,0.9827586206896551,0.10344827586206896,58.0
10,1,3612.859375,True,True,105.55894929749542,139.96407536463337,108.02741260902253,,,,2.574225403720091,0.35825387962242095,58.0,0.1206896551724138,111.33775444199948,95.60172219992745,52.160504356912625,-0.6563003695458487,0.11394516057971649,,,,2.574225403720091,0.31278025446905233,0.9605263157894737,0.14473684210526316,76.0
10,1,3642.859375,True,True,106.08622854750942,121.25457518162641,100.2745074874559,,,,1.6990397821167527,0.12551849994382835,78.0,0.14102564102564102,108.61536991649919,71.36173017396295,39.01980301142697,-0.6896439016726481,0.13910328118981863,,,,1.6990397821167527,0.10820439604954485,0.9770114942528736,0.05747126436781609,87.0
10,1,3672.859375,True,True,107.23404255319149,90.83301423199224,87.74027770168516,,,,1.875402128196271,0.20619097870398373,90.0,0.12222222222222222,109.16427580862583,54.382265826765064,31.572860723970052,-0.6900081880496538,0.15231036955440733,-0.18401582582491272,,,1.875402128196271,0.23328359075920765,1.0,0.05319148936170213,94.0
10,1,3702.859375,True,True,102.06535947712418,141.7536861576303,81.78285805959482,,,,2.6212920265048085,0.15047593320627095,71.0,0.09859154929577464,108.25032856023091,83.97909164313512,51.31704518445614,-0.6931941769855665,0.15881690048638358,-0.1814327628216429,,,2.6212920265048085,0.1305722276332039,0.9615384615384616,0.07692307692307693,78.0
10,1,3732.859375,True,True,96.38554216867469,153.85148882037151,103.05395279900718,,,,2.37296047553297,0.11979785191803023,66.0,0.15151515151515152,102.18927452409525,132.32790650498893,72.31203726649424,-0.7557841522304407,0.15939979485591166,-0.2359894851030095,,,2.37296047553297,0.10691232307841082,0.9571428571428572,0.05714285714285714,70.0
10,1,3762.859375,True,True,100.64957264957265,91.9955859792953,69.63407269333821,,,,2.0615060954979234,0.15546605591079063,60.0,0.15,101.12143420510303,57.97156207086341,54.14058959510493,-0.73137363190907,0.1759021908268638,-0.2165861180349456,,,2.0615060954979234,0.15546605591079063,0.9863013698630136,0.0410958904109589,73.0
10,1,3792.859375,True,True,100.37929267042541,90.56264758306762,42.68632935044467,,,,2.122010152197105,0.16138079395161742,63.0,0.09523809523809523,102.53292258005733,40.98441140328697,32.50575974597134,-0.6580243909358906,0.18859170650307164,-0.2109276048736297,,,2.122010152197105,0.14129362556965233,0.9866666666666667,0.06666666666666667,75.0
10,1,3822.859375,True,True,98.0,114.5836353003133,65.10016013312851,,,,2.272527718830166,0.18107059148804783,64.0,0.078125,101.9856968878328,78.80755359506013,59.67771679675494,-0.7015803991045896,0.18876944095708745,-0.15489925613537647,,,2.272527718830166,0.14401192686737618,0.9583333333333334,0.1111111111111111,72.0
10,1,3852.859375,True,True,90.7563025210084,146.7201122921125,113.7517170200081,,,,2.5163717415834697,0.20822284092161836,60.0,0.15,92.16659273781563,129.87167446685365,57.00509540299203,-0.6847034416586797,0.172694200620422,,,,2.5163717415834697,0.2370394318911681,0.9411764705882353,0.1323529411764706,68.0
11,0,85.625,True,True,73.06256860592755,129.04802110195234,122.219275885706,,,,2.486614720867757,0.2504357050284072,59.0,0.06779661016949153,73.34007248985382,104.70921133204129,59.89083797502459,-0.5509604880526084,0.07826370766315824,-0.14633192419231691,,,2.486614720867757,0.2504357050284072,0.9833333333333333,0.48333333333333334,60.0
11,0,115.625,True,True,71.69620253164557,111.33069837621215,106.9371164516792,,,,2.3019971525320595,0.2715489587544069,64.0,0.109375,72.27744339009378,96.48455273098196,66.59900093387114,-0.5677939889179384,0.12559871629717168,-0.1814018425003815,,,2.3019971525320595,0.2891079808353955,0.9682539682539683,0.25396825396825395,63.0
11,0,145.625,True,True,74.96503496503496,118.67960731120695,115.11273990280587,,,,2.210508813496099,0.1651078101082752,70.0,0.12857142857142856,74.87237434044368,86.96978082557027,52.032461555156004,-0.5954622188965089,0.13964003592739627,-0.18493209075856662,,,2.210508813496099,0.18825407157884935,0.9859154929577465,0.28169014084507044,71.0
11,0,175.625,True,True,75.60732113144759,126.66071731743908,141.06545321291082,,,,2.323766621781773,0.14297987124032044,72.0,0.1388888888888889,77.4467000721774,93.14070269562512,48.828873170486965,-0.5901617292879533,0.10442389077846811,-0.16977391212473686,,,2.323766621781773,0.15016219792837712,1.0,0.38666666666666666,75.0
11,0,205.625,True,True,74.07324573665082,133.38229816097214,147.16138803741407,,,,2.4156782565306396,0.18335566181719462,71.0,0.18309859154929578,75.57889591189311,99.34927747488054,65.96249484687038,-0.5856395415989402,0.09730595039825175,-0.16454657228587277,,,2.4156782565306396,0.16146758433927896,0.9861111111111112,0.3888888888888889,72.0
11,0,235.625,True,True,73.97747480735033,131.44757836442858,134.90579625663372,,,,2.43877397888923,0.18815797084040567,68.0,0.19117647058823528,74.32187805856908,96.99428815142296,61.86737994899542,-0.5764003598579355,0.09818119275662981,-0.17379172780430108,,,2.43877397888923,0.18815797084040567,1.0,0.44285714285714284,70.0
11,0,265.625,True,True,75.26951976478276,139.08620378186532,131.6585902058806,,,,2.43283855878457,0.2074470221864514,65.0,0.2153846153846154,76.35387291948005,88.6936319044089,52.62225610690671,-0.582685974938032,0.10643686122885757,-0.1709413435847862,,,2.43283855878457,0.2074470221864514,1.0,0.3787878787878788,66.0
11,0,295.625,True,True,76.5582371458552,130.35373304132932,118.9518450475544,,,,2.3590772385857637,0.31292802682409976,65.0,0.2,81.23069416357285,108.29972556683214,48.62298096562319,-0.6375005959599914,0.1688449345270661,-0.16809190357949622,,,2.3590772385857637,0.2721006429328831,1.0,0.31343283582089554,67.0
11,0,325.625,True,True,77.51158173395103,97.76863410393531,112.69317379706077,,,,2.319741132628936,0.2660098542785873,67.0,0.11940298507462686,79.22022014213958,67.26555086232013,42.78633208418651,-0.6210522419377097,0.16411941713570877,-0.17897606729475507,,,2.319741132628936,0.24002033294122588,1.0,0.4142857142857143,70.0
11,0,355.625,True,True,75.68695652173912,84.36453289219662,119.07533874852896,,,,2.326573323370957,0.19408046297771345,70.0,0.12857142857142856,76.14973642503043,53.56011070489659,45.94578762810712,-0.5779023162416308,0.13976295481183684,-0.1743192351194876,,,2.326573323370957,0.19408046297771345,1.0,0.3888888888888889,72.0
11,0,385.625,True,True,75.43595263724434,64.43217691786015,86.28192025171869,,,,2.3331272709904085,0.15884932824092413,74.0,0.16216216216216217,75.48692661348923,50.240400410670645,47.40375781277593,-0.6034905116213025,0.1370245244888709,-0.15713939968881163,,,2.3331272709904085,0.15884932824092413,1.0,0.44,75.0
11,0,415.625,True,True,77.38035264483626,87.305104578778,97.76036117029147,,,,2.6461322883700715,0.20908056120196292,65.0,0.13846153846153847,79.13623713281626,66.9064801597162,39.23967382302432,-0.6324474702291609,0.12886910362983847,-0.16299846314605165,,,2.6461322883700715,0.1890803602333878,1.0,0.4782608695652174,69.0
11,0,445.625,True,True,79.6595744680851,135.89351447232875,139.19995547472948,,,,2.8597501309929942,0.1992936589287985,49.0,0.08163265306122448,83.1056680536972,115.11538684216791,60.255848751051765,-0.6366849661368615,0.1276254032106801,-0.20084843686700493,,,2.8597501309929942,0.20774066356989665,0.9682539682539683,0.3492063492063492,63.0
11,0,475.625,True,True,73.63891487371374,177.72573727670616,129.79099785809493,,,,2.9460992611028103,0.20480512519214783,51.0,0.23529411764705882,77.10008279465285,108.83332604308038,67.96444385321752,-0.5864984566978093,0.14519557575700726,-0.20320409870991718,,,2.9460992611028103,0.2036243941558057,0.9827586206896551,0.25862068965517243,58.0
11,0,505.625,True,True,74.4083044982699,145.92836170254333,154.54802213497697,,,,2.7121066065285624,0.1842888755166959,64.0,0.40625,75.01513205290041,81.19549003399443,57.06530526850803,-0.5985079570359121,0.17207886014971902,-0.2054547245082195,,,2.7121066065285624,0.16316499198854695,1.0,0.2857142857142857,63.0
11,0,535.625,True,True,75.5657592653329,127.11699346415418,133.3475741092928,0.14948935380226577,0.9088794672403391,1.0538369799639589,2.4810706814959453,0.1916327157538628,65.0,0.5384615384615384,75.21454694768266,62.49776083097733,54.303307254668454,-0.638011878252415,0.19556937860402895,-0.21485310946823605,,,2.4810706814959453,0.1916327157538628,0.9852941176470589,0.23529411764705882,68.0
11,0,565.625,True,True,72.63255813953488,121.85080588633902,129.6281142994332,0.14021332748396653,0.9034839554051622,1.0402662839372168,2.3599553323665594,0.27546790976620894,65.0,0.5384615384615384,73.87006793900575,75.53656140810749,56.80820824241778,-0.6418921671913393,0.16730810947772387,-0.20323050899213424,,,2.3599553323665594,0.2529895570619907,0.9714285714285714,0.17142857142857143,70.0
11,0,595.625,True,True,70.99159663865547,122.77855620439738,135.67040673408795,,,,2.405048351758135,0.18539101215492407,68.0,0.4852941176470588,71.56312617462896,70.24513216665035,62.76332154194912,-0.6041466689342201,0.13972719968407585,-0.2004887596414489,,,2.405048351758135,0.18539101215492407,0.9857142857142858,0.22857142857142856,70.0
11,0,625.625,True,True,72.00671704450042,112.45619608662983,122.9652093412333,0.10999888001952449,0.9356658073075576,0.9445235430731069,2.3647322808293465,0.20346001300549338,69.0,0.5797101449275363,72.13976990763798,62.47333169643742,56.63111687560296,-0.6148008218602722,0.15766596842684977,-0.19227793894373124,,,2.3647322808293465,0.20346001300549338,1.0,0.22857142857142856,70.0
11,0,655.625,True,True,73.61449982572324,119.10140942958853,120.96493411450314,,,,2.5135163526888915,0.2638696646263989,63.0,0.49206349206349204,76.10893169537823,107.7033589169468,53.55414182048222,-0.6214474163582153,0.17471467204617294,-0.17723163070545073,,,2.5135163526888915,0.20875272702973824,0.984375,0.234375,64.0
11,0,685.625,True,True,73.78309137489326,161.55605547098332,173.09740918968666,,,,2.884512973246237,0.30778543150811366,54.0,0.25925925925925924,77.72538386092916,130.64313154684606,76.03035590124061,-0.607168245703332,0.14909880768494052,-0.2005793832026671,,,2.884512973246237,0.3071727226834777,0.9830508474576272,0.3389830508474576,59.0
11,0,715.625,True,True,75.56626506024097,147.9113987306879,157.46721397663737,,,,2.8359532598082238,0.29751355991074013,55.0,0.38181818181818183,77.8860891599919,107.33288690625416,68.42495401560714,-0.613411848682164,0.1730720696166963,-0.2106274084769384,,,2.8359532598082238,0.3394742258983929,1.0,0.3125,64.0
11,0,745.625,True,True,76.23824451410657,137.06529991328787,152.93355379052696,,,,2.6833805649187257,0.19654533720629064,63.0,0.3333333333333333,76.85723451416429,84.89832956425198,52.17800306594724,-0.5973196329347243,0.16532675102814356,-0.21188769867730242,,,2.6833805649187257,0.21616289133523287,1.0,0.23076923076923078,65.0
11,0,775.625,True,True,71.25773195876289,167.59992614275092,185.00125369085342,,,,2.7208759135051706,0.2071693663971254,53.0,0.16981132075471697,74.48650177557644,106.02583556132794,82.0425762237612,-0.6097352247900208,0.12724551680882018,-0.20685754833000006,,,2.7208759135051706,0.21022890709215725,1.0,0.3157894736842105,57.0
11,0,805.625,True,True,72.07333042339589,160.73639413579775,162.50096928991312,,,,2.958204480355408,0.1747130581803925,51.0,0.17647058823529413,73.63115974126246,148.29549246904787,83.53798940258902,-0.6314756396050332,0.12577226193911265,-0.2204841933530463,,,2.958204480355408,0.17961690463908175,0.9811320754716981,0.3584905660377358,53.0
11,0,835.625,True,True,74.65149359886202,133.50228870674474,165.7400315690694,,,,2.9846519937414464,0.20359474141710382,52.0,0.28846153846153844,75.67199001362017,108.91296933145665,73.74222728657546,-0.6062627078943853,0.1309181038859319,-0.25005336124836003,,,2.9846519937414464,0.175571454792445,0.9642857142857143,0.25,56.0
11,0,865.625,True,True,76.41791044776119,129.774592499013,140.8689290645075,,,,2.8553643454293773,0.1842990319959215,57.0,0.24561403508771928,76.9058829537944,105.24405169665448,55.402654114180606,-0.6170527384950951,0.130911523955693,-0.21159570989544566,,,2.8553643454293773,0.21335385458886974,0.9838709677419355,0.2903225806451613,62.0
11,0,895.625,True,True,76.03960396039604,148.18331564911315,132.01991806255563,,,,2.6992325147202196,0.21512899697174215,60.0,0.21666666666666667,73.65035011186708,77.02220919925331,58.83049574279264,-0.6114138501492616,0.12475831044088885,-0.19684460308728866,,,2.6992325147202196,0.24369820311369036,1.0,0.2903225806451613,62.0
11,0,925.625,True,True,71.5673693858845,147.12648145532302,167.0487157613012,,,,2.524178127725136,0.22570073203134888,65.0,0.26153846153846155,71.21794530602098,81.87235371989162,59.67001125480936,-0.5592297209617484,0.10655208513599579,-0.17226295000158331,,,2.524178127725136,0.22570073203134888,1.0,0.27692307692307694,65.0
11,0,955.625,True,True,70.55421686746989,116.76866180960546,140.06124135898023,,,,2.4485148821407297,0.22796627738595793,65.0,0.16923076923076924,71.71977501357895,92.54195690976526,59.550475628423754,-0.5419483922295252,0.10255146584662587,-0.1652742917697399,,,2.4485148821407297,0.20836720660040398,0.9850746268656716,0.31343283582089554,67.0
11,0,985.625,True,True,72.83860232945091,113.05027198519832,97.87044329220527,,,,2.457681805113752,0.25211739587879006,63.0,0.19047619047619047,73.69688198566044,65.96129258398503,50.11340426608173,-0.5707461203260017,0.13878601757422226,-0.16697199725439166,,,2.457681805113752,0.2294426872262803,0.984375,0.296875,64.0
11,0,1015.625,True,True,79.00621118012423,105.32239768534922,104.92396714199265,,,,2.542624475590742,0.23828544523077544,64.0,0.328125,80.14727309483767,61.205741690993186,53.33790015836079,-0.6288147311345754,0.18507345617120358,-0.1631283964902682,,,2.542624475590742,0.20262788427673578,0.984375,0.265625,64.0
11,0,1045.625,True,True,75.75832305795315,147.0209666018276,146.0901418489781,,,,2.2272733341437485,0.21017840824542913,69.0,0.34782608695652173,74.22269893712455,91.22877987291322,63.06360767230787,-0.6242817355700329,0.1629156746403238,-0.1840041163160181,,,2.2272733341437485,0.2411432255538275,1.0,0.31343283582089554,67.0
11,0,1075.625,True,True,70.72230215827338,141.72791938614478,164.6755448831039,,,,2.1800888543981696,0.21440125618263756,67.0,0.2835820895522388,70.46716661618507,79.38304661174382,70.4346559209105,-0.5992038935030427,0.1217674269960879,-0.16839345203634226,,,2.1800888543981696,0.2477648076484357,0.9710144927536232,0.37681159420289856,69.0
11,0,1105.625,True,True,71.9386886176554,132.51919398790488,140.61028642423386,,,,2.344094322912508,0.19520240619030102,68.0,0.35294117647058826,71.82851101486958,72.73252193474731,59.29210795145589,-0.5960662235486562,0.11784477716417513,-0.17466752377961664,,,2.344094322912508,0.19520240619030102,0.9852941176470589,0.27941176470588236,68.0
11,0,1135.625,True,True,72.24312590448625,121.38418953616224,130.85686194833468,,,,2.4310683960164066,0.2452184878280602,69.0,0.37681159420289856,73.04375310594438,81.0529807317269,57.37496417386501,-0.6168581911798487,0.15760848026112625,-0.19568196506673696,,,2.4310683960164066,0.2452184878280602,1.0,0.18840579710144928,69.0
11,0,1165.625,True,True,72.38095238095238,139.76738277435828,149.47061392859632,,,,2.4860200529471053,0.20949864232169121,62.0,0.27419354838709675,73.0398472987067,86.65355731621563,61.09057644036977,-0.6002243962930598,0.14569852195472666,-0.19201887809517,,,2.4860200529471053,0.20949864232169121,1.0,0.296875,64.0
11,0,1195.625,True,True,70.03647733194371,143.5303285923931,169.6996727758112,,,,2.8844502310616895,0.15236201074643083,48.0,0.25,73.52739355475228,119.45125202618358,77.56724728910186,-0.59108513155038,0.10847489143098063,-0.19308849766239675,,,2.8844502310616895,0.1496678475500703,1.0,0.43636363636363634,55.0
11,1,1907.625,False,False,,,,,,,,,,,,,,,,,,,,,,,
11,1,1937.625,False,False,,,,,,,,,,,,,,,,,,,,,,,
11,1,1967.625,False,False,,,,,,,,,,,,,,,,,,,,,,,
11,1,1997.625,False,False,,,,,,,,,,,,,,,,,,,,,,,
11,1,2027.625,False,False,,,,,,,,,,,,,,,,,,,,,,,
11,1,2057.625,False,False,,,,,,,,,,,,,,,,,,,,,,,
11,1,2087.625,False,False,,,,,,,,,,,,,,,,,,,,,,,
11,1,2117.625,False,False,,,,,,,,,,,,,,,,,,,,,,,
11,1,2147.625,False,False,,,,,,,,,,,,,,,,,,,,,,,
11,1,2177.625,False,False,,,,,,,,,,,,,,,,,,,,,,,
11,1,2207.625,False,False,,,,,,,,,,,,,,,,,,,,,,,
11,1,2237.625,False,False,,,,,,,,,,,,,,,,,,,,,,,
11,1,2267.625,False,False,,,,,,,,,,,,,,,,,,,,,,,
11,1,2297.625,False,False,,,,,,,,,,,,,,,,,,,,,,,
11,1,2327.625,False,False,,,,,,,,,,,,,,,,,,,,,,,
11,1,2357.625,False,False,,,,,,,,,,,,,,,,,,,,,,,
11,1,2387.625,False,False,,,,,,,,,,,,,,,,,,,,,,,
11,1,2417.625,False,False,,,,,,,,,,,,,,,,,,,,,,,
11,1,2447.625,True,False,96.0,183.65447543186593,132.69756055830493,,,,0.725424878904249,0.31538998760071896,47.0,0.19148936170212766,,,,,,,,,,,,,
11,1,2477.625,False,False,,,,,,,,,,,,,,,,,,,,,,,
11,1,2507.625,True,False,116.01208459214502,102.69388071241566,118.61114414600762,,,,0.152158238445581,0.11983835897427099,48.0,0.25,,,,,,,,,,,,,
13,0,87.90625,True,True,73.95993836671802,210.3057669798905,56.84428711789054,,,,3.2079548257370143,0.15506572349689796,35.0,0.11428571428571428,88.21957401404768,128.88405064284714,78.12959803704499,-0.6655268023884566,0.15928730922378784,,,,3.2079548257370143,0.11234604803943278,0.9807692307692307,0.25,52.0
13,0,117.90625,True,True,78.04878048780488,176.31573833136207,86.49966529176997,,,,2.980190604052237,0.28742305662088774,37.0,0.13513513513513514,83.70681111489212,111.0035785716136,71.94233268514103,-0.668001888941193,0.17284151624382976,,,,2.980190604052237,0.2207278902403815,0.9795918367346939,0.2653061224489796,49.0
13,0,147.90625,True,True,84.33768016472203,116.85836676265194,107.98220339481871,,,,2.851909937397334,0.2078793640396643,44.0,0.18181818181818182,83.81340930006493,75.86137375092055,45.280110195790094,-0.660072322854784,0.16841398695131607,-0.19786169346349075,,,2.851909937397334,0.2443767384059706,0.9830508474576272,0.23728813559322035,59.0
13,0,177.90625,True,True,84.41132637853948,119.00964416690805,107.14194531591458,,,,2.50474996001979,0.24592054383794804,67.0,0.22388059701492538,84.97527335227772,76.69063957667677,41.61700133654483,-0.6650734927031968,0.17283725804684041,-0.192299387724789,,,2.50474996001979,0.24592054383794804,1.0,0.18571428571428572,70.0
13,0,207.90625,True,True,85.16129032258064,119.9138355130182,149.86973510352246,,,,2.8258105687051667,0.2821546947942537,46.0,0.13043478260869565,85.80479679992837,85.69004725169897,56.0202653646357,-0.703813065895549,0.1892349611324389,,,,2.8258105687051667,0.2821546947942537,0.9811320754716981,0.1509433962264151,53.0
13,0,237.90625,False,False,,,,,,,,,,,,,,,,,,,,,,,
13,0,267.90625,True,True,86.5664739884393,123.83747964453188,117.67606489851707,,,,2.798470118398781,0.3151360010507503,55.0,0.2,93.97052296308124,114.66802169889837,42.46812207516812,-0.760631848358638,0.19327182928505388,,,,2.798470118398781,0.2548408764162601,1.0,0.24561403508771928,57.0
13,0,297.90625,True,True,86.07982504100602,123.22361061360131,146.8337249414194,,,,2.88843169242984,0.1926562104391262,55.0,0.2545454545454545,89.23686514245558,97.36751092412327,49.014543509625085,-0.7238159893536813,0.2195424958814554,,,,2.88843169242984,0.20794785019064957,1.0,0.2459016393442623,61.0
13,0,327.90625,True,True,86.45403377110694,94.14907619890458,119.45150980395536,,,,2.9542818295803266,0.158498880878707,50.0,0.36,86.14838968646461,69.02076875569082,43.36134982936233,-0.6957068594245633,0.2195424958814554,,,,2.9542818295803266,0.158498880878707,0.9821428571428571,0.26785714285714285,56.0
13,0,357.90625,True,True,86.29213483146067,77.50291116612419,92.1512225968107,,,,3.002359999942475,0.19622949236762458,44.0,0.22727272727272727,88.35464270215809,66.83059019783208,23.101717031048565,-0.6919645610246072,0.17790238577089768,,,,3.002359999942475,0.18411215982622486,0.9482758620689655,0.3103448275862069,58.0
13,0,387.90625,True,True,85.47945205479454,167.91180931373938,69.41990810498345,,,,3.0405918170865873,0.10990530741447771,59.0,0.01694915254237288,90.09780793198385,63.27738235401721,22.310137910737662,-0.7141851907521263,0.1406650249331355,,,,3.0405918170865873,0.10512471642665698,0.9558823529411765,0.29411764705882354,68.0
13,0,417.90625,True,True,85.37960954446855,196.88392232008243,71.97471004956358,,,,3.284063269688404,0.1828384472303415,51.0,0.0392156862745098,92.15428049280074,67.07069851919886,61.14438895279503,-0.7165448865218549,0.14221736055375703,,,,3.284063269688404,0.17693809926578857,0.9642857142857143,0.21428571428571427,56.0
13,0,447.90625,True,True,89.37399678972713,123.98322225676324,103.33411811742171,,,,3.169661998245016,0.20567021365850408,44.0,0.18181818181818182,92.91683269257936,70.41154651416953,69.9781671585465,-0.694172843591299,0.21149246713371667,,,,3.169661998245016,0.19727499232789084,0.9056603773584906,0.09433962264150944,53.0
13,0,477.90625,True,True,87.27272727272728,117.6207269857939,72.8320667232629,,,,2.8602878381874723,0.27149712518673186,55.0,0.14545454545454545,89.64249520255719,49.56267679932708,34.78839412028152,-0.6796322100926897,0.1767065555231039,,,,2.8602878381874723,0.20830495957624193,0.9516129032258065,0.1774193548387097,62.0
13,0,507.90625,True,True,84.08759124087592,141.09956300976845,126.80384503743988,,,,2.6765888574464625,0.23005308556752763,63.0,0.06349206349206349,87.87488937097447,45.92406009337387,36.741609343286356,-0.6062192204383734,0.14296907430893493,,,,2.6765888574464625,0.19175232758752025,0.9852941176470589,0.25,68.0
13,0,537.90625,True,True,84.70588235294117,130.68023461085735,135.14287533868625,,,,2.0926304842662375,0.20929123111412562,73.0,0.2054794520547945,86.2169938417047,59.152278198528975,51.162962797839846,-0.599011175697892,0.1713650632654283,,,,2.0926304842662375,0.2204267113735082,0.9733333333333334,0.21333333333333335,75.0
13,0,567.90625,True,True,82.79010779961953,130.3101738111994,130.4493383631591,,,,2.024355355627221,0.24077924760969335,73.0,0.2054794520547945,83.2495646608657,87.9467407537089,51.4738053378768,-0.5869411780919939,0.14902828493069797,,,,2.024355355627221,0.2187880393478947,0.974025974025974,0.19480519480519481,77.0
13,0,597.90625,True,True,85.16875602700097,117.5618753561045,113.2324694317875,,,,2.39912785535515,0.13196461258661588,74.0,0.05405405405405406,85.71518788624068,95.31260632921632,55.25470623361206,-0.5848518240937884,0.1352635562195515,,,,2.39912785535515,0.13196461258661588,0.9868421052631579,0.11842105263157894,76.0
13,0,627.90625,True,True,82.9925187032419,133.05522746870798,118.58541225631421,,,,2.616837234471067,0.14921486199546977,60.0,0.11666666666666667,88.699265427756,97.15432893445279,78.9623367671137,-0.5775286704794923,0.10051880962140745,,,,2.616837234471067,0.13186047244086282,0.9841269841269841,0.19047619047619047,63.0
13,0,657.90625,True,True,78.53429910524073,129.3395495412012,140.1903003509872,,,,2.6260724101449675,0.1569605903204846,57.0,0.08771929824561403,81.80353541918292,50.21010424675111,49.05607321330017,-0.600445560573093,0.11928477788273914,-0.2030017401135045,,,2.6260724101449675,0.1484598714036117,0.9193548387096774,0.3225806451612903,62.0
13,0,687.90625,True,True,78.52760736196319,171.52134361094122,131.25620025037546,,,,2.723593963187872,0.15420160959141832,51.0,0.058823529411764705,84.21978174638973,68.81114880621242,36.02260089140874,-0.6029595535304401,0.09858963538646695,-0.18711362107434623,,,2.723593963187872,0.13898880871466718,0.8852459016393442,0.39344262295081966,61.0
13,0,717.90625,True,True,84.00690846286702,157.84272250146654,74.63258770904402,,,,2.828235073836187,0.17859454715855763,49.0,0.08163265306122448,88.41358170268761,66.74603527068963,63.13141750261927,-0.601147429353406,0.11473196136107913,-0.2717118037076396,,,2.828235073836187,0.14996552936985788,0.9310344827586207,0.3275862068965517,58.0
13,0,747.90625,True,True,84.79495268138803,104.62140326354515,74.59996143963394,,,,2.6210670411220023,0.20094881440325682,59.0,0.22033898305084745,84.66420979439799,61.044928253143325,53.31732976410877,-0.6462977062137617,0.1658441927883562,,,,2.6210670411220023,0.20094881440325682,0.9848484848484849,0.19696969696969696,66.0
13,0,777.90625,True,True,82.2109770338653,170.43994571313664,82.64538590294386,,,,2.742609378398848,0.19962907477959957,62.0,0.20967741935483872,87.44408574875648,90.70936749661139,62.84928950008449,-0.6491137447771094,0.16684718766142134,,,,2.742609378398848,0.17466657535138685,0.9733333333333334,0.22666666666666666,75.0
13,0,807.90625,True,True,85.55440414507773,149.25601793731428,79.57926770513065,,,,2.881577299645474,0.13762640656534753,53.0,0.03773584905660377,88.0556542963424,92.13763138347562,73.21854587708883,-0.6547658636962328,0.1571558712579487,,,,2.881577299645474,0.14566021960555603,0.9857142857142858,0.3142857142857143,70.0
13,0,837.90625,True,True,85.213103205354,97.6536497989728,72.26939541322355,,,,2.4833687329970595,0.20357473310843213,70.0,0.15714285714285714,85.72534740895244,44.870742754615264,22.63280777469349,-0.6258972527246998,0.1595686848812401,,,,2.4833687329970595,0.20357473310843213,0.9863013698630136,0.1643835616438356,73.0
13,0,867.90625,True,True,85.14645496851902,42.83394609060554,48.53820177190334,,,,2.355287524156947,0.2201696005763432,82.0,0.2073170731707317,85.14061180513848,35.58596278412387,25.166232659055662,-0.5943298023913492,0.16087743531069626,,,,2.355287524156947,0.2201696005763432,1.0,0.10714285714285714,84.0
13,0,897.90625,True,True,86.98621142481943,86.84246781971554,80.43461047646095,,,,2.612275549996804,0.2548663914605616,74.0,0.21621621621621623,86.77196850953575,66.26663476996934,55.31094832228828,-0.6153752491718922,0.17186788190569058,,,,2.612275549996804,0.2548663914605616,0.9864864864864865,0.10810810810810811,74.0
13,0,927.90625,True,True,88.8,90.69123278681293,87.49279924287963,,,,3.0348993160338686,0.15971057264416832,51.0,0.37254901960784315,88.24680377291477,73.86374490714965,52.49478155488592,-0.7476554548768943,0.22164614592689513,,,,3.0348993160338686,0.15971057264416832,0.9833333333333333,0.13333333333333333,60.0
13,0,957.90625,True,True,82.81150159744409,162.85026900180458,105.39638721275033,,,,3.3569734241068683,0.09156746636796298,39.0,0.41025641025641024,89.70038105259422,72.82687238060751,52.34767183739297,-0.7664530814228041,0.2784109168826209,,,,3.3569734241068683,0.06955489063155845,1.0,0.17307692307692307,52.0
13,0,987.90625,True,True,83.86617100371747,112.48189063053488,98.56077806959628,,,,2.8490502734228524,0.105082926056914,54.0,0.3148148148148148,87.5370225596609,72.07974052436406,39.57376465349873,-0.6463778753541412,0.16771956485147982,,,,2.8490502734228524,0.10055311012550819,0.9848484848484849,0.18181818181818182,66.0
13,0,1017.90625,True,True,85.35931790499392,74.7760124037928,78.83409812748243,,,,2.259922649038496,0.1991028201130356,77.0,0.19480519480519481,85.1833268783986,50.351231666968005,31.49973199576233,-0.6025653419181507,0.1474397185467723,,,,2.259922649038496,0.1991028201130356,1.0,0.12195121951219512,82.0
13,0,1047.90625,True,True,90.26589595375722,67.4820198426898,49.90224819584785,,,,2.699501007303872,0.16294921074262236,69.0,0.13043478260869565,89.83795875627682,71.24328803558166,24.433491095917216,-0.6278437681120308,0.14972596065128538,,,,2.699501007303872,0.16294921074262236,0.9863013698630136,0.1780821917808219,73.0
13,0,1077.90625,True,True,88.84318766066838,103.79906728843712,57.60042094976167,,,,2.7532960104932953,0.19809833728804851,55.0,0.14545454545454545,90.60037251384746,104.63489697871574,54.05769255903867,-0.7239164179693665,0.1840267295933785,-0.11520465150346734,,,2.7532960104932953,0.16886555563923505,0.9857142857142858,0.2714285714285714,70.0
13,0,1107.90625,True,True,86.13931523022431,94.58092373038873,68.76304375334537,,,,2.812363220388226,0.22708755298789293,67.0,0.26865671641791045,88.0258780607744,91.85981518700554,75.13389538077021,-0.7181913754375243,0.19037575271756552,,,,2.812363220388226,0.2020335856361225,0.9864864864864865,0.25675675675675674,74.0
13,0,1137.90625,True,True,88.36495761001213,52.24706017035059,44.785966349546875,,,,2.8648347211565257,0.20444461953529905,65.0,0.24615384615384617,88.21648932202625,42.93967431709418,50.44568535758259,-0.7328052323650608,0.2237959218882649,,,,2.8648347211565257,0.20444461953529905,0.971830985915493,0.19718309859154928,71.0
13,0,1167.90625,True,True,87.31997834325935,53.06983497448368,31.25,,,,2.8041670929078393,0.24296638528847705,50.0,0.18,87.71509607170871,54.473063788778745,19.41237915302751,-0.7464942600582775,0.24330884933068253,,,,2.8041670929078393,0.24296638528847705,0.9838709677419355,0.14516129032258066,62.0
13,0,1197.90625,True,True,82.04273058884836,148.4876359490096,57.63728273962212,,,,2.7801847567100912,0.22435601304791852,53.0,0.22641509433962265,86.03864085896309,72.58829169331494,57.304204509945286,-0.73271617716717,0.23844840663466688,,,,2.7801847567100912,0.17959237258700297,0.9682539682539683,0.2222222222222222,63.0
13,1,3260.921875,False,False,,,,,,,,,,,,,,,,,,,,,,,
13,1,3290.921875,False,False,,,,,,,,,,,,,,,,,,,,,,,
13,1,3320.921875,False,False,,,,,,,,,,,,,,,,,,,,,,,
13,1,3350.921875,False,False,,,,,,,,,,,,,,,,,,,,,,,
13,1,3380.921875,False,False,,,,,,,,,,,,,,,,,,,,,,,
13,1,3410.921875,False,False,,,,,,,,,,,,,,,,,,,,,,,
13,1,3440.921875,False,False,,,,,,,,,,,,,,,,,,,,,,,
13,1,3470.921875,False,False,,,,,,,,,,,,,,,,,,,,,,,
13,1,3500.921875,True,True,92.59984928409948,176.954112477662,123.27917060983984,,,,3.238336951497634,0.169665590662565,45.0,0.08888888888888889,101.49201608171633,123.5842208809271,38.47371509951755,-0.728663684541075,0.1592328766340007,-0.09789228503094602,,,3.238336951497634,0.13336410597778509,0.967741935483871,0.11290322580645161,62.0
13,1,3530.921875,True,True,95.82255083179298,137.3774261028184,95.58242086090715,,,,3.254673139748833,0.11651904339888035,43.0,0.06976744186046512,100.0981250710021,113.05662145913317,49.82598800604502,-0.706793965321619,0.14804941083763543,-0.11257859722037483,,,3.254673139748833,0.12962616040807895,0.9692307692307692,0.15384615384615385,65.0
13,1,3560.921875,True,True,92.97820823244552,120.41356872183295,91.27594879334315,,,,2.659318467614363,0.14231989496620964,48.0,0.041666666666666664,99.29506580907704,78.84928586161729,54.15310315763632,-0.6802419363715504,0.11286063638264635,-0.1593979686694177,,,2.659318467614363,0.10913158376060206,0.9705882352941176,0.20588235294117646,68.0
13,1,3590.921875,False,True,,,,,,,,,,,107.65768540019401,80.98250231019894,55.98797835339087,-0.6648237672990036,0.0395639120607454,,,,2.9013770640040857,0.16851898635386067,0.9824561403508771,0.21052631578947367,57.0
13,1,3620.921875,True,True,115.15570934256056,133.0928884167572,53.274147253851,,,,2.9440760215117794,0.15603165197533955,43.0,0.09302325581395349,111.66592079511489,164.69572395311982,62.60690698853945,-0.7645215908359331,0.11929187059758287,,,,2.9440760215117794,0.18285481038695148,0.96875,0.140625,64.0
13,1,3650.921875,True,True,113.92185238784369,100.06369446355218,63.01868109272572,,,,2.8312171047842787,0.11777583800279723,55.0,0.10909090909090909,113.01073838325901,95.45113325052817,58.02412964001891,-0.7267143929306851,0.12400454493592292,,,,2.8312171047842787,0.1375030894736901,0.972972972972973,0.10810810810810811,74.0
13,1,3680.921875,True,True,107.82608695652175,122.7451190366111,54.599318002295504,,,,2.9579022032413813,0.14373794903826534,46.0,0.15217391304347827,108.3748603095178,115.0998610395989,92.72949589146842,-0.7054605687737097,0.12906008075903158,,,,2.9579022032413813,0.14373794903826534,0.9375,0.171875,64.0
13,1,3710.921875,False,True,,,,,,,,,,,104.93976034721479,108.52476424018379,160.5871804916602,-0.7792412201544372,0.15644027879449968,-0.16600473221839873,,,2.9961948967988103,0.13153711512751567,0.9259259259259259,0.18518518518518517,54.0
13,1,3740.921875,False,True,,,,,,,,,,,101.14189003274005,97.90801260428681,94.95544333666717,-0.7404760469286584,0.06533755232659805,-0.16600473221839873,,,2.9900636905967803,0.12849639122939438,0.9661016949152542,0.2711864406779661,59.0
13,1,3770.921875,True,True,90.48600883652429,157.20161327168933,108.47846848568614,,,,2.8498594438684046,0.25252290442542086,52.0,0.23076923076923078,98.72979458302746,116.9741459951936,56.28617358193164,-0.6339549348479026,0.06533755232659805,-0.19148101334094797,,,2.8498594438684046,0.22946990018965888,0.9538461538461539,0.3076923076923077,65.0
13,1,3800.921875,True,True,88.53754940711462,152.76846031981665,120.78842556304804,,,,2.8200656406495987,0.20348682002388332,51.0,0.13725490196078433,96.29148118326701,111.2401500556782,49.638459427638175,-0.626566024982244,0.05965077273096635,-0.30211030607575085,,,2.8200656406495987,0.16115101120882994,0.9032258064516129,0.3225806451612903,62.0
13,1,3830.921875,True,True,85.79710144927536,161.68521548298958,118.66960496287773,,,,2.863281956714431,0.20166301825924304,51.0,0.2549019607843137,91.86041349374688,119.50791951941969,74.58686946115965,-0.6563811110161173,0.08592684606671827,-0.36875669958300006,,,2.863281956714431,0.2044145674714667,0.8833333333333333,0.4166666666666667,60.0
13,1,3860.921875,False,True,,,,,,,,,,,93.90225513630963,139.2649232586629,100.211070101579,-0.6688792863110535,0.08296451292121707,-0.43111434108434843,,,3.289657314982169,0.14127557619245407,0.9056603773584906,0.41509433962264153,53.0
14,0,26.203125,True,True,71.68329578371419,127.21152452651788,168.039592618823,,,,2.4240418674687403,0.17654337172984017,63.0,0.031746031746031744,71.96271164716057,56.89449291047863,45.61697150630662,-0.37843840722049227,-0.1055692972041318,-0.21120518769449684,-0.005414328815919703,0.17880583868986605,2.4240418674687403,0.17654337172984017,0.9838709677419355,0.6612903225806451,62.0
14,0,56.203125,True,True,68.76634451392836,117.06836515530439,168.10814416905836,,,,2.2535135138429925,0.14610571354082746,65.0,0.015384615384615385,68.90067575157966,44.377538886386205,41.911779445798935,-0.39199318866684646,-0.012793869402301561,-0.19005464959054508,0.004057177681698424,-0.20222102824689092,2.2535135138429925,0.14610571354082746,1.0,0.746268656716418,67.0
14,0,86.203125,True,True,68.07616546290217,109.03833455814762,145.27621229589704,,,,2.302944797105873,0.18800439887410728,59.0,0.0,69.23709690748508,68.95284246155998,38.79403607139986,-0.4008802352758463,-0.01242904680429402,-0.11902605820825063,0.013807012662039717,-0.2954838871103435,2.302944797105873,0.18800439887410728,0.9841269841269841,0.7777777777777778,63.0
14,0,116.203125,True,True,68.46737481031867,132.8955857134753,132.88907106430284,,,,2.4702576519955577,0.20990245347461026,55.0,0.05454545454545454,70.31265937052287,93.07062666089116,37.23059784552398,-0.4651876190273998,0.03299987525734371,-0.11010944880450407,0.016018464335564562,-0.450857553044549,2.4702576519955577,0.1909241702022157,0.9838709677419355,0.6451612903225806,62.0
14,0,146.203125,True,True,69.74209952778787,158.41642249003357,143.1824504076171,,,,2.450496663682869,0.22051654703423562,58.0,0.06896551724137931,71.13251059351671,87.54328882253763,35.813457555577116,-0.48401953405396875,0.06428493441869798,-0.10018623666805165,0.01422383072148418,-0.5153467781241468,2.450496663682869,0.192979469248525,0.9833333333333333,0.6666666666666666,60.0
14,0,176.203125,True,True,73.30207635632954,125.3397442790088,125.01992825839683,,,,2.3540915136023366,0.21553396444909814,63.0,0.047619047619047616,73.26058720274195,98.62659522424991,52.574199271196676,-0.43077437717516287,0.04096910189111075,-0.15643401299321028,-0.004323957481229623,-0.3726210911310748,2.3540915136023366,0.21553396444909814,0.9682539682539683,0.5396825396825397,63.0
14,0,206.203125,True,True,71.52013147082991,106.53144493149041,118.45022812543989,,,,2.099963099523154,0.15451908260992636,69.0,0.057971014492753624,71.51084591896581,82.7205937807629,43.035188665808874,-0.4038991146282899,0.013620823900549556,-0.1742596648505913,-0.004709236500993021,-0.2969548942132613,2.099963099523154,0.15451908260992636,1.0,0.6666666666666666,69.0
14,0,236.203125,True,True,72.09795918367347,84.63892604534851,108.25317547305482,,,,2.0005931376919746,0.13654998856856684,70.0,0.014285714285714285,71.91697751629958,32.38789491192166,27.6473439269074,-0.3900119845332849,0.0005841541541781602,-0.17368478662679698,0.003427243404553032,-0.2476184562792529,2.0005931376919746,0.13654998856856684,1.0,0.7857142857142857,70.0
14,0,266.203125,True,True,72.4087591240876,85.76700402471799,114.01968374473769,,,,2.0458186835598573,0.16684973425623692,65.0,0.015384615384615385,72.2115139368607,36.15663024278635,37.805426659565086,-0.3898783177653964,0.016309674135842413,-0.16581290638520405,0.00664472600630379,-0.35695513645029625,2.0458186835598573,0.16684973425623692,0.9852941176470589,0.7647058823529411,68.0
14,0,296.203125,True,True,70.35114503816794,112.16890376695794,130.422500151136,,,,2.1783718540809227,0.17317326965057117,64.0,0.015625,71.24323888909765,44.305134895928916,33.46265086434396,-0.41104979213589027,0.03168448834993825,-0.16961148921219638,-0.002438485049482775,-0.3865735634214689,2.1783718540809227,0.15521184775731572,1.0,0.7230769230769231,65.0
14,0,326.203125,True,True,72.97737556561086,125.4850898573121,125.7082209649863,,,,2.2188515505094077,0.1651761898716599,66.0,0.06060606060606061,74.56617653977973,79.4458667081974,52.87749717415462,-0.4535896089575627,0.07817207991033988,-0.17632953454666933,-0.007587117000220375,-0.3977704223552746,2.2188515505094077,0.1525329003016451,0.9852941176470589,0.5,68.0
14,0,356.203125,True,True,74.76896251089799,111.0098826410722,127.89613706050703,,,,2.102570571637391,0.1673748829037218,68.0,0.10294117647058823,74.83273164987118,62.042779254357676,32.82332334343833,-0.4579838952011593,0.07911108718104311,-0.155266598160943,,,2.102570571637391,0.1673748829037218,1.0,0.4782608695652174,69.0
14,0,386.203125,True,True,72.13721753335147,88.15019584731428,117.08980302595205,,,,2.1684562757289987,0.14370619746841162,70.0,0.04285714285714286,72.1730540109629,37.37328501214074,26.794638698745754,-0.4058820966917313,0.023159733538222458,-0.16969502960550162,-0.01567864094034021,-0.28819770537582795,2.1684562757289987,0.14733648442660544,0.9861111111111112,0.6527777777777778,72.0
14,0,416.203125,True,True,72.4930594114381,71.01358539216436,108.57248228065014,,,,2.2047817890322126,0.14463861950423065,69.0,0.0,72.50839198923944,32.50058387321751,35.22979438417327,-0.38888606925335606,-0.020367141473246638,-0.19443762550543528,-0.021932314226609188,0.29188435373288313,2.2047817890322126,0.14463861950423065,0.9861111111111112,0.75,72.0
14,0,446.203125,True,True,76.18171362852213,110.07257984051809,122.6797885914634,,,,2.242543239532013,0.18544265237905078,71.0,0.08450704225352113,75.26390113236562,65.83764035657691,48.58547073399967,-0.4192628867801836,0.03579816534147119,-0.1651885288555871,-0.025306570491304817,-0.3363661649353526,2.242543239532013,0.18544265237905078,0.9726027397260274,0.6438356164383562,73.0
14,0,476.203125,True,True,75.26951976478276,136.38231658600694,128.03241428303556,,,,2.1605732356340277,0.2096551722542294,66.0,0.10606060606060606,74.92730563939237,77.91676877732446,49.745216281371434,-0.5121472860468435,0.0971289275263448,-0.17024107370364067,-0.012847699408705133,-0.5299819995713959,2.1605732356340277,0.2096551722542294,0.9850746268656716,0.5074626865671642,67.0
14,0,506.203125,True,True,74.4973544973545,149.471550020639,170.29134602347767,,,,2.158568418722227,0.24234178758396238,63.0,0.07936507936507936,75.47008316919151,77.37434878250873,31.223483517309827,-0.4867296960947721,0.08701230947400643,-0.17345434148889713,,,2.158568418722227,0.2060046471939749,0.9841269841269841,0.4603174603174603,63.0
14,0,536.203125,True,True,74.34656340755082,137.75090863960983,158.96869477468618,,,,2.3034497826269775,0.17707842775252935,66.0,0.06060606060606061,74.54756380069965,48.945924141684486,37.24860454533877,-0.44242894267667193,0.04964810704579323,-0.16704451420560204,-0.010304518672237313,-0.3447684933394646,2.3034497826269775,0.17707842775252935,1.0,0.6212121212121212,66.0
14,0,566.203125,True,True,70.81203494014882,115.12385150177235,144.66201120685776,,,,2.2915626628459256,0.12523658389777143,62.0,0.0,72.26311359567147,55.90650276227514,36.72321592150311,-0.4324696447473024,0.026997133319807298,-0.19968508954602227,0.0050392403560086015,-0.23800758677870298,2.2915626628459256,0.13157450840651988,0.9846153846153847,0.6,65.0
14,0,596.203125,True,True,71.62303664921465,105.71665581806819,130.1041249666333,,,,2.110255271452919,0.1512360616697015,62.0,0.016129032258064516,73.07005572402886,76.40169131996551,30.47748616983335,-0.4347056137960505,0.028344273478211782,-0.19287135534211497,0.020567260292795618,-0.1822697253728102,2.110255271452919,0.1605843227022435,0.9692307692307692,0.5076923076923077,65.0
14,0,626.203125,True,True,72.05167640725931,98.38144329375758,123.15992290025312,,,,2.1808662136298285,0.15425125933064776,65.0,0.015384615384615385,71.74419695639807,67.49122892542468,33.56361631507811,-0.4214587878590021,0.01820352765695345,-0.1803093338167282,0.002622560145411323,-0.1822697253728102,2.1808662136298285,0.15425125933064776,0.9848484848484849,0.6212121212121212,66.0
14,0,656.203125,True,True,70.1420701652653,103.11004038185304,123.3145296154744,,,,2.1066731024901784,0.14957202864468006,66.0,0.0,69.79347079840542,38.833838226620514,34.35591658722707,-0.4088865785694236,0.01570953377419927,-0.17342130665124067,0.00037890258051761594,-0.14214865251231096,2.1066731024901784,0.14957202864468006,0.9848484848484849,0.7272727272727273,66.0
14,0,686.203125,True,True,70.4170363797693,117.73583265016138,157.17319857994826,,,,2.099471795749921,0.16226589223701612,64.0,0.015625,70.23088665659004,39.963101391374,35.29330829207473,-0.4199479309657149,0.029174799309424154,-0.1604199082582864,0.0026130329806270773,-0.34623936339124933,2.099471795749921,0.16226589223701612,1.0,0.6716417910447762,67.0
14,0,716.203125,True,True,72.10175651120532,129.55752436114258,184.04704548288842,,,,2.1387620091450983,0.15241191187668268,64.0,0.09375,72.40143166087445,48.699748713615435,30.298068709198915,-0.444626932826103,0.04467555201170079,-0.14364240898894612,0.0072325360957211145,-0.40714209223727427,2.1387620091450983,0.1576630562378948,1.0,0.5,64.0
14,0,746.203125,True,True,73.58410220014194,122.20768552179518,167.38994887825586,,,,2.327919128587976,0.204894317958285,61.0,0.11475409836065574,74.38269793261136,56.238749660691596,41.05592489085248,-0.4644775979208079,0.05260366727323035,-0.16853344982789759,,,2.327919128587976,0.1889752184723067,1.0,0.3770491803278688,61.0
14,0,776.203125,True,True,73.97548161120841,123.59133666028032,130.0624182417384,,,,2.2164705026577938,0.203328471365971,62.0,0.06451612903225806,74.64889931310775,68.6846341415342,33.62060337473682,-0.48786762651700777,0.06451161110045074,-0.1785699519458173,,,2.2164705026577938,0.203328471365971,0.9846153846153847,0.3384615384615385,65.0
14,0,806.203125,True,True,71.9016968987712,136.2360384370553,147.0304777238957,,,,2.171515276232204,0.15601038889173527,67.0,0.1044776119402985,73.5855096540447,77.87728120601679,32.29735724143522,-0.48616789664351345,0.07038378291955517,-0.16924731002015034,,,2.171515276232204,0.1617224842422826,1.0,0.34782608695652173,69.0
14,0,836.203125,True,True,73.82249279077219,125.24775720205722,146.59214785417396,,,,2.234046400188919,0.18083245848332685,64.0,0.09375,73.55976454209501,35.450047410227995,28.32346655287479,-0.47020738772423826,0.0787086327423057,-0.17214952924556975,,,2.234046400188919,0.19591482465188398,1.0,0.3384615384615385,65.0
14,0,866.203125,True,True,80.05468215994532,112.27434012488402,125.46787437427959,,,,2.2480220264589104,0.15341469884999154,67.0,0.08955223880597014,80.10675522139628,70.83997519554795,45.11612826598264,-0.48457221527555144,0.09315750900887526,-0.16311409579493366,,,2.2480220264589104,0.15341469884999154,1.0,0.3,70.0
14,0,896.203125,True,True,78.7749205431956,120.7629643874973,125.7141060435675,,,,1.963368390543515,0.1786244416193916,75.0,0.10666666666666667,79.4693926589301,75.54365939837446,44.06299697422642,-0.49421071069750633,0.10155242770409137,-0.1725330069703569,,,1.963368390543515,0.15973940624086327,1.0,0.3815789473684211,76.0
14,0,926.203125,True,True,76.00824742268041,128.80630931313843,139.0916781566476,,,,2.508672588711235,0.14746500908635454,55.0,0.10909090909090909,77.07472866541858,76.3719837376447,67.74520105418716,-0.48280574781430013,0.08377527501396612,-0.19989552274519304,,,2.508672588711235,0.1619836810459804,1.0,0.4915254237288136,59.0
14,0,956.203125,True,True,77.75700934579439,110.36204858771254,125.0,,,,2.40574240585652,0.14644395427698703,57.0,0.21052631578947367,78.1670058680802,72.8874059568352,66.56312612984195,-0.5219810683224121,0.09067945828324053,-0.1613849344430061,-0.0547912827524134,-0.4683100143461879,2.40574240585652,0.13350311437311466,1.0,0.559322033898305,59.0
14,0,986.203125,True,True,74.16757344940153,103.95355673567877,129.45255921723071,,,,2.13702874666783,0.18058649162036675,72.0,0.1527777777777778,74.15936826233067,44.386540287693805,33.32066346588316,-0.5157224002841225,0.08570469063250463,-0.1223672869041788,-0.030851294407579666,-0.4816180042431681,2.13702874666783,0.18058649162036675,1.0,0.5555555555555556,72.0
14,0,1016.203125,True,True,72.58979206049149,116.53729644565433,151.85217163824163,,,,2.3439563962638266,0.18114991521737026,71.0,0.09859154929577464,72.60566935150031,26.97111351586104,32.79917087213049,-0.5088558474879801,0.06666536106268006,-0.10345726088639848,-0.013659646463198198,-0.5033737541041678,2.3439563962638266,0.18114991521737026,1.0,0.5633802816901409,71.0
14,0,1046.203125,True,True,74.47145588636984,116.23068899124827,142.47909660279996,,,,2.3331863597338502,0.18131184080028304,72.0,0.1527777777777778,74.63056131305053,42.50792734170431,41.31207935845915,-0.5207107873243223,0.07873667503278042,-0.13474121998447725,,,2.3331863597338502,0.18131184080028304,1.0,0.4864864864864865,74.0
14,0,1076.203125,True,True,74.64362850971922,105.15595370202671,129.45255921723071,,,,2.352680300106496,0.13036638121889066,73.0,0.1095890410958904,74.90017470057579,45.6128822293829,37.86635895052203,-0.5084587433275216,0.08901885550529264,-0.152919340695164,,,2.352680300106496,0.13036638121889066,0.9864864864864865,0.43243243243243246,74.0
14,0,1106.203125,True,True,74.33830529990479,121.32908067012141,126.88260800417963,,,,2.265125208226193,0.15196380472389354,65.0,0.046153846153846156,74.56465183519583,45.83185225941937,32.041233196129156,-0.4783852541456341,0.08707150863399457,-0.18594144448961478,-0.0039019845706105,-0.4409455095210504,2.265125208226193,0.15196380472389354,1.0,0.5,68.0
14,0,1136.203125,True,True,73.28244274809161,133.18041637224576,121.07274683446174,,,,2.2295456397869677,0.16349302716570854,65.0,0.046153846153846156,73.48175326260812,68.65037764732641,39.74242515408182,-0.44698635350302124,0.04978028925156221,-0.17894111048959896,0.0013394837704187685,-0.41143792730991363,2.2295456397869677,0.16349302716570854,1.0,0.5223880597014925,67.0
14,1,1904.203125,True,True,114.20074349442379,146.64754533945168,99.08934881667678,,,,2.268527484773902,0.15932647783875015,63.0,0.19047619047619047,136.13291905272976,60.35618331904449,66.48352512123469,-0.9146236863631506,0.26413553726571454,,,,2.268527484773902,0.09566942606808086,0.961038961038961,0.06493506493506493,77.0
14,1,1934.203125,True,True,110.27027027027027,148.40488019948393,118.12943809540805,,,,2.2091214965144665,0.13809952924108512,54.0,0.1111111111111111,128.25585809754747,54.258645562605736,74.66295779015442,-0.8036232828068394,0.16693371697840198,,,,2.2091214965144665,0.07728701464234838,0.9315068493150684,0.0547945205479452,73.0
14,1,1964.203125,False,False,,,,,,,,,,,,,,,,,,,,,,,
14,1,1994.203125,False,False,,,,,,,,,,,,,,,,,,,,,,,
14,1,2024.203125,True,True,115.46391752577318,150.221136452847,57.15622518484712,,,,2.333470238872858,0.10327721579754946,59.0,0.0847457627118644,132.80175123923712,28.60082385794234,32.40046697963139,-0.7748537573640325,0.2095089440501916,,,,2.333470238872858,0.0842942380172059,0.9324324324324325,0.06756756756756757,74.0
14,1,2054.203125,True,True,118.47549909255898,115.53395570041778,85.05452488814083,,,,2.228750567999353,0.107986822247571,61.0,0.16393442622950818,128.8492183164793,61.216533359438856,34.7073078782988,-0.7405753848297604,0.22052621026500674,,,,2.228750567999353,0.08391475023372007,0.9733333333333334,0.06666666666666667,75.0
14,1,2084.203125,True,True,122.39043824701196,108.08936225112458,95.49163494123451,,,,2.255818807895382,0.07734413360997706,59.0,0.15254237288135594,131.26563932601974,72.6261818247623,73.93142452019043,-0.8295757006398194,0.25064636776581656,,,,2.255818807895382,0.08138270208150664,0.96,0.04,75.0
14,1,2114.203125,True,True,128.8787185354691,45.15743131533802,56.139411492526996,,,,2.2486057770714107,0.09383590263643911,65.0,0.07692307692307693,128.33984772165945,58.50150816640414,47.89017097018333,-0.7549358084354298,0.202652602666209,,,,2.2486057770714107,0.09383590263643911,0.9777777777777777,0.05555555555555555,90.0
14,1,2144.203125,True,True,119.5937711577522,94.7990073204845,71.86058814668775,,,,2.270100079464099,0.13527731965267795,62.0,0.12903225806451613,126.83174003940164,33.39307993138729,39.22830486975782,-0.7277529279669039,0.17846997591211017,,,,2.270100079464099,0.11889255172014879,1.0,0.08536585365853659,82.0
14,1,2174.203125,False,True,,,,,,,,,,,120.45585658259179,58.62745265139856,43.0651556223757,-0.7095178440884526,0.1542716506629101,,,,2.295294347845796,0.09812640990211893,0.9855072463768116,0.14492753623188406,69.0
14,1,2204.203125,False,True,,,,,,,,,,,117.63330769190617,111.72138691446175,72.80228392634139,-0.6978820072991249,0.11512096906108449,,,,2.547985034639372,0.13611635926476967,0.9848484848484849,0.24242424242424243,66.0
14,1,2234.203125,True,True,135.52941176470588,99.61045885925304,22.09708691207961,,,,2.499301169682213,0.08142921847947655,72.0,0.06944444444444445,137.03821260617693,43.427466440994905,39.202379339412204,-0.765588087713207,0.2632022983055976,,,,2.499301169682213,0.08142921847947655,0.9791666666666666,0.08333333333333333,96.0
14,1,2264.203125,True,True,135.43284645529036,60.69266336818963,30.774193667407776,,,,1.9282492102678224,0.08967145433473832,108.0,0.027777777777777776,136.26841669534127,53.281587400773006,26.5875011175039,-0.7618673338947202,0.28318353112404243,,,,1.9282492102678224,0.08967145433473832,0.9916666666666667,0.03333333333333333,120.0
14,1,2294.203125,True,True,124.90945674044264,61.029175770148115,33.511891546136276,,,,1.7450831779176683,0.1420905805222912,104.0,0.019230769230769232,125.97559500711203,56.260115679072065,24.99790415046954,-0.6981264211751921,0.19820898806896567,,,,1.7450831779176683,0.12894059867950128,1.0,0.03571428571428571,112.0
14,1,2324.203125,True,True,124.37246963562754,22.7952544959205,19.282388159127645,,,,1.6444817681642783,0.15099780426293052,115.0,0.0,124.35771066691822,23.223457626805978,11.543786316549578,-0.6839016703809442,0.15872218824737655,,,,1.6444817681642783,0.15099780426293052,1.0,0.0,119.0
14,1,2354.203125,True,True,124.7179487179487,21.549979953673414,17.67269200752372,,,,1.5328087418475576,0.15084633450692442,117.0,0.008547008547008548,123.95331341116363,44.67410763131884,9.74229980698233,-0.6668925678741592,0.1634869072097867,,,,1.5328087418475576,0.15084633450692442,1.0,0.008403361344537815,119.0
14,1,2384.203125,True,True,123.15210751374465,30.16295576574943,20.551478809321726,,,,1.668884545480023,0.14180180302451803,111.0,0.009009009009009009,122.44953805114932,49.56229075111711,12.310806744965383,-0.6665668362125193,0.15244710129929068,,,,1.668884545480023,0.13541997240050796,1.0,0.02608695652173913,115.0
14,1,2414.203125,True,True,118.31289261142688,36.79228394074801,24.34980382731186,,,,1.742684793510029,0.1319111939063346,108.0,0.009259259259259259,119.2147921568175,31.514026831796937,14.67074586379002,-0.650379202865272,0.10967696481438238,,,,1.742684793510029,0.1319111939063346,1.0,0.017391304347826087,115.0
14,1,2444.203125,True,True,114.72378804960543,34.04246264964494,27.540790577451986,,,,1.7571835398516484,0.13480867540749444,109.0,0.01834862385321101,115.36336767712326,28.766242233259277,15.897293368642696,-0.6368215654821967,0.08443155986749092,,,,1.7571835398516484,0.13480867540749444,1.0,0.03571428571428571,112.0
14,1,2474.203125,True,True,110.75825156110615,39.174426203303,29.743597960294846,,,,1.795624987250014,0.16841412945636475,101.0,0.019801980198019802,111.34935120789949,41.29928517468742,26.709675882824833,-0.6199941344442634,0.0788332252980379,-0.08680200020421118,,,1.795624987250014,0.155520447541387,1.0,0.0673076923076923,104.0
14,1,2504.203125,True,True,106.50587880615015,46.291244373496795,36.759896231222314,,,,1.7962585944759606,0.15124973273678985,97.0,0.010309278350515464,107.17500674734168,41.71013375634689,27.148013404599517,-0.5647400828635087,0.07017307308366602,-0.10812668819545243,,,1.7962585944759606,0.13049047269717665,1.0,0.07,100.0
15,0,110.234375,False,False,,,,,,,,,,,,,,,,,,,,,,,
15,0,140.234375,True,True,79.44827586206897,158.45795744880138,144.33756729740642,0.21784993831809646,0.8547859799157916,1.062096169376965,2.766695198198812,0.5504277783996494,34.0,0.6176470588235294,77.58685287536328,67.30921788559539,36.14100080564279,-0.7747178442615477,0.30884131791861424,-0.24774252247984707,,,2.766695198198812,0.6205762365142978,0.9787234042553191,0.3829787234042553,47.0
15,0,170.234375,False,True,,,,,,,,,,,77.43691456040345,67.82884076315794,56.07994932851529,-0.7875411189205862,0.3118688391019811,-0.26051114003702835,,,3.0892102002563675,0.15900119503163423,0.9636363636363636,0.41818181818181815,55.0
15,0,200.234375,False,False,,,,,,,,,,,,,,,,,,,,,,,
15,0,230.234375,False,False,,,,,,,,,,,,,,,,,,,,,,,
15,0,260.234375,False,True,,,,,,,,,,,83.55188008889574,123.6222015556835,24.219643287219807,-0.9136843295919761,0.4796714962395261,-0.28824780356161095,,,2.67426862041022,0.294092821555554,0.9841269841269841,0.3333333333333333,63.0
15,0,290.234375,True,True,81.5353205389955,94.82934714471325,84.40655975423626,0.24479805492429926,0.8706161767331111,1.1215744195517368,2.472436342327892,0.4726709086925501,61.0,0.6557377049180327,80.6369221896186,67.5442085331547,43.61435560029353,-0.8416085833520474,0.4040146814716138,-0.2888052567553462,,,2.472436342327892,0.41444913728517685,1.0,0.30434782608695654,69.0
15,0,320.234375,False,True,,,,,,,,,,,79.76220842909194,56.44380516933251,43.53264318639115,-0.8611271019842756,0.437827927326211,-0.3167285921063341,,,2.85516329030169,0.24786883072164792,0.984375,0.328125,64.0
15,0,350.234375,False,True,,,,,,,,,,,82.95775175738918,38.97810772279863,26.485956957024992,-0.8677760706586866,0.4276236065633476,-0.29220123499680567,,,2.403216675526723,0.2636947233466244,0.9696969696969697,0.3939393939393939,66.0
15,0,380.234375,True,True,80.8594757198109,150.24673341504638,97.96825159362854,0.28405327965521865,0.8437338177923037,1.1670257025297939,2.083374993042252,0.26199136905948034,59.0,0.6779661016949152,82.62872354458887,88.35466814634503,58.31017979065752,-0.8490019185775795,0.39574956443482906,-0.29044410383849695,,,2.083374993042252,0.29382686588831797,1.0,0.3382352941176471,68.0
15,0,410.234375,False,True,,,,,,,,,,,83.63121106064989,94.10529560352181,68.15478263980644,-0.8547474370077834,0.4073904994678729,-0.27662298624474757,,,2.4762012612414512,0.42318563392822106,1.0,0.3076923076923077,52.0
15,0,440.234375,True,True,80.04632310364795,86.91498558788389,71.49267177085693,0.21969939302688105,0.8861466776594761,1.0433452061740616,2.424546253716373,0.5364042655935598,42.0,0.8095238095238095,80.65702784278653,66.80591666512353,29.9798052240321,-0.8316035496088139,0.4007883801086903,-0.22301373711114575,,,2.424546253716373,0.5364042655935598,1.0,0.37037037037037035,54.0
15,0,470.234375,True,True,79.24629878869447,102.20584282253739,67.08282622493125,0.2594329487574695,0.8493649482904109,1.091725241604135,2.248523274951676,0.42455063764708006,55.0,0.7818181818181819,81.89996225965646,91.81787205030729,27.845314463449515,-0.8588761147532614,0.3919137989126498,-0.2551741219338326,,,2.248523274951676,0.41519549137796546,0.9838709677419355,0.27419354838709675,62.0
15,0,500.234375,False,False,,,,,,,,,,,,,,,,,,,,,,,
15,0,530.234375,False,False,,,,,,,,,,,,,,,,,,,,,,,
15,0,560.234375,True,True,83.41110217216412,116.72436378554224,98.40856056089157,,,,2.72312460920226,0.3659039784557831,48.0,0.3958333333333333,87.79007145667295,117.04985180859018,68.6108805423592,-0.8446393709528643,0.3298498931640984,-0.26719718963673333,,,2.72312460920226,0.35185363131923575,0.9056603773584906,0.22641509433962265,53.0
15,0,590.234375,True,True,81.14356743318832,120.27778844474791,105.13282994297349,0.23264056824753068,0.8500476881175573,1.0764715904045894,2.3706465153016074,0.21023754582462445,44.0,0.5681818181818182,86.29986449571082,66.84426570489781,66.22444634281247,-0.8463176365055307,0.32991993263688424,-0.2658067754633688,,,2.3706465153016074,0.22665555476808638,0.9649122807017544,0.3157894736842105,57.0
15,0,620.234375,False,True,,,,,,,,,,,79.39103931334206,107.21723311606247,75.97666287958305,-0.8823443687513367,0.3529466438072597,-0.27653337104098674,,,2.6511957970468116,0.19201980198454965,0.9818181818181818,0.38181818181818183,55.0
15,0,650.234375,True,True,88.46652267818574,119.3836140886932,105.03728433842183,,,,2.8175991002310354,0.25743006644393535,44.0,0.4318181818181818,85.746273497182,98.66553518064183,70.48908323325594,-0.8780108772869537,0.35433814408236075,-0.27888567774721806,,,2.8175991002310354,0.260928065769544,0.9672131147540983,0.2459016393442623,61.0
15,0,680.234375,True,True,81.47740667976424,106.1496428920153,83.55467059789898,0.21697661345004463,0.850599920840223,1.0993781201583817,2.637407363548839,0.5401716916700605,60.0,0.6,83.34736787421092,95.66425185451129,37.12585488477407,-0.800527970257949,0.3298925735453619,-0.2529540874875173,,,2.637407363548839,0.47187301910667157,0.9857142857142858,0.2571428571428571,70.0
15,0,710.234375,True,True,76.48960739030024,140.7418762201697,141.58447927907662,,,,1.3821313554509649,0.24180107152271282,72.0,0.4722222222222222,77.17189391858818,67.90858385424515,37.06361707828159,-0.7539007146369425,0.3327990089723823,-0.28604075502853343,,,1.3821313554509649,0.2555039644519324,0.9857142857142858,0.34285714285714286,70.0
15,0,740.234375,True,True,77.05685618729098,165.87162636899316,176.58323993233333,,,,1.4677594060709453,0.27164615430132477,70.0,0.44285714285714284,78.66905753636934,76.43783805724841,40.95699024731925,-0.7849374075978449,0.34413860820931846,-0.28636674763270914,,,1.4677594060709453,0.24755833606261773,0.971830985915493,0.2676056338028169,71.0
15,0,770.234375,True,True,81.4298697364435,138.47326501845257,137.13951570295623,0.2694579647328773,0.8706280061178124,1.1267230928216148,1.462728653498631,0.33990413015644605,74.0,0.6756756756756757,82.04925080547744,71.56266114873735,24.62754172871959,-0.818932420040577,0.3972773706309936,-0.29545284052103815,,,1.462728653498631,0.33990413015644605,1.0,0.15789473684210525,76.0
15,0,800.234375,True,True,81.41814389989572,104.66729935189986,99.77218300888525,0.29334204462175395,0.8385455099324334,1.1516267072461701,2.176457572297937,1.1044134332082054,66.0,0.6212121212121212,81.40443568891203,66.03638547737499,26.048731577139954,-0.8255034664363645,0.41560555965451873,-0.3123934932152871,,,2.176457572297937,1.1044134332082054,0.9861111111111112,0.2222222222222222,72.0
15,0,830.234375,True,True,82.41095890410959,75.33465126639422,73.67111981116324,0.2978486072774927,0.8037689488065443,1.160857346786174,2.148155858337562,1.2343456284283578,55.0,0.6727272727272727,83.39976798618693,69.07703998133368,45.23318426966933,-0.8684959165951238,0.459244852041613,-0.3106338292680061,,,2.148155858337562,1.0509866047389476,0.971830985915493,0.28169014084507044,71.0
15,0,860.234375,True,True,82.99420137058515,72.45219920726707,66.78050177010253,0.2677290997055773,0.8394801761668981,1.0688262396741266,2.1433556785139123,0.40078431138628745,53.0,0.7735849056603774,83.86905001992677,47.35815804260048,34.46482598888247,-0.867215400248736,0.46370776783721057,-0.3069147241190761,,,2.1433556785139123,0.40078431138628745,0.958904109589041,0.3013698630136986,73.0
15,0,890.234375,True,True,82.13903743315508,75.92915138595109,78.15447557169577,0.22510971940841232,0.8909782056737252,1.0922739440006672,2.089654457383349,0.32135950899586635,67.0,0.8059701492537313,82.02233341337336,36.324955392981266,29.350277441321225,-0.8483579860258335,0.4281056921864762,-0.30426424839643335,,,2.089654457383349,0.32135950899586635,0.9859154929577465,0.3380281690140845,71.0
15,0,920.234375,True,True,84.38324055083504,71.71201654145169,73.59642757488787,0.27753301349532755,0.8567491610147298,1.1625295662263566,1.182434198813576,0.34358208982469934,79.0,0.9113924050632911,83.48990686430274,37.52579509876129,30.24794786147782,-0.8958369341100983,0.480766684758811,-0.33343067017644973,,,1.182434198813576,0.38147136081106087,1.0,0.189873417721519,79.0
15,0,950.234375,True,True,82.45398773006136,128.11211905167056,87.61772833989959,0.28842386493795424,0.8476508163496452,1.1662790747308227,2.5772779422613543,0.40246045914837253,50.0,0.8,87.8834281647523,86.64761769422545,66.76057541259638,-0.8963966723976645,0.4751853451259885,-0.34030429158124176,,,2.5772779422613543,0.3170901457410092,1.0,0.22388059701492538,67.0
15,0,980.234375,False,False,,,,,,,,,,,,,,,,,,,,,,,
15,0,1010.234375,False,False,,,,,,,,,,,,,,,,,,,,,,,
15,0,1040.234375,False,False,,,,,,,,,,,,,,,,,,,,,,,
15,0,1070.234375,False,True,,,,,,,,,,,83.08531068344065,101.19910213657057,30.29648409284727,-0.9395682125020213,0.388894890345433,-0.2674560556791875,,,2.6110776806398803,0.48531121675366184,1.0,0.4318181818181818,44.0
15,0,1100.234375,False,False,,,,,,,,,,,,,,,,,,,,,,,
15,0,1130.234375,False,True,,,,,,,,,,,86.57211100950815,125.81014134738872,79.53800394377882,-0.8772670518234719,0.4217835022489935,-0.31849049987255773,,,2.632772016218848,0.27358672361968767,0.9814814814814815,0.2962962962962963,54.0
15,0,1160.234375,True,True,85.11082138200783,106.16673889833197,106.02397634395065,,,,2.2362289234657333,0.5179434724689288,46.0,0.4782608695652174,84.88735091596926,116.75872051125474,62.385342552902145,-0.8319272394905971,0.3886511222248808,-0.3230789540158451,,,2.2362289234657333,0.5179434724689288,1.0,0.24561403508771928,57.0
15,0,1190.234375,True,True,82.25705329153605,116.79303528336449,100.4951931893594,0.29792034900731224,0.7972624787673226,1.2824349811467495,1.6734431896456003,0.19965689162148043,52.0,0.5,83.26830677199787,101.58208751584438,64.42519180649715,-0.8474351166308598,0.35484151751009985,-0.3347523651132134,,,1.6734431896456003,0.1811006432856111,1.0,0.3125,64.0
15,0,1220.234375,False,True,,,,,,,,,,,79.8035722502603,81.56348374019593,47.51084525065665,-0.9115000522506431,0.3748175178658688,-0.34773455665538244,,,2.1900495512590785,0.2494930215019998,0.967741935483871,0.41935483870967744,62.0
15,1,3099.234375,False,False,,,,,,,,,,,,,,,,,,,,,,,
15,1,3129.234375,False,False,,,,,,,,,,,,,,,,,,,,,,,
15,1,3159.234375,False,False,,,,,,,,,,,,,,,,,,,,,,,
15,1,3189.234375,False,False,,,,,,,,,,,,,,,,,,,,,,,
15,1,3219.234375,False,False,,,,,,,,,,,,,,,,,,,,,,,
15,1,3249.234375,False,False,,,,,,,,,,,,,,,,,,,,,,,
15,1,3279.234375,False,False,,,,,,,,,,,,,,,,,,,,,,,
15,1,3309.234375,False,False,,,,,,,,,,,,,,,,,,,,,,,
15,1,3339.234375,False,False,,,,,,,,,,,,,,,,,,,,,,,
15,1,3369.234375,False,False,,,,,,,,,,,,,,,,,,,,,,,
15,1,3399.234375,False,False,,,,,,,,,,,,,,,,,,,,,,,
15,1,3429.234375,True,True,76.62650602409639,104.62112102285262,148.51792729586847,,,,2.046767596502575,0.22020617211814866,61.0,0.06557377049180328,77.37683579280437,67.74151891410898,72.4040282908132,-0.679810707119562,0.029098176466859357,-0.3264366250587048,0.10310499902926035,-0.34514094010996266,2.046767596502575,0.22020617211814866,0.9850746268656716,0.6268656716417911,67.0
15,1,3459.234375,True,True,82.88797915891327,124.63584329293438,147.3306520135144,,,,1.9681085970465648,0.189642047060147,67.0,0.04477611940298507,84.14287984591105,81.92989287047085,56.24357500905609,-0.6758611615764786,0.057503603215309944,-0.31871399388235433,0.09171854041232719,-0.5579953910708777,1.9681085970465648,0.189642047060147,1.0,0.589041095890411,73.0
15,1,3489.234375,True,True,87.87794729542303,96.70696099744477,90.16084842082489,,,,2.3224115027091505,0.8200787087649177,74.0,0.12162162162162163,89.09757678245306,62.24755209514121,38.22109542992608,-0.731545263258045,0.14640063078678206,-0.25142763295865733,,,2.3224115027091505,0.8200787087649177,0.9873417721518988,0.46835443037974683,79.0
15,1,3519.234375,True,True,84.18212478920742,78.30508091506825,75.61491868288529,,,,1.9344725580693176,0.17941941433473302,71.0,0.18309859154929578,84.85517903095985,80.1986561952232,38.21420058526956,-0.7221572682368618,0.10596014337669248,-0.31942237379192195,,,1.9344725580693176,0.15252802645952035,0.9868421052631579,0.4605263157894737,76.0
15,1,3549.234375,True,True,81.17342536669543,74.40383183942514,99.27974628923974,,,,2.06847321721413,0.17375533521831507,60.0,0.13333333333333333,81.14408914436918,77.82100825159941,65.32101555601082,-0.7507456825863844,0.05932835366617324,-0.3324199679385281,0.06753037662032033,-0.44553294693180806,2.06847321721413,0.17375533521831507,1.0,0.5797101449275363,69.0
15,1,3579.234375,True,True,79.63931469792605,100.88115706236495,111.92810989967751,,,,1.6869286234198373,0.11643049408200697,59.0,0.1016949152542373,83.07189648891303,106.16379746896533,84.39662514476294,-0.8031767139709455,0.02009869317771468,-0.2970613888466863,0.09339361922846529,-0.4621155521636906,1.6869286234198373,0.11290724103351188,1.0,0.6521739130434783,69.0
15,1,3609.234375,False,True,,,,,,,,,,,81.43495034476595,61.71122154574944,70.70017333551117,-0.7435275203743417,-0.029823759908882704,-0.3450407315436484,0.1466581201455855,-0.3278919256619887,2.5041058531277898,0.31045290602665265,1.0,0.7413793103448276,58.0
15,1,3639.234375,False,True,,,,,,,,,,,81.73687089464909,197.291382289011,73.3151690876533,-0.7929828535238498,-0.07315966321888628,-0.3675544414422642,0.10232151641733854,-0.32909226138855435,2.9246940788764832,0.25808210192619746,0.9,0.5,50.0
15,1,3669.234375,False,True,,,,,,,,,,,82.98352816666028,127.99074349474363,83.72081008730576,-0.8081933278323,-0.0066141961144355315,-0.3018080958000275,0.06408096145217958,-0.5107576172898812,2.468261916264389,0.22830648746130836,0.9193548387096774,0.5,62.0
15,1,3699.234375,True,True,77.51846381093057,126.46106858388495,156.9256226422781,,,,1.999345888218291,0.38439311352822475,53.0,0.09433962264150944,80.65907725038923,107.80107748831448,89.8757573619355,-0.8035277758330024,-0.003910660032355634,-0.2524564782935306,0.11452978808338406,-0.7144040444960639,1.999345888218291,0.26134560634084747,0.9545454545454546,0.5909090909090909,66.0
16,0,98.375,False,False,,,,,,,,,,,,,,,,,,,,,,,
16,0,128.375,True,True,63.233532934131745,188.2420508044128,155.34276087176755,,,,1.9993063407061449,0.2736563516338338,45.0,0.4222222222222222,64.79541889963399,146.24383917215425,73.03372429343452,-0.6193024405113358,0.1706285600493795,-0.16559655839725246,,,1.9993063407061449,0.3125963694736301,1.0,0.46808510638297873,47.0
16,0,158.375,True,True,60.17319587628866,165.43347158085126,139.33435506004972,,,,2.0510662408648366,0.257942653990816,47.0,0.40425531914893614,65.75888624720672,192.52932367186648,111.49809431116974,-0.6002204634499181,0.15012891075161972,-0.1851249277601104,,,2.0510662408648366,0.24009319908789345,1.0,0.4444444444444444,54.0
16,0,188.375,True,True,61.83770129460057,168.95979152437653,165.2837255627348,,,,1.8782109381299268,0.22957562924547206,56.0,0.42857142857142855,65.71438114778736,188.64796184950706,84.35079025450155,-0.6320612012219129,0.16856940783369412,-0.17673323106117356,,,1.8782109381299268,0.21569748048928436,1.0,0.36666666666666664,60.0
16,0,218.375,True,True,63.56377799415774,178.9230060545268,156.455457024978,,,,1.8870804079992238,0.22930068704100368,55.0,0.36363636363636365,64.62386736200877,137.06690502657005,64.92176234013932,-0.6155433465084421,0.16540555705386353,-0.169987076861478,,,1.8870804079992238,0.24592822819502322,0.9824561403508771,0.3508771929824561,57.0
16,0,248.375,True,True,65.3061224489796,188.1086239474658,147.3282981691102,,,,2.156802319893746,0.3002663262411289,51.0,0.23529411764705882,64.76948751385045,106.85519568207698,70.83480674801413,-0.5980099666245987,0.14730464260290285,-0.1698861885851773,,,2.156802319893746,0.3002663262411289,1.0,0.43137254901960786,51.0
16,0,278.375,True,True,64.47174447174447,167.34253838291994,130.0102660209313,,,,2.066178582842201,0.3706886360622049,49.0,0.42857142857142855,65.54099428795575,133.98471511501617,88.51160873939459,-0.5799806043913036,0.1883864838468577,-0.1744495609989217,,,2.066178582842201,0.33956498065624857,0.9807692307692307,0.4230769230769231,52.0
16,0,308.375,True,True,62.11358734723221,154.72583636268152,141.60537889972025,0.17013428250350116,0.912440385182277,1.0639672450739952,1.761608675476462,0.3349025606503735,53.0,0.6037735849056604,67.09570161062317,176.1631145715149,97.45961694979509,-0.6013538822059672,0.201433558083192,-0.2000374833142102,,,1.761608675476462,0.25955073148877067,0.9811320754716981,0.41509433962264153,53.0
16,0,338.375,True,True,61.56312625250501,138.61578802106897,159.18578186054094,,,,1.9339779398132944,0.30447786412687367,49.0,0.3469387755102041,65.8072730654354,167.66875879798386,90.13525979565128,-0.6141530226213152,0.201433558083192,-0.19850788113554724,,,1.9339779398132944,0.22566392617018727,1.0,0.42,50.0
16,0,368.375,True,True,62.270270270270274,141.09631058128033,143.39784178370957,,,,2.3228792374050222,0.35868101014897885,47.0,0.2765957446808511,63.27449571744069,140.66631736349035,64.64992871349487,-0.6084539383585815,0.18943573957318832,-0.18823266713119283,,,2.3228792374050222,0.3050499115816586,1.0,0.4444444444444444,45.0
16,0,398.375,True,True,62.33233660828705,174.80757827555422,152.26159643849792,,,,2.246536333359369,0.305992034744555,46.0,0.3695652173913043,63.4346742404057,158.84625040937433,73.75367615052971,-0.6099697998514378,0.1877162148723913,-0.16876873568549347,,,2.246536333359369,0.2634626638361985,1.0,0.4583333333333333,48.0
16,0,428.375,True,True,62.83309957924264,193.2620838705171,153.2663500215003,,,,1.95096725871892,0.2204685904912622,43.0,0.37209302325581395,65.71183207346212,147.51069613643247,76.41538416101005,-0.6231192299831706,0.1877162148723913,-0.1461635004992512,,,1.95096725871892,0.21444459021917217,1.0,0.4807692307692308,52.0
16,0,458.375,True,True,66.14354066985645,188.86942046321607,125.26605209240921,0.2430678598956899,0.830244134323468,1.1992293407127612,1.9648557292228919,0.2698044588098709,46.0,0.5,70.68947940658029,163.43176178548268,74.5007760881238,-0.6414499887040066,0.23442948215944848,-0.1863189400554099,,,1.9648557292228919,0.1904744657894362,0.9464285714285714,0.44642857142857145,56.0
16,0,488.375,True,True,67.69604863221885,170.5967356910685,110.68023712346249,0.25040808373807766,0.8244345485155578,1.1908846969907012,2.004470661326491,0.2894211891302096,39.0,0.5128205128205128,73.38531522629565,180.31825182755082,63.9710679727116,-0.712193533307369,0.25977454046168547,-0.21860057474866681,,,2.004470661326491,0.30268478127576404,0.9387755102040817,0.42857142857142855,49.0
16,0,518.375,False,True,,,,,,,,,,,72.69125336127227,117.76959559242822,58.50608092224727,-0.75526691103345,0.27412793595579266,-0.2258222284120112,,,2.4008705113103828,0.22348524992207763,0.975,0.4,40.0
16,0,548.375,True,True,68.09852216748769,164.015842760958,143.16842420805432,,,,2.0686397139298065,0.43641788855607877,46.0,0.4782608695652174,72.34882273192984,137.10055813792206,47.49277057928459,-0.6828933925175633,0.25024715046202756,-0.21211000061205573,,,2.0686397139298065,0.3983359790106025,1.0,0.41304347826086957,46.0
16,0,578.375,True,True,68.3076923076923,187.07036769865078,154.03256093938532,,,,2.0058645334861414,0.3164138516795766,50.0,0.34,76.34115619329827,170.79347967175772,70.51310395750097,-0.6442999609570178,0.17615691361517727,-0.18778382224235743,,,2.0058645334861414,0.2316000107681234,0.9642857142857143,0.48214285714285715,56.0
16,0,608.375,True,True,67.0367054610564,198.2573622238142,137.43643865821258,,,,2.1922494330410123,0.19759623147454825,49.0,0.2653061224489796,71.26003440276634,184.45228583986722,73.30586368282856,-0.5998745588226521,0.14564252176049464,-0.12390160931672303,,,2.1922494330410123,0.18121437882177138,0.9433962264150944,0.49056603773584906,53.0
16,0,638.375,True,True,59.77584059775841,166.87593154979612,153.55981544044474,,,,2.1697523990714953,0.28899149982111483,53.0,0.49056603773584906,63.223507123194345,169.46344363331102,99.38809782553551,-0.5498870419359295,0.14102905108869349,-0.16203834958408309,,,2.1697523990714953,0.2383914938074364,1.0,0.4909090909090909,55.0
16,0,668.375,True,True,58.09992962702323,167.2057161265687,156.74920254980566,0.17751727623546154,0.8913886656430278,0.9905441392008647,2.2101953730174255,0.38231696108367164,48.0,0.5416666666666666,62.69015049860398,178.363453288727,93.92602837585441,-0.5507008693995871,0.143452519024712,-0.15097835954220076,,,2.2101953730174255,0.29959967986234304,0.9636363636363636,0.34545454545454546,55.0
16,0,698.375,True,True,64.15593456317438,154.57847891391603,109.6814902199774,0.14229640832739265,0.9144785767779872,1.1596090136939585,2.1267561026150785,0.2434762759195339,53.0,0.5660377358490566,68.39018130342059,164.26596856000415,67.92367632006514,-0.5800860693231034,0.14975119175354007,-0.15067607098447725,,,2.1267561026150785,0.21960963460064592,0.9655172413793104,0.3793103448275862,58.0
16,0,728.375,True,True,70.02279387821557,167.88437457204412,103.90024806954526,0.20158706311059302,0.8561400690746441,1.2192639502552078,2.0587027289045126,0.27621469212924726,60.0,0.5333333333333333,72.02719020099427,161.1748437388757,86.31479387966462,-0.6060619890319405,0.1547806318725283,-0.1595469883423914,,,2.0587027289045126,0.24246686109633012,1.0,0.4838709677419355,62.0
16,0,758.375,True,True,71.37546468401487,176.92102075566734,130.9260522405798,,,,2.012008753527356,0.2900484963270219,53.0,0.49056603773584906,74.64595457369192,162.65744446334102,80.65511807091046,-0.6784802847083784,0.22475918600989914,-0.1948077989784448,,,2.012008753527356,0.2751080362275391,1.0,0.45,60.0
16,0,788.375,True,True,64.92753623188405,149.2043300866186,136.21559198564606,,,,2.024713077210051,0.7170013324872484,44.0,0.36363636363636365,68.02969798610363,147.29784100235693,51.87927747027513,-0.6963462709181119,0.22340620598992275,-0.23081585307283006,,,2.024713077210051,0.5421075644605772,1.0,0.4423076923076923,52.0
16,0,818.375,True,True,63.12328767123287,129.46813417925333,111.05544058541523,,,,1.9504072495303104,0.6273135839234253,45.0,0.08888888888888889,65.16414289562199,135.73319622334108,72.46240044789548,-0.6292760112699428,0.19655301549581375,-0.2300657151752851,0.10380204774557426,-0.7759779349217858,1.9504072495303104,0.6752795747272693,0.9807692307692307,0.5192307692307693,52.0
16,0,848.375,True,True,64.24334600760456,164.94222323132607,147.45937282202348,,,,1.8138448405320537,0.326560602396912,52.0,0.19230769230769232,65.90269181661975,122.19818662352282,68.27012753383642,-0.6363325962021437,0.19506853072397995,-0.21495892231693475,0.13146586026649087,-0.7051954540134617,1.8138448405320537,0.3043388374551966,0.9615384615384616,0.6153846153846154,52.0
16,0,878.375,True,True,66.44668008048289,182.77650679500618,152.80578972997063,,,,1.9209639215670407,0.4751849699758316,53.0,0.39622641509433965,68.08641890221762,127.98838324945999,63.1777041404914,-0.676307021650009,0.1751880237064889,-0.22666596300868475,0.15468295615920127,-0.6903089223735752,1.9209639215670407,0.4540480416863709,0.9821428571428571,0.6964285714285714,56.0
16,0,908.375,True,True,64.53781512605042,195.58159653775024,161.03010170556013,,,,1.7723898047355715,0.2995723833802587,56.0,0.4107142857142857,65.17698525039141,117.84321187275214,74.0519561535556,-0.5956398197224312,0.16745114705287864,-0.21826456468283284,0.1509737233601948,-0.7406933284420304,1.7723898047355715,0.2995723833802587,1.0,0.6111111111111112,54.0
16,0,938.375,True,True,64.49387199273718,210.16753101804102,160.9505022486949,,,,2.314805789393964,0.31868031047303613,45.0,0.24444444444444444,63.61705392644064,158.6728913241722,111.60110096309896,-0.6011890019296701,0.14145606586241005,-0.20989809314934607,0.1303856418836754,-0.7174693053934192,2.314805789393964,0.2907380681762167,0.9565217391304348,0.5,46.0
16,0,968.375,True,False,67.53768844221105,174.60035621823457,171.23120769326846,,,,2.393144652027279,0.30012035108627627,44.0,0.25,,,,,,,,,,,,,
16,0,998.375,True,True,62.79830405814658,164.48855528624688,196.23739343798198,,,,2.3019180125551855,0.2251033807890494,42.0,0.2857142857142857,67.96389532706417,170.01008101050044,79.3162176538591,-0.6749795117566877,0.2728366445343814,-0.2676339026047091,,,2.3019180125551855,0.1925742778627118,0.9761904761904762,0.3333333333333333,42.0
16,0,1028.375,False,True,,,,,,,,,,,65.63046130136372,164.5479984111688,101.22938918651457,-0.6318869788971774,0.20689000713037803,-0.20505118042855128,,,2.281407430461634,0.1928492164151974,1.0,0.40476190476190477,42.0
16,0,1058.375,True,True,62.928870292887034,153.3179159135638,145.74029770451276,,,,1.6826885439188013,0.24550334226300247,52.0,0.28846153846153844,63.44172692305183,106.31469291060576,72.71743575625133,-0.6233391215162507,0.20934607174507627,-0.20088937099553872,,,1.6826885439188013,0.24550334226300247,1.0,0.43636363636363634,55.0
16,0,1088.375,True,True,63.41284403669725,156.94616924062908,153.25249794049037,,,,1.7417372348244966,0.26770560323861553,57.0,0.3684210526315789,63.721999534864516,83.62231632138824,58.9386698924689,-0.6259159702010656,0.24880631040979168,-0.20510102070493128,,,1.7417372348244966,0.26770560323861553,1.0,0.4067796610169492,59.0
16,0,1118.375,True,True,65.82857142857144,189.95053445204593,174.0176910777629,,,,2.279160219686966,0.4791489503063811,51.0,0.45098039215686275,66.31314795620888,148.43107972614612,62.113898290035756,-0.6533898371751368,0.24445319376673325,-0.2113907297068699,,,2.279160219686966,0.4791489503063811,1.0,0.45098039215686275,51.0
16,0,1148.375,True,False,66.40895218718211,207.69803424477658,183.0019804923718,,,,2.3351672152213436,0.4840222224908006,47.0,0.3191489361702128,,,,,,,,,,,,,
16,0,1178.375,True,True,68.09146056929539,239.03143218249073,190.57498368034013,,,,2.0430169180561193,0.3505637285598653,51.0,0.3333333333333333,72.23425774071683,208.57182339290324,79.4090077901324,-0.5794344670995719,0.12870237522006578,-0.24930604538693396,0.13769393957526604,-0.5098711726988059,2.0430169180561193,0.31317190757414176,0.9583333333333334,0.6041666666666666,48.0
16,0,1208.375,True,True,68.20603907637657,198.10189260407466,138.7829809231626,,,,1.8197509327614076,0.36621833739835885,57.0,0.3157894736842105,68.40193080846436,136.5851695843651,60.11287864057704,-0.5687715964964559,0.17115720118441005,-0.2222130229069445,0.10921556255135922,-0.6425680086572697,1.8197509327614076,0.36621833739835885,0.9821428571428571,0.5714285714285714,56.0
16,1,1988.375,True,True,134.50087565674255,96.95535662766379,33.415330748686564,,,,1.1924239500724798,0.20225613522982408,94.0,0.24468085106382978,139.76110711584846,26.531823273352646,23.694997329250736,-0.8876313489722626,0.38983625007016354,,,,1.1924239500724798,0.19793403803742557,0.9905660377358491,0.018867924528301886,106.0
16,1,2018.375,True,True,135.01787842669845,22.89626259000141,37.083142245169974,,,,1.198551301827171,0.10834213586038302,77.0,0.36363636363636365,134.97381937940906,18.40405766846542,24.316796055872356,-0.9121581606306236,0.40577255797954187,,,,1.198551301827171,0.10834213586038302,1.0,0.0425531914893617,94.0
16,1,2048.375,False,True,,,,,,,,,,,123.29804121504708,116.12790199884667,43.191040461362185,-0.9330027440765961,0.34344387902502777,,,,1.8942641122582822,0.10878636010590131,0.971830985915493,0.11267605633802817,71.0
16,1,2078.375,False,True,,,,,,,,,,,125.30159379496516,40.85466257031996,47.04033609109354,-0.880089046953254,0.22169339481677738,,,,1.893948176439122,0.10910589141856154,0.958904109589041,0.0958904109589041,73.0
16,1,2108.375,False,True,,,,,,,,,,,123.48044963767045,80.52728919533052,40.31837773785745,-0.8563895734650788,0.23239524182079602,,,,1.7485915519506712,0.10840563540271288,0.9852941176470589,0.07352941176470588,68.0
16,1,2138.375,False,True,,,,,,,,,,,120.63896193752245,75.08863508619486,25.356407951973196,-0.8573181756033792,0.2874995278675022,,,,1.40564592331066,0.1107835321274947,1.0,0.11267605633802817,71.0
16,1,2168.375,True,True,117.31874145006839,48.54826728396639,57.78708499999468,,,,0.9769972579904961,0.2008044887890964,78.0,0.23076923076923078,117.48574997975244,36.02081974869961,45.2925929780546,-0.8582208007285458,0.24982451246522108,-0.209624021939265,,,0.9769972579904961,0.2008044887890964,0.9888888888888889,0.15555555555555556,90.0
16,1,2198.375,False,True,,,,,,,,,,,115.17851760734457,41.37379246340823,49.84657556497525,-0.8632844934874436,0.2600678140663923,-0.2290968425314911,,,2.01354178269953,0.07659646167987673,1.0,0.2,75.0
16,1,2228.375,False,True,,,,,,,,,,,109.00060264273232,98.3500672165992,61.908701674012654,-0.9310646477200833,0.18788382092679473,-0.4317632560323567,,,2.0661552576633975,0.06435826735535635,0.9464285714285714,0.23214285714285715,56.0
16,1,2258.375,False,True,,,,,,,,,,,113.4366321611088,51.7218880778842,34.136209845455554,-0.8278695315913278,0.2661537667712543,-0.34299737894152604,,,1.758444904078862,0.05058234553225883,0.9672131147540983,0.16393442622950818,61.0
16,1,2288.375,False,True,,,,,,,,,,,111.07219782412955,60.901923895028986,29.400034559625972,-0.8240098919248801,0.22392928832059428,-0.33323863824173,,,2.148496131195614,0.06442567418541015,1.0,0.17647058823529413,51.0
16,1,2318.375,False,True,,,,,,,,,,,138.18689376997335,48.766954568029384,37.538864212941725,-0.8826872160402672,0.2547306542182633,,,,2.012687230986711,0.05924962710359596,1.0,0.08139534883720931,86.0
16,1,2348.375,True,True,147.15328467153284,24.37274720734514,31.004898176538173,,,,0.6756323930641047,0.09430859754112707,116.0,0.08620689655172414,147.9276319183286,21.19247677335445,21.369594045407123,-0.9014070879263829,0.3129002931167074,,,,0.6756323930641047,0.09430859754112707,1.0,0.015151515151515152,132.0
16,1,2378.375,True,True,148.7444345503117,17.433287440785517,23.86758174456167,,,,0.7218884408259821,0.15882501095646903,105.0,0.18095238095238095,146.02102407596456,58.0005379242064,19.09069684801431,-0.9316688804401895,0.4024011783831518,,,,0.7218884408259821,0.15220708967184288,0.9923664122137404,0.04580152671755725,131.0
16,1,2408.375,True,True,140.61971830985917,24.252801879201193,27.429030641617203,,,,1.1794837471790987,0.17737245981576613,115.0,0.3391304347826087,138.58347954585275,56.47312327683454,19.21860798998589,-0.8683829884571109,0.42607790300834336,,,,1.1794837471790987,0.17737245981576613,1.0,0.0703125,128.0
16,1,2438.375,True,True,136.036866359447,24.240265770809476,27.139636174696875,,,,0.2576600267549634,0.22812495942095165,128.0,0.390625,136.2082316557866,21.988867684377954,18.557321535388258,-0.8523210196256312,0.3856989963194775,,,,0.2576600267549634,0.22812495942095165,1.0,0.04580152671755725,131.0
16,1,2468.375,True,True,130.4508956145769,29.9715013546682,29.39500518212002,,,,0.24415502074419101,0.2578207940828979,118.0,0.3474576271186441,130.4382432614055,27.820227132657084,21.33864669860385,-0.8577706100515173,0.3391604732492393,,,,0.24415502074419101,0.2578207940828979,1.0,0.08130081300813008,123.0
16,1,2498.375,True,True,127.67574414186194,29.287477506835074,31.990901385622855,,,,0.17889899047950217,0.24816829940844412,113.0,0.2743362831858407,127.59633720420132,25.328780287726314,21.915179852978316,-0.8713679895203881,0.32185800908491224,,,,0.17889899047950217,0.24816829940844412,1.0,0.1,120.0
16,1,2528.375,True,True,125.28162511542013,25.881272678096906,32.40068961457456,,,,0.08245707788489025,0.2849218437900661,113.0,0.3008849557522124,125.49740017309185,21.73538404172602,18.681203983412114,-0.8759059468604994,0.32251584469406946,,,,0.08245707788489025,0.2849218437900661,0.9915254237288136,0.0847457627118644,118.0
16,1,2558.375,True,True,120.69364161849711,91.65317211459443,30.15665479002935,,,,0.6091824384602899,0.19866563266051993,96.0,0.4479166666666667,123.22997996285929,22.940483577965978,20.816045034798456,-0.8830818906963633,0.30939997062702207,,,,0.6091824384602899,0.22168610005575462,0.990990990990991,0.07207207207207207,111.0
16,1,2588.375,True,True,120.16689847009735,28.64798545634703,29.919597117385564,,,,1.5556068277488881,0.08578007330292875,58.0,0.3275862068965517,121.33484846713314,27.078388066655684,19.76747373638462,-0.8475595785239766,0.26509191129446585,,,,1.5556068277488881,0.08578007330292875,0.9900990099009901,0.06930693069306931,101.0
17,0,92.234375,True,True,71.23382226056945,161.33157779397652,176.56731858536065,,,,2.6555247447858887,0.3149107412263905,55.0,0.10909090909090909,73.71869658965987,170.30319386840034,130.98942278515383,-0.4670932361401756,0.04869759540505541,-0.29745894026959313,,,2.6555247447858887,0.3156388285276378,0.8490566037735849,0.49056603773584906,53.0
17,0,122.234375,True,True,63.70631839039886,172.69757853223456,145.82403244150123,,,,2.663805316306125,0.14296406050211288,53.0,0.09433962264150944,65.36301098699813,135.12415511137584,119.87866505288859,-0.3596951289683633,-0.06512973578443455,-0.2750628867237158,-0.00027858053120114834,0.15804509838873454,2.663805316306125,0.1603302720812767,0.88,0.72,50.0
17,0,152.234375,True,True,64.17344173441734,133.27195412954484,135.6168392322035,,,,2.741467590474568,0.2766313538408463,49.0,0.10204081632653061,66.07060156610815,126.588463135647,101.6888244500413,-0.39997490842679806,-0.08982130390140029,-0.3564576699092655,0.018399114058481887,0.024730761833946048,2.741467590474568,0.24999932931717303,0.8823529411764706,0.6666666666666666,51.0
17,0,182.234375,True,True,65.87562544674769,147.98479866928804,164.9899381401787,,,,2.5007883938356374,0.38425811491477835,57.0,0.15789473684210525,65.54357601794683,122.31783740235299,103.95713606701578,-0.5061597132492058,-0.1249383241386846,-0.3231169311863489,0.04036894994263443,-0.052665885344166025,2.5007883938356374,0.38425811491477835,0.7543859649122807,0.543859649122807,57.0
17,0,212.234375,True,True,63.008204193254336,123.8678336861156,154.8727567741219,,,,1.905351992577719,0.13183806943263301,58.0,0.10344827586206896,64.10705774042103,111.03280694904119,97.48346364986256,-0.5084395243064724,-0.1141376635362932,-0.2916478446397743,0.04036894994263443,-0.10217593808757566,1.905351992577719,0.13183806943263301,0.8,0.6727272727272727,55.0
17,0,242.234375,True,True,62.20913107511046,125.41361493317247,154.6467223188333,,,,1.9515743894604145,0.1880262143719713,58.0,0.034482758620689655,63.503307576461545,102.03100639376395,92.66519744727941,-0.5246885637169769,-0.0631715938361953,-0.26202132209638984,0.013336309873398032,-0.22719745809527642,1.9515743894604145,0.160257134302542,0.8103448275862069,0.6896551724137931,58.0
17,0,272.234375,True,True,61.739879414298024,116.37195928954701,158.68636238550198,,,,1.8731939206954205,0.21013312798825312,59.0,0.05084745762711865,62.7591318474351,84.22769550322958,98.46882628721556,-0.5060117540995737,-0.04010361535800518,-0.27722850933406323,0.012032706822001341,-0.12017710921022011,1.8731939206954205,0.21013312798825312,0.8181818181818182,0.6727272727272727,55.0
17,0,302.234375,True,True,62.85714285714286,122.78391221705961,152.27660652121529,,,,1.8303277386291579,0.13244092711649613,58.0,0.1206896551724138,63.340753223582524,92.14826532692557,100.41946427325823,-0.42872060338488077,-0.016570015097346052,-0.2839310775114953,0.06037276361185243,-0.027358128556087262,1.8303277386291579,0.13244092711649613,0.8490566037735849,0.6415094339622641,53.0
17,0,332.234375,True,True,65.70342205323195,170.69617902750838,159.24857117687117,,,,1.9146604408353831,0.13695180269449742,59.0,0.0847457627118644,66.75776396588088,159.97187213637037,126.87559290663533,-0.4523880248300687,0.060605119458215735,-0.2798138912320364,0.06267414757983877,-0.16314568898306717,1.9146604408353831,0.11711328886401302,0.8461538461538461,0.5961538461538461,52.0
17,0,362.234375,True,True,64.98978698570178,176.8320379649125,161.95429902545374,,,,1.8194337303667887,0.15623433529863784,61.0,0.08196721311475409,70.32972030620621,175.1938611587175,101.41320598507562,-0.5011079114483699,-0.014748177000160023,-0.27158279762765836,0.03417983353378374,-0.15262375226615393,1.8194337303667887,0.12745699227611645,0.6730769230769231,0.5384615384615384,52.0
17,0,392.234375,True,True,66.0966129927818,131.81686468120813,135.23999775038976,,,,1.8311622739962337,0.11353710549177412,63.0,0.06349206349206349,68.12642488211861,102.56183535968444,83.82499631059646,-0.36478561797617326,-0.027127566074026457,-0.3112675341193603,0.045410934689193744,0.13959940228724013,1.8311622739962337,0.10498022737085638,0.6842105263157895,0.5614035087719298,57.0
17,0,422.234375,True,True,66.88415814210671,104.61393511777928,109.02681699366671,,,,1.8585764454941227,0.09785604801151825,64.0,0.03125,66.97546739878321,84.05825216258143,77.64613825846877,-0.37457425606095035,-0.02983120005163286,-0.2546528490159603,0.022758709069920096,-0.03993975113678368,1.8585764454941227,0.09785604801151825,0.7868852459016393,0.6721311475409836,61.0
17,0,452.234375,True,True,64.26778242677824,103.05395279900718,117.75902300885483,,,,2.2917237044040197,0.19031109410764988,59.0,0.0,65.23803162223035,88.7290096371353,81.31020330138587,-0.3707856650528255,-0.05599747242300378,-0.2523944591331452,0.015547885006459544,0.04321412564457015,2.2917237044040197,0.19031109410764988,0.8709677419354839,0.6774193548387096,62.0
17,0,482.234375,True,True,66.64738212322823,127.46158297031316,142.0325646508444,,,,2.2653499459933575,0.14573506408527476,62.0,0.04838709677419355,67.05222768753595,113.06897810400582,84.55873023469513,-0.32998572138501897,-0.07926988770685299,-0.26738189742106777,0.01686689107227722,0.0629168349964071,2.2653499459933575,0.14573506408527476,0.8615384615384616,0.7230769230769231,65.0
17,0,512.234375,True,True,65.35714285714285,135.06532158405366,132.6494654411324,,,,1.747191691536684,0.16448834851198235,63.0,0.1111111111111111,65.9548375243067,116.10660305830075,95.69787048055078,-0.34106871528415134,-0.07450187489258882,-0.25285669673200023,0.009408647031453879,0.06327892872733615,1.747191691536684,0.14950835252059455,0.7777777777777778,0.7037037037037037,54.0
17,0,542.234375,True,True,65.08474576271186,180.3937659878846,150.083926630718,,,,2.40757561545679,0.22752592287228973,54.0,0.14814814814814814,63.21326126697721,114.71620170736261,108.63770590007893,-0.49440662394590196,-0.030953555030828733,-0.3112837549894119,0.024814268585245755,-0.07180834077804253,2.40757561545679,0.20378669246971964,0.7692307692307693,0.5576923076923077,52.0
17,0,572.234375,True,True,68.93044128646223,210.76654539199635,151.91914653305994,,,,2.7271747945166966,0.3522545311054686,39.0,0.10256410256410256,73.41076804805168,189.54488437601563,123.50240759125701,-0.544041899630525,0.012550658718512953,-0.27429032054854063,,,2.7271747945166966,0.30859327942201625,0.8367346938775511,0.4489795918367347,49.0
17,0,602.234375,True,True,70.35460992907802,177.3637880359224,151.4899955442603,,,,2.6129909999072543,0.2481229844781998,45.0,0.044444444444444446,79.2045397049426,179.3522860129045,110.45718418679114,-0.5020343348813603,-0.011092003330409184,-0.22799930982808633,,,2.6129909999072543,0.20379269170199912,0.7962962962962963,0.48148148148148145,54.0
17,0,632.234375,True,True,65.28,135.3780110740032,162.16983453330076,,,,2.370089182602688,0.13434886245830618,58.0,0.034482758620689655,72.28328241424622,184.90230947320327,94.28625855957641,-0.3956364498740058,-0.050549618219624504,-0.26034970597039686,-0.04923923006367662,-0.010821934720437723,2.370089182602688,0.10733685172294777,0.8214285714285714,0.5892857142857143,56.0
17,0,662.234375,True,True,65.65161290322581,164.9222733111739,164.9394850719362,,,,2.2390668178278124,0.16077836470102547,60.0,0.03333333333333333,70.38352299396084,189.0435600169692,96.77360504610486,-0.4381238600610317,-0.019851434594759444,-0.2872158537100357,0.011711954097394919,-0.02543402726810494,2.2390668178278124,0.14107418794230978,0.9107142857142857,0.5357142857142857,56.0
17,0,692.234375,True,True,65.26912181303115,168.0878321299359,167.36606547460264,,,,2.159937491349691,0.16831075785629776,58.0,0.08620689655172414,67.36881521295864,180.56270752193217,103.5962186805651,-0.3825286847128081,0.003735068062539613,-0.2426979646214087,-0.029346017630672936,-0.003683350273058504,2.159937491349691,0.1321772024494501,0.9285714285714286,0.5714285714285714,56.0
17,0,722.234375,True,True,61.480987324883245,139.044693656386,163.1489752987301,,,,2.245089515641385,0.19163939126844107,55.0,0.12727272727272726,62.93964724371768,111.40087452126856,90.0158408892373,-0.3649954045359829,0.011951200243839801,-0.22956416393380832,-0.015393414797899721,0.05683452462593538,2.245089515641385,0.14101529996500783,0.9259259259259259,0.6481481481481481,54.0
17,0,752.234375,True,True,60.87350372047881,116.35278828150231,152.25455683236385,,,,2.207750643133471,0.1848250782446143,55.0,0.07272727272727272,62.05865344852039,99.09489741669213,117.99118795145527,-0.3300505772332786,-0.003851055113553031,-0.28891086466988725,0.012807029392959919,0.051936600560062066,2.207750643133471,0.1646330849238918,0.8545454545454545,0.7090909090909091,55.0
17,0,782.234375,True,True,60.82644628099174,135.84102961214242,146.513018032955,,,,2.5109411698578237,1.0477563291020855,52.0,0.07692307692307693,61.91706665615055,144.50412432491308,126.11395866564565,-0.416602495391342,-0.018560353204950204,-0.3767124939733422,0.011063772633804085,0.024850023311055486,2.5109411698578237,0.9067040376313743,0.7592592592592593,0.6296296296296297,54.0
17,0,812.234375,True,True,59.28594403345128,137.3260952715911,142.8283459607501,,,,2.458191902124848,0.8490297934321842,53.0,0.11320754716981132,60.04411980414323,145.84760971124513,111.92055977610651,-0.6842249666549481,-0.04499418950119687,-0.34553616928902875,0.050063655776413835,0.044152476795072275,2.458191902124848,0.8490297934321842,0.6153846153846154,0.5192307692307693,52.0
17,0,842.234375,True,True,62.50877752952442,167.36278492233808,153.24903472460028,,,,2.0828716066121937,0.2704785887674484,55.0,0.09090909090909091,64.97896387637641,173.69250436866946,97.62999206612012,-0.8061123944809646,-0.006364944007581326,-0.34697503896491216,0.09285539815952094,-0.3649788229257291,2.0828716066121937,0.2516505863677865,0.6964285714285714,0.5535714285714286,56.0
17,0,872.234375,True,True,68.23633940470901,175.81752652740497,146.97872707341432,,,,2.257269306604937,0.4756403510308128,49.0,0.061224489795918366,69.54744945114325,168.3143535878024,88.38058272717188,-0.41999207005547873,-0.06644860446557732,-0.3306412566077697,0.09285539815952094,0.11814322185350964,2.257269306604937,0.42721966200151806,0.8269230769230769,0.5961538461538461,52.0
17,0,902.234375,True,True,60.42918454935622,182.2625631151917,133.3655225008014,,,,2.1365422833283656,0.5792250326614536,50.0,0.06,60.35904627063492,158.21018852698035,115.49954190832366,-0.2908545358541362,-0.04129480472622225,-0.3246505517154663,0.038631370929688415,0.06853954480910131,2.1365422833283656,0.5792250326614536,0.92,0.8,50.0
17,0,932.234375,True,True,58.99130434782609,165.19652005861835,151.01757237035082,,,,1.7061364571397135,0.20333012035121137,56.0,0.08928571428571429,60.30701123464216,161.34686091686612,129.90706195061767,-0.3746801753959851,-0.014002905336933505,-0.34401642585843384,0.04857062575294898,-0.02112504072184839,1.7061364571397135,0.17576530303205803,0.8163265306122449,0.7346938775510204,49.0
17,0,962.234375,True,True,66.32942628007403,150.09699076114734,149.3075742757584,,,,1.6758831255747473,0.1639778444320836,60.0,0.06666666666666667,65.58389632662958,125.00072642501353,109.22904206470115,-0.31406125330535195,0.026163341081348802,-0.3494050222451044,0.03677893288531111,0.023181108582712457,1.6758831255747473,0.1639778444320836,0.8070175438596491,0.7192982456140351,57.0
17,0,992.234375,True,True,68.80546075085324,124.49042880269656,139.41671451116514,,,,1.6202409462851284,0.10079613446672817,65.0,0.03076923076923077,69.73056314920704,87.83753561003645,85.03600900620386,-0.309147334921664,-0.04385520471902278,-0.3554817243948024,0.017398290392633978,0.09236258931649102,1.6202409462851284,0.09263529875882924,0.7868852459016393,0.6557377049180327,61.0
17,0,1022.234375,True,True,67.36842105263158,118.93025368650099,140.69731936708436,,,,1.6723323723686132,0.09084017647856407,64.0,0.046875,68.17126708796894,103.48391930376955,88.48293859323316,-0.26969966180559757,-0.04143586254933002,-0.3567617887384885,0.050791741855522834,0.11193331130043396,1.6723323723686132,0.0954050112037393,0.7627118644067796,0.6101694915254238,59.0
17,0,1052.234375,True,True,69.12212683467185,132.41066189477897,142.044973034623,,,,1.7513276055940958,0.11566096308200419,66.0,0.045454545454545456,69.6811160671828,97.2258190679693,87.61183456074276,-0.35770940322531686,-0.037853798074315756,-0.3433318536922065,0.06703504151485132,0.09358183719821792,1.7513276055940958,0.10413889661514263,0.75,0.59375,64.0
17,0,1082.234375,True,True,69.13975421549014,122.60898054210799,127.23619386861748,,,,1.7410066676973153,0.126908019839887,65.0,0.015384615384615385,70.13256627007495,95.95254503664651,103.62859335376399,-0.3448892362851897,-0.0388204837281883,-0.34530092916990895,0.04720497757128991,0.10773280718132858,1.7410066676973153,0.11416687545197775,0.7580645161290323,0.6451612903225806,62.0
17,0,1112.234375,True,True,62.737361282367445,130.34538626514393,145.74029770451276,,,,1.9101162715070064,0.14761396099369575,57.0,0.03508771929824561,63.811395916742896,99.42931353164266,102.89766751741823,-0.25457905285630034,-0.03888469666111835,-0.3475585442852259,0.058692726336374956,0.14840269148567287,1.9101162715070064,0.126731398621804,0.7924528301886793,0.7358490566037735,53.0
17,0,1142.234375,True,True,64.21404682274247,179.55942341871545,164.57323775735074,,,,2.5388316994041578,0.47357145937171613,49.0,0.04081632653061224,66.09314104176084,179.8565783801631,110.60552296639013,-0.38187706512656416,0.00567638441662496,-0.3423520785221987,0.05688181347306078,0.00671545484835895,2.5388316994041578,0.4053390428379865,0.8571428571428571,0.6530612244897959,49.0
17,0,1172.234375,True,True,71.85031185031185,179.95294635165334,139.03306446563667,,,,2.7523476483687026,0.25117556656989565,39.0,0.10256410256410256,79.23023719286488,157.77163941262418,119.9354032269804,-0.6983110455093382,0.1705535805428281,-0.46157050949032125,,,2.7523476483687026,0.22546362396203734,0.925,0.45,40.0
17,0,1202.234375,True,True,70.07299270072994,152.71570995867393,122.65142014657062,,,,2.5005024249211396,0.25226294362289603,53.0,0.1320754716981132,70.47074230475333,144.5158710301403,107.20318451429804,-0.6124004702221453,0.06507799436456749,-0.3940230712128926,0.0743473324506802,-0.22058038259151347,2.5005024249211396,0.25226294362289603,0.9508196721311475,0.6721311475409836,61.0
17,1,3512.234375,False,False,,,,,,,,,,,,,,,,,,,,,,,
17,1,3542.234375,False,False,,,,,,,,,,,,,,,,,,,,,,,
17,1,3572.234375,False,False,,,,,,,,,,,,,,,,,,,,,,,
17,1,3602.234375,False,False,,,,,,,,,,,,,,,,,,,,,,,
17,1,3632.234375,False,False,,,,,,,,,,,,,,,,,,,,,,,
17,1,3662.234375,False,False,,,,,,,,,,,,,,,,,,,,,,,
17,1,3692.234375,False,False,,,,,,,,,,,,,,,,,,,,,,,
17,1,3722.234375,False,False,,,,,,,,,,,,,,,,,,,,,,,
17,1,3752.234375,True,True,92.53012048192771,115.86213909047775,100.39681314307599,,,,2.3017844962782688,0.4504088424132598,48.0,0.10416666666666667,94.77734003676518,141.89574310081935,69.0966096681984,-0.7162848492326875,0.025294907696804043,-0.3944089524946033,,,2.3017844962782688,0.39972231079442483,0.9074074074074074,0.3333333333333333,54.0
17,1,3782.234375,False,False,,,,,,,,,,,,,,,,,,,,,,,
17,1,3812.234375,False,False,,,,,,,,,,,,,,,,,,,,,,,
17,1,3842.234375,True,True,86.15384615384616,136.96035200317402,130.5724076741841,,,,1.720846215841753,0.34786701588442065,60.0,0.08333333333333333,88.51083046929062,105.28028986088808,81.1146611836182,-0.6292314805359389,-0.08357187824498286,-0.35308783182393794,,,1.720846215841753,0.3165721206055262,0.8135593220338984,0.4745762711864407,59.0
17,1,3872.234375,False,True,,,,,,,,,,,104.55059880049767,100.82512457142649,51.335827818560055,-0.8570460948854716,-0.04987398225871213,-0.5144995624937777,,,2.3428955833031564,0.2789200026827074,0.8571428571428571,0.23214285714285715,56.0
17,1,3902.234375,False,False,,,,,,,,,,,,,,,,,,,,,,,
17,1,3932.234375,False,True,,,,,,,,,,,118.24859399970043,113.04124589587552,79.99044725367004,-0.8973206221993838,0.24704933565302786,,,,2.526605254884916,0.23292455817817156,0.9375,0.125,48.0
17,1,3962.234375,False,True,,,,,,,,,,,116.82462633557292,81.89542104388424,78.74863230882771,-0.8771566880601464,0.24583522139207994,,,,2.4905808417368913,0.3458041338685666,0.9444444444444444,0.09259259259259259,54.0
17,1,3992.234375,False,False,,,,,,,,,,,,,,,,,,,,,,,
17,1,4022.234375,False,False,,,,,,,,,,,,,,,,,,,,,,,
17,1,4052.234375,True,True,130.3904923599321,34.29660349390226,50.52107739709869,,,,2.2056447004209496,0.11518910415975504,54.0,0.037037037037037035,130.2849269799819,43.40794105669903,58.06207533566343,-0.7142447674102188,0.06789288969745509,,,,2.2056447004209496,0.11518910415975504,0.95,0.125,80.0
17,1,4082.234375,True,True,133.30347144456886,39.786634822310255,59.557154042995954,,,,1.9987099724216577,0.1005706775060034,102.0,0.0196078431372549,132.7581366864048,33.70755234149606,37.21759675498481,-0.7281935084960718,0.08651770698873648,,,,1.9987099724216577,0.10933841537774186,0.9537037037037037,0.07407407407407407,108.0
17,1,4112.234375,True,True,130.14470677837016,68.72108425945562,72.3447624119224,,,,1.8560056934806457,0.08736680363426529,101.0,0.039603960396039604,130.36347432375123,43.59594066237457,39.18965263473082,-0.7608833917108634,0.0994528298951968,,,,1.8560056934806457,0.09808111814720397,0.963302752293578,0.10091743119266056,109.0
17,1,4142.234375,True,True,116.29586488060572,128.2321999162167,91.92943834602377,,,,2.1295065309199197,0.24669660784707972,70.0,0.1,119.91226213033032,89.78221742113038,68.49914247376029,-0.7780875488629754,0.11814054255111066,,,,2.1295065309199197,0.21465584641809052,0.9651162790697675,0.1744186046511628,86.0
17,1,4172.234375,True,True,108.8354898336414,141.63077990154304,104.92150745806471,,,,2.1128280632282337,0.27402256455999013,62.0,0.0967741935483871,112.00095516513049,106.40640155921395,81.32290068958471,-0.6998365662739335,0.035555603995209475,-0.3517818819246033,,,2.1128280632282337,0.26554491973395306,0.9375,0.225,80.0
